episode,time,r_sum
1,49,4.799999999999999
2,50,4.899999999999999
3,50,4.899999999999999
4,50,4.899999999999999
5,50,4.899999999999999
6,50,4.899999999999999
7,50,4.899999999999999
8,50,4.899999999999999
9,50,4.899999999999999
10,50,4.899999999999999
11,50,4.899999999999999
12,50,4.899999999999999
13,50,4.899999999999999
14,50,4.899999999999999
15,50,4.899999999999999
16,50,4.899999999999999
17,50,4.899999999999999
18,50,4.899999999999999
19,50,4.899999999999999
20,50,4.899999999999999
21,50,4.899999999999999
22,50,4.899999999999999
23,50,4.899999999999999
24,50,4.899999999999999
25,50,4.899999999999999
26,50,4.899999999999999
27,50,4.899999999999999
28,50,4.899999999999999
29,50,4.899999999999999
30,50,4.899999999999999
31,50,4.899999999999999
32,50,4.899999999999999
33,50,4.899999999999999
34,50,4.899999999999999
35,50,4.899999999999999
36,50,4.899999999999999
37,50,4.899999999999999
38,50,4.899999999999999
39,50,4.899999999999999
40,50,4.899999999999999
41,50,4.899999999999999
42,50,4.899999999999999
43,50,4.899999999999999
44,50,4.899999999999999
45,50,4.899999999999999
46,50,4.899999999999999
47,50,4.899999999999999
48,50,4.899999999999999
49,50,4.899999999999999
50,50,4.899999999999999
51,50,4.899999999999999
52,50,4.899999999999999
53,50,4.899999999999999
54,50,4.899999999999999
55,50,4.899999999999999
56,50,4.899999999999999
57,50,4.899999999999999
58,50,4.899999999999999
59,50,4.899999999999999
60,50,4.899999999999999
61,50,4.899999999999999
62,50,4.899999999999999
63,50,4.899999999999999
64,50,4.899999999999999
65,50,4.899999999999999
66,50,4.899999999999999
67,50,4.899999999999999
68,50,4.899999999999999
69,50,4.899999999999999
70,50,4.899999999999999
71,50,4.899999999999999
72,50,4.899999999999999
73,50,4.899999999999999
74,50,4.899999999999999
75,50,4.899999999999999
76,50,4.899999999999999
77,50,4.899999999999999
78,50,4.899999999999999
79,50,4.899999999999999
80,50,4.899999999999999
81,50,4.899999999999999
82,50,4.899999999999999
83,50,4.899999999999999
84,50,4.899999999999999
85,50,4.899999999999999
86,50,4.899999999999999
87,50,4.899999999999999
88,50,4.899999999999999
89,50,4.899999999999999
90,50,4.899999999999999
91,50,4.899999999999999
92,50,4.899999999999999
93,50,4.899999999999999
94,50,4.899999999999999
95,50,4.899999999999999
96,50,4.899999999999999
97,50,4.899999999999999
98,50,4.899999999999999
99,50,4.899999999999999
100,50,4.899999999999999
101,50,4.899999999999999
102,50,4.899999999999999
103,50,4.899999999999999
104,50,4.899999999999999
105,50,4.899999999999999
106,50,4.899999999999999
107,50,4.899999999999999
108,50,4.899999999999999
109,50,4.899999999999999
110,50,4.899999999999999
111,50,4.899999999999999
112,50,4.899999999999999
113,50,4.899999999999999
114,50,4.899999999999999
115,50,4.899999999999999
116,50,4.899999999999999
117,50,4.899999999999999
118,50,4.899999999999999
119,50,4.899999999999999
120,50,4.899999999999999
121,50,4.899999999999999
122,50,4.899999999999999
123,50,4.899999999999999
124,50,4.899999999999999
125,50,4.899999999999999
126,50,4.899999999999999
127,50,4.899999999999999
128,50,4.899999999999999
129,50,4.899999999999999
130,50,4.899999999999999
131,50,4.899999999999999
132,50,4.899999999999999
133,50,4.899999999999999
134,50,4.899999999999999
135,50,4.899999999999999
136,50,4.899999999999999
137,50,4.899999999999999
138,50,4.899999999999999
139,50,4.899999999999999
140,50,4.899999999999999
141,50,4.899999999999999
142,50,4.899999999999999
143,50,4.899999999999999
144,50,4.899999999999999
145,50,4.899999999999999
146,50,4.899999999999999
147,50,4.899999999999999
148,50,4.899999999999999
149,50,4.899999999999999
150,50,4.899999999999999
151,50,4.899999999999999
152,50,4.899999999999999
153,50,4.899999999999999
154,50,4.899999999999999
155,50,4.899999999999999
156,50,4.899999999999999
157,50,4.899999999999999
158,50,4.899999999999999
159,50,4.899999999999999
160,50,4.899999999999999
161,50,4.899999999999999
162,50,4.899999999999999
163,50,4.899999999999999
164,50,4.899999999999999
165,50,4.899999999999999
166,50,4.899999999999999
167,50,4.899999999999999
168,50,4.899999999999999
169,50,4.899999999999999
170,50,4.899999999999999
171,50,4.899999999999999
172,50,4.899999999999999
173,50,4.899999999999999
174,50,4.899999999999999
175,50,4.899999999999999
176,50,4.899999999999999
177,50,4.899999999999999
178,50,4.899999999999999
179,50,4.899999999999999
180,50,4.899999999999999
181,50,4.899999999999999
182,50,4.899999999999999
183,50,4.899999999999999
184,50,4.899999999999999
185,50,4.899999999999999
186,50,4.899999999999999
187,50,4.899999999999999
188,50,4.899999999999999
189,50,4.899999999999999
190,50,4.899999999999999
191,50,4.899999999999999
192,50,4.899999999999999
193,50,4.899999999999999
194,50,4.899999999999999
195,50,4.899999999999999
196,50,4.899999999999999
197,50,4.899999999999999
198,50,4.899999999999999
199,50,4.899999999999999
200,50,4.899999999999999
201,50,4.899999999999999
202,50,4.899999999999999
203,50,4.899999999999999
204,50,4.899999999999999
205,50,4.899999999999999
206,50,4.899999999999999
207,50,4.899999999999999
208,50,4.899999999999999
209,50,4.899999999999999
210,50,4.899999999999999
211,50,4.899999999999999
212,50,4.899999999999999
213,50,4.899999999999999
214,50,4.899999999999999
215,50,4.899999999999999
216,50,4.899999999999999
217,50,4.899999999999999
218,50,4.899999999999999
219,50,4.899999999999999
220,50,4.899999999999999
221,50,4.899999999999999
222,50,4.899999999999999
223,50,4.899999999999999
224,50,4.899999999999999
225,50,4.899999999999999
226,50,4.899999999999999
227,50,4.899999999999999
228,50,4.899999999999999
229,50,4.899999999999999
230,50,4.899999999999999
231,50,4.899999999999999
232,50,4.899999999999999
233,50,4.899999999999999
234,50,4.899999999999999
235,50,4.899999999999999
236,50,4.899999999999999
237,50,4.899999999999999
238,50,4.899999999999999
239,50,4.899999999999999
240,50,4.899999999999999
241,50,4.899999999999999
242,50,4.899999999999999
243,50,4.899999999999999
244,50,4.899999999999999
245,50,4.899999999999999
246,50,4.899999999999999
247,50,4.899999999999999
248,50,4.899999999999999
249,50,4.899999999999999
250,50,4.899999999999999
251,50,4.899999999999999
252,50,4.899999999999999
253,50,4.899999999999999
254,50,4.899999999999999
255,50,4.899999999999999
256,50,4.899999999999999
257,50,4.899999999999999
258,50,4.899999999999999
259,50,4.899999999999999
260,50,4.899999999999999
261,50,4.899999999999999
262,50,4.899999999999999
263,50,4.899999999999999
264,50,4.899999999999999
265,50,4.899999999999999
266,50,4.899999999999999
267,50,4.899999999999999
268,50,4.899999999999999
269,50,4.899999999999999
270,50,4.899999999999999
271,50,4.899999999999999
272,50,4.899999999999999
273,50,4.899999999999999
274,50,4.899999999999999
275,50,4.899999999999999
276,50,4.899999999999999
277,50,4.899999999999999
278,50,4.899999999999999
279,50,4.899999999999999
280,50,4.899999999999999
281,50,4.899999999999999
282,50,4.899999999999999
283,50,4.899999999999999
284,50,4.899999999999999
285,50,4.899999999999999
286,50,4.899999999999999
287,50,4.899999999999999
288,50,4.899999999999999
289,50,4.899999999999999
290,50,4.899999999999999
291,50,4.899999999999999
292,50,4.899999999999999
293,50,4.899999999999999
294,50,4.899999999999999
295,50,4.899999999999999
296,50,4.899999999999999
297,50,4.899999999999999
298,50,4.899999999999999
299,50,4.899999999999999
300,50,4.899999999999999
301,50,4.899999999999999
302,50,4.899999999999999
303,50,4.899999999999999
304,50,4.899999999999999
305,50,4.899999999999999
306,50,4.899999999999999
307,50,4.899999999999999
308,50,4.899999999999999
309,50,4.899999999999999
310,50,4.899999999999999
311,50,4.899999999999999
312,50,4.899999999999999
313,50,4.899999999999999
314,50,4.899999999999999
315,50,4.899999999999999
316,50,4.899999999999999
317,50,4.899999999999999
318,50,4.899999999999999
319,50,4.899999999999999
320,50,4.899999999999999
321,50,4.899999999999999
322,50,4.899999999999999
323,50,4.899999999999999
324,50,4.899999999999999
325,50,4.899999999999999
326,50,4.899999999999999
327,50,4.899999999999999
328,50,4.899999999999999
329,50,4.899999999999999
330,50,4.899999999999999
331,50,4.899999999999999
332,50,4.899999999999999
333,50,4.899999999999999
334,50,4.899999999999999
335,50,4.899999999999999
336,50,4.899999999999999
337,50,4.899999999999999
338,50,4.899999999999999
339,50,4.899999999999999
340,50,4.899999999999999
341,50,4.899999999999999
342,50,4.899999999999999
343,50,4.899999999999999
344,50,4.899999999999999
345,50,4.899999999999999
346,50,4.899999999999999
347,50,4.899999999999999
348,50,4.899999999999999
349,50,4.899999999999999
350,50,4.899999999999999
351,50,4.899999999999999
352,50,4.899999999999999
353,50,4.899999999999999
354,50,4.899999999999999
355,50,4.899999999999999
356,50,4.899999999999999
357,50,4.899999999999999
358,50,4.899999999999999
359,50,4.899999999999999
360,50,4.899999999999999
361,50,4.899999999999999
362,50,4.899999999999999
363,50,4.899999999999999
364,50,4.899999999999999
365,50,4.899999999999999
366,50,4.899999999999999
367,50,4.899999999999999
368,50,4.899999999999999
369,50,4.899999999999999
370,50,4.899999999999999
371,50,4.899999999999999
372,50,4.899999999999999
373,50,4.899999999999999
374,50,4.899999999999999
375,50,4.899999999999999
376,50,4.899999999999999
377,50,4.899999999999999
378,50,4.899999999999999
379,50,4.899999999999999
380,50,4.899999999999999
381,50,4.899999999999999
382,50,4.899999999999999
383,50,4.899999999999999
384,50,4.899999999999999
385,50,4.899999999999999
386,50,4.899999999999999
387,50,4.899999999999999
388,50,4.899999999999999
389,50,4.899999999999999
390,50,4.899999999999999
391,50,4.899999999999999
392,50,4.899999999999999
393,50,4.899999999999999
394,50,4.899999999999999
395,50,4.899999999999999
396,50,4.899999999999999
397,50,4.899999999999999
398,50,4.899999999999999
399,50,4.899999999999999
400,50,4.899999999999999
401,50,4.899999999999999
402,50,4.899999999999999
403,50,4.899999999999999
404,50,4.899999999999999
405,50,4.899999999999999
406,50,4.899999999999999
407,50,4.899999999999999
408,50,4.899999999999999
409,50,4.899999999999999
410,50,4.899999999999999
411,50,4.899999999999999
412,50,4.899999999999999
413,50,4.899999999999999
414,50,4.899999999999999
415,50,4.899999999999999
416,50,4.899999999999999
417,50,4.899999999999999
418,50,4.899999999999999
419,50,4.899999999999999
420,50,4.899999999999999
421,50,4.899999999999999
422,50,4.899999999999999
423,50,4.899999999999999
424,50,4.899999999999999
425,50,4.899999999999999
426,50,4.899999999999999
427,50,4.899999999999999
428,50,4.899999999999999
429,50,4.899999999999999
430,50,4.899999999999999
431,50,4.899999999999999
432,50,4.899999999999999
433,50,4.899999999999999
434,50,4.899999999999999
435,50,4.899999999999999
436,50,4.899999999999999
437,50,4.899999999999999
438,50,4.899999999999999
439,50,4.899999999999999
440,50,4.899999999999999
441,50,4.899999999999999
442,50,4.899999999999999
443,50,4.899999999999999
444,50,4.899999999999999
445,50,4.899999999999999
446,50,4.899999999999999
447,50,4.899999999999999
448,50,4.899999999999999
449,50,4.899999999999999
450,50,4.899999999999999
451,50,4.899999999999999
452,50,4.899999999999999
453,50,4.899999999999999
454,50,4.899999999999999
455,50,4.899999999999999
456,50,4.899999999999999
457,50,4.899999999999999
458,50,4.899999999999999
459,50,4.899999999999999
460,50,4.899999999999999
461,50,4.899999999999999
462,50,4.899999999999999
463,50,4.899999999999999
464,50,4.899999999999999
465,50,4.899999999999999
466,50,4.899999999999999
467,50,4.899999999999999
468,50,4.899999999999999
469,50,4.899999999999999
470,50,4.899999999999999
471,50,4.899999999999999
472,50,4.899999999999999
473,50,4.899999999999999
474,50,4.899999999999999
475,50,4.899999999999999
476,50,4.899999999999999
477,50,4.899999999999999
478,50,4.899999999999999
479,50,4.899999999999999
480,50,4.899999999999999
481,50,4.899999999999999
482,50,4.899999999999999
483,50,4.899999999999999
484,50,4.899999999999999
485,50,4.899999999999999
486,50,4.899999999999999
487,50,4.899999999999999
488,50,4.899999999999999
489,50,4.899999999999999
490,50,4.899999999999999
491,50,4.899999999999999
492,50,4.899999999999999
493,50,4.899999999999999
494,50,4.899999999999999
495,50,4.899999999999999
496,50,4.899999999999999
497,50,4.899999999999999
498,50,4.899999999999999
499,50,4.899999999999999
500,50,4.899999999999999
501,50,4.899999999999999
502,50,4.899999999999999
503,50,4.899999999999999
504,50,4.899999999999999
505,50,4.899999999999999
506,50,4.899999999999999
507,50,4.899999999999999
508,50,4.899999999999999
509,50,4.899999999999999
510,50,4.899999999999999
511,50,4.899999999999999
512,50,4.899999999999999
513,50,4.899999999999999
514,50,4.899999999999999
515,50,4.899999999999999
516,50,4.899999999999999
517,50,4.899999999999999
518,50,4.899999999999999
519,50,4.899999999999999
520,50,4.899999999999999
521,50,4.899999999999999
522,50,4.899999999999999
523,50,4.899999999999999
524,50,4.899999999999999
525,50,4.899999999999999
526,50,4.899999999999999
527,50,4.899999999999999
528,50,4.899999999999999
529,50,4.899999999999999
530,50,4.899999999999999
531,50,4.899999999999999
532,50,4.899999999999999
533,50,4.899999999999999
534,50,4.899999999999999
535,50,4.899999999999999
536,50,4.899999999999999
537,50,4.899999999999999
538,50,4.899999999999999
539,50,4.899999999999999
540,50,4.899999999999999
541,50,4.899999999999999
542,50,4.899999999999999
543,50,4.899999999999999
544,50,4.899999999999999
545,50,4.899999999999999
546,50,4.899999999999999
547,50,4.899999999999999
548,50,4.899999999999999
549,50,4.899999999999999
550,50,4.899999999999999
551,50,4.899999999999999
552,50,4.899999999999999
553,50,4.899999999999999
554,50,4.899999999999999
555,50,4.899999999999999
556,50,4.899999999999999
557,50,4.899999999999999
558,50,4.899999999999999
559,50,4.899999999999999
560,50,4.899999999999999
561,50,4.899999999999999
562,50,4.899999999999999
563,50,4.899999999999999
564,50,4.899999999999999
565,50,4.899999999999999
566,50,4.899999999999999
567,50,4.899999999999999
568,50,4.899999999999999
569,50,4.899999999999999
570,50,4.899999999999999
571,50,4.899999999999999
572,50,4.899999999999999
573,50,4.899999999999999
574,50,4.899999999999999
575,50,4.899999999999999
576,50,4.899999999999999
577,50,4.899999999999999
578,50,4.899999999999999
579,50,4.899999999999999
580,50,4.899999999999999
581,50,4.899999999999999
582,50,4.899999999999999
583,50,4.899999999999999
584,50,4.899999999999999
585,50,4.899999999999999
586,50,4.899999999999999
587,50,4.899999999999999
588,50,4.899999999999999
589,50,4.899999999999999
590,50,4.899999999999999
591,50,4.899999999999999
592,50,4.899999999999999
593,50,4.899999999999999
594,50,4.899999999999999
595,50,4.899999999999999
596,50,4.899999999999999
597,50,4.899999999999999
598,50,4.899999999999999
599,50,4.899999999999999
600,50,4.899999999999999
601,50,4.899999999999999
602,50,4.899999999999999
603,50,4.899999999999999
604,50,4.899999999999999
605,50,4.899999999999999
606,50,4.899999999999999
607,50,4.899999999999999
608,50,4.899999999999999
609,50,4.899999999999999
610,50,4.899999999999999
611,50,4.899999999999999
612,50,4.899999999999999
613,50,4.899999999999999
614,50,4.899999999999999
615,50,4.899999999999999
616,50,4.899999999999999
617,50,4.899999999999999
618,50,4.899999999999999
619,50,4.899999999999999
620,50,4.899999999999999
621,50,4.899999999999999
622,50,4.899999999999999
623,50,4.899999999999999
624,50,4.899999999999999
625,50,4.899999999999999
626,50,4.899999999999999
627,50,4.899999999999999
628,50,4.899999999999999
629,50,4.899999999999999
630,50,4.899999999999999
631,50,4.899999999999999
632,50,4.899999999999999
633,50,4.899999999999999
634,50,4.899999999999999
635,50,4.899999999999999
636,50,4.899999999999999
637,50,4.899999999999999
638,50,4.899999999999999
639,50,4.899999999999999
640,50,4.899999999999999
641,50,4.899999999999999
642,50,4.899999999999999
643,50,4.899999999999999
644,50,4.899999999999999
645,50,4.899999999999999
646,50,4.899999999999999
647,50,4.899999999999999
648,50,4.899999999999999
649,50,4.899999999999999
650,50,4.899999999999999
651,50,4.899999999999999
652,50,4.899999999999999
653,50,4.899999999999999
654,50,4.899999999999999
655,50,4.899999999999999
656,50,4.899999999999999
657,50,4.899999999999999
658,50,4.899999999999999
659,50,4.899999999999999
660,50,4.899999999999999
661,50,4.899999999999999
662,50,4.899999999999999
663,50,4.899999999999999
664,50,4.899999999999999
665,50,4.899999999999999
666,50,4.899999999999999
667,50,4.899999999999999
668,50,4.899999999999999
669,50,4.899999999999999
670,50,4.899999999999999
671,50,4.899999999999999
672,50,4.899999999999999
673,50,4.899999999999999
674,50,4.899999999999999
675,50,4.899999999999999
676,50,4.899999999999999
677,50,4.899999999999999
678,50,4.899999999999999
679,50,4.899999999999999
680,50,4.899999999999999
681,50,4.899999999999999
682,50,4.899999999999999
683,50,4.899999999999999
684,50,4.899999999999999
685,50,4.899999999999999
686,50,4.899999999999999
687,50,4.899999999999999
688,50,4.899999999999999
689,50,4.899999999999999
690,50,4.899999999999999
691,50,4.899999999999999
692,50,4.899999999999999
693,50,4.899999999999999
694,50,4.899999999999999
695,50,4.899999999999999
696,50,4.899999999999999
697,50,4.899999999999999
698,50,4.899999999999999
699,50,4.899999999999999
700,50,4.899999999999999
701,50,4.899999999999999
702,50,4.899999999999999
703,50,4.899999999999999
704,50,4.899999999999999
705,50,4.899999999999999
706,50,4.899999999999999
707,50,4.899999999999999
708,50,4.899999999999999
709,50,4.899999999999999
710,50,4.899999999999999
711,50,4.899999999999999
712,50,4.899999999999999
713,50,4.899999999999999
714,50,4.899999999999999
715,50,4.899999999999999
716,50,4.899999999999999
717,50,4.899999999999999
718,50,4.899999999999999
719,50,4.899999999999999
720,50,4.899999999999999
721,50,4.899999999999999
722,50,4.899999999999999
723,50,4.899999999999999
724,50,4.899999999999999
725,50,4.899999999999999
726,50,4.899999999999999
727,50,4.899999999999999
728,50,4.899999999999999
729,50,4.899999999999999
730,50,4.899999999999999
731,50,4.899999999999999
732,50,4.899999999999999
733,50,4.899999999999999
734,50,4.899999999999999
735,50,4.899999999999999
736,50,4.899999999999999
737,50,4.899999999999999
738,50,4.899999999999999
739,50,4.899999999999999
740,50,4.899999999999999
741,50,4.899999999999999
742,50,4.899999999999999
743,50,4.899999999999999
744,50,4.899999999999999
745,50,4.899999999999999
746,50,4.899999999999999
747,50,4.899999999999999
748,50,4.899999999999999
749,50,4.899999999999999
750,50,4.899999999999999
751,50,4.899999999999999
752,50,4.899999999999999
753,50,4.899999999999999
754,50,4.899999999999999
755,50,4.899999999999999
756,50,4.899999999999999
757,50,4.899999999999999
758,50,4.899999999999999
759,50,4.899999999999999
760,50,4.899999999999999
761,50,4.899999999999999
762,50,4.899999999999999
763,50,4.899999999999999
764,50,4.899999999999999
765,50,4.899999999999999
766,50,4.899999999999999
767,50,4.899999999999999
768,50,4.899999999999999
769,50,4.899999999999999
770,50,4.899999999999999
771,50,4.899999999999999
772,50,4.899999999999999
773,50,4.899999999999999
774,50,4.899999999999999
775,50,4.899999999999999
776,50,4.899999999999999
777,50,4.899999999999999
778,50,4.899999999999999
779,50,4.899999999999999
780,50,4.899999999999999
781,50,4.899999999999999
782,50,4.899999999999999
783,50,4.899999999999999
784,50,4.899999999999999
785,50,4.899999999999999
786,50,4.899999999999999
787,50,4.899999999999999
788,50,4.899999999999999
789,50,4.899999999999999
790,50,4.899999999999999
791,50,4.899999999999999
792,50,4.899999999999999
793,50,4.899999999999999
794,50,4.899999999999999
795,50,4.899999999999999
796,50,4.899999999999999
797,50,4.899999999999999
798,50,4.899999999999999
799,50,4.899999999999999
800,50,4.899999999999999
801,50,4.899999999999999
802,50,4.899999999999999
803,50,4.899999999999999
804,50,4.899999999999999
805,50,4.899999999999999
806,50,4.899999999999999
807,50,4.899999999999999
808,50,4.899999999999999
809,50,4.899999999999999
810,50,4.899999999999999
811,50,4.899999999999999
812,50,4.899999999999999
813,50,4.899999999999999
814,50,4.899999999999999
815,50,4.899999999999999
816,50,4.899999999999999
817,50,4.899999999999999
818,50,4.899999999999999
819,50,4.899999999999999
820,50,4.899999999999999
821,50,4.899999999999999
822,50,4.899999999999999
823,50,4.899999999999999
824,50,4.899999999999999
825,50,4.899999999999999
826,50,4.899999999999999
827,50,4.899999999999999
828,50,4.899999999999999
829,50,4.899999999999999
830,50,4.899999999999999
831,50,4.899999999999999
832,50,4.899999999999999
833,50,4.899999999999999
834,50,4.899999999999999
835,50,4.899999999999999
836,50,4.899999999999999
837,50,4.899999999999999
838,50,4.899999999999999
839,50,4.899999999999999
840,50,4.899999999999999
841,50,4.899999999999999
842,50,4.899999999999999
843,50,4.899999999999999
844,50,4.899999999999999
845,50,4.899999999999999
846,50,4.899999999999999
847,50,4.899999999999999
848,50,4.899999999999999
849,50,4.899999999999999
850,50,4.899999999999999
851,50,4.899999999999999
852,50,4.899999999999999
853,50,4.899999999999999
854,50,4.899999999999999
855,50,4.899999999999999
856,50,4.899999999999999
857,50,4.899999999999999
858,50,4.899999999999999
859,50,4.899999999999999
860,50,4.899999999999999
861,50,4.899999999999999
862,50,4.899999999999999
863,50,4.899999999999999
864,50,4.899999999999999
865,50,4.899999999999999
866,50,4.899999999999999
867,50,4.899999999999999
868,50,4.899999999999999
869,50,4.899999999999999
870,50,4.899999999999999
871,50,4.899999999999999
872,50,4.899999999999999
873,50,4.899999999999999
874,50,4.899999999999999
875,50,4.899999999999999
876,50,4.899999999999999
877,50,4.899999999999999
878,50,4.899999999999999
879,50,4.899999999999999
880,50,4.899999999999999
881,50,4.899999999999999
882,50,4.899999999999999
883,50,4.899999999999999
884,50,4.899999999999999
885,50,4.899999999999999
886,50,4.899999999999999
887,50,4.899999999999999
888,50,4.899999999999999
889,50,4.899999999999999
890,50,4.899999999999999
891,50,4.899999999999999
892,50,4.899999999999999
893,50,4.899999999999999
894,50,4.899999999999999
895,50,4.899999999999999
896,50,4.899999999999999
897,50,4.899999999999999
898,50,4.899999999999999
899,50,4.899999999999999
900,50,4.899999999999999
901,50,4.899999999999999
902,50,4.899999999999999
903,50,4.899999999999999
904,50,4.899999999999999
905,50,4.899999999999999
906,50,4.899999999999999
907,50,4.899999999999999
908,50,4.899999999999999
909,50,4.899999999999999
910,50,4.899999999999999
911,50,4.899999999999999
912,50,4.899999999999999
913,50,4.899999999999999
914,50,4.899999999999999
915,50,4.899999999999999
916,50,4.899999999999999
917,50,4.899999999999999
918,50,4.899999999999999
919,50,4.899999999999999
920,50,4.899999999999999
921,50,4.899999999999999
922,50,4.899999999999999
923,50,4.899999999999999
924,50,4.899999999999999
925,50,4.899999999999999
926,50,4.899999999999999
927,50,4.899999999999999
928,50,4.899999999999999
929,50,4.899999999999999
930,50,4.899999999999999
931,50,4.899999999999999
932,50,4.899999999999999
933,50,4.899999999999999
934,50,4.899999999999999
935,50,4.899999999999999
936,50,4.899999999999999
937,50,4.899999999999999
938,50,4.899999999999999
939,50,4.899999999999999
940,50,4.899999999999999
941,50,4.899999999999999
942,50,4.899999999999999
943,50,4.899999999999999
944,50,4.899999999999999
945,50,4.899999999999999
946,50,4.899999999999999
947,50,4.899999999999999
948,50,4.899999999999999
949,50,4.899999999999999
950,50,4.899999999999999
951,50,4.899999999999999
952,50,4.899999999999999
953,50,4.899999999999999
954,50,4.899999999999999
955,50,4.899999999999999
956,50,4.899999999999999
957,50,4.899999999999999
958,50,4.899999999999999
959,50,4.899999999999999
960,50,4.899999999999999
961,50,4.899999999999999
962,50,4.899999999999999
963,50,4.899999999999999
964,50,4.899999999999999
965,50,4.899999999999999
966,50,4.899999999999999
967,50,4.899999999999999
968,50,4.899999999999999
969,50,4.899999999999999
970,50,4.899999999999999
971,50,4.899999999999999
972,50,4.899999999999999
973,50,4.899999999999999
974,50,4.899999999999999
975,50,4.899999999999999
976,50,4.899999999999999
977,50,4.899999999999999
978,50,4.899999999999999
979,50,4.899999999999999
980,50,4.899999999999999
981,50,4.899999999999999
982,50,4.899999999999999
983,50,4.899999999999999
984,50,4.899999999999999
985,50,4.899999999999999
986,50,4.899999999999999
987,50,4.899999999999999
988,50,4.899999999999999
989,50,4.899999999999999
990,50,4.899999999999999
991,50,4.899999999999999
992,50,4.899999999999999
993,50,4.899999999999999
994,50,4.899999999999999
995,50,4.899999999999999
996,50,4.899999999999999
997,50,4.899999999999999
998,50,4.899999999999999
999,50,4.899999999999999
1000,50,4.899999999999999
1001,50,4.899999999999999
1002,50,4.899999999999999
1003,50,4.899999999999999
1004,50,4.899999999999999
1005,50,4.899999999999999
1006,50,4.899999999999999
1007,50,4.899999999999999
1008,50,4.899999999999999
1009,50,4.899999999999999
1010,50,4.899999999999999
1011,50,4.899999999999999
1012,50,4.899999999999999
1013,50,4.899999999999999
1014,50,4.899999999999999
1015,50,4.899999999999999
1016,50,4.899999999999999
1017,50,4.899999999999999
1018,50,4.899999999999999
1019,50,4.899999999999999
1020,50,4.899999999999999
1021,50,4.899999999999999
1022,50,4.899999999999999
1023,50,4.899999999999999
1024,50,4.899999999999999
1025,50,4.899999999999999
1026,50,4.899999999999999
1027,50,4.899999999999999
1028,50,4.899999999999999
1029,50,4.899999999999999
1030,50,4.899999999999999
1031,50,4.899999999999999
1032,50,4.899999999999999
1033,50,4.899999999999999
1034,50,4.899999999999999
1035,50,4.899999999999999
1036,50,4.899999999999999
1037,50,4.899999999999999
1038,50,4.899999999999999
1039,50,4.899999999999999
1040,50,4.899999999999999
1041,50,4.899999999999999
1042,50,4.899999999999999
1043,50,4.899999999999999
1044,50,4.899999999999999
1045,50,4.899999999999999
1046,50,4.899999999999999
1047,50,4.899999999999999
1048,50,4.899999999999999
1049,50,4.899999999999999
1050,50,4.899999999999999
1051,50,4.899999999999999
1052,50,4.899999999999999
1053,50,4.899999999999999
1054,50,4.899999999999999
1055,50,4.899999999999999
1056,50,4.899999999999999
1057,50,4.899999999999999
1058,50,4.899999999999999
1059,50,4.899999999999999
1060,50,4.899999999999999
1061,50,4.899999999999999
1062,50,4.899999999999999
1063,50,4.899999999999999
1064,50,4.899999999999999
1065,50,4.899999999999999
1066,50,4.899999999999999
1067,50,4.899999999999999
1068,50,4.899999999999999
1069,50,4.899999999999999
1070,50,4.899999999999999
1071,50,4.899999999999999
1072,50,4.899999999999999
1073,50,4.899999999999999
1074,50,4.899999999999999
1075,50,4.899999999999999
1076,50,4.899999999999999
1077,50,4.899999999999999
1078,50,4.899999999999999
1079,50,4.899999999999999
1080,50,4.899999999999999
1081,50,4.899999999999999
1082,50,4.899999999999999
1083,50,4.899999999999999
1084,50,4.899999999999999
1085,50,4.899999999999999
1086,50,4.899999999999999
1087,50,4.899999999999999
1088,50,4.899999999999999
1089,50,4.899999999999999
1090,50,4.899999999999999
1091,50,4.899999999999999
1092,50,4.899999999999999
1093,50,4.899999999999999
1094,50,4.899999999999999
1095,50,4.899999999999999
1096,50,4.899999999999999
1097,50,4.899999999999999
1098,50,4.899999999999999
1099,50,4.899999999999999
1100,50,4.899999999999999
1101,50,4.899999999999999
1102,50,4.899999999999999
1103,50,4.899999999999999
1104,50,4.899999999999999
1105,50,4.899999999999999
1106,50,4.899999999999999
1107,50,4.899999999999999
1108,50,4.899999999999999
1109,50,4.899999999999999
1110,50,4.899999999999999
1111,50,4.899999999999999
1112,50,4.899999999999999
1113,50,4.899999999999999
1114,50,4.899999999999999
1115,50,4.899999999999999
1116,50,4.899999999999999
1117,50,4.899999999999999
1118,50,4.899999999999999
1119,50,4.899999999999999
1120,50,4.899999999999999
1121,50,4.899999999999999
1122,50,4.899999999999999
1123,50,4.899999999999999
1124,50,4.899999999999999
1125,50,4.899999999999999
1126,50,4.899999999999999
1127,50,4.899999999999999
1128,50,4.899999999999999
1129,50,4.899999999999999
1130,50,4.899999999999999
1131,50,4.899999999999999
1132,50,4.899999999999999
1133,50,4.899999999999999
1134,50,4.899999999999999
1135,50,4.899999999999999
1136,50,4.899999999999999
1137,50,4.899999999999999
1138,50,4.899999999999999
1139,50,4.899999999999999
1140,50,4.899999999999999
1141,50,4.899999999999999
1142,50,4.899999999999999
1143,50,4.899999999999999
1144,50,4.899999999999999
1145,50,4.899999999999999
1146,50,4.899999999999999
1147,50,4.899999999999999
1148,50,4.899999999999999
1149,50,4.899999999999999
1150,50,4.899999999999999
1151,50,4.899999999999999
1152,50,4.899999999999999
1153,50,4.899999999999999
1154,50,4.899999999999999
1155,50,4.899999999999999
1156,50,4.899999999999999
1157,50,4.899999999999999
1158,50,4.899999999999999
1159,50,4.899999999999999
1160,50,4.899999999999999
1161,50,4.899999999999999
1162,50,4.899999999999999
1163,50,4.899999999999999
1164,50,4.899999999999999
1165,50,4.899999999999999
1166,50,4.899999999999999
1167,50,4.899999999999999
1168,50,4.899999999999999
1169,50,4.899999999999999
1170,50,4.899999999999999
1171,50,4.899999999999999
1172,50,4.899999999999999
1173,50,4.899999999999999
1174,50,4.899999999999999
1175,50,4.899999999999999
1176,50,4.899999999999999
1177,50,4.899999999999999
1178,50,4.899999999999999
1179,50,4.899999999999999
1180,50,4.899999999999999
1181,50,4.899999999999999
1182,50,4.899999999999999
1183,50,4.899999999999999
1184,50,4.899999999999999
1185,50,4.899999999999999
1186,50,4.899999999999999
1187,50,4.899999999999999
1188,50,4.899999999999999
1189,50,4.899999999999999
1190,50,4.899999999999999
1191,50,4.899999999999999
1192,50,4.899999999999999
1193,50,4.899999999999999
1194,50,4.899999999999999
1195,50,4.899999999999999
1196,50,4.899999999999999
1197,50,4.899999999999999
1198,50,4.899999999999999
1199,50,4.899999999999999
1200,50,4.899999999999999
1201,50,4.899999999999999
1202,50,4.899999999999999
1203,50,4.899999999999999
1204,50,4.899999999999999
1205,50,4.899999999999999
1206,50,4.899999999999999
1207,50,4.899999999999999
1208,50,4.899999999999999
1209,50,4.899999999999999
1210,50,4.899999999999999
1211,50,4.899999999999999
1212,50,4.899999999999999
1213,50,4.899999999999999
1214,50,4.899999999999999
1215,50,4.899999999999999
1216,50,4.899999999999999
1217,50,4.899999999999999
1218,50,4.899999999999999
1219,50,4.899999999999999
1220,50,4.899999999999999
1221,50,4.899999999999999
1222,50,4.899999999999999
1223,50,4.899999999999999
1224,50,4.899999999999999
1225,50,4.899999999999999
1226,50,4.899999999999999
1227,50,4.899999999999999
1228,50,4.899999999999999
1229,50,4.899999999999999
1230,50,4.899999999999999
1231,50,4.899999999999999
1232,50,4.899999999999999
1233,50,4.899999999999999
1234,50,4.899999999999999
1235,50,4.899999999999999
1236,50,4.899999999999999
1237,50,4.899999999999999
1238,50,4.899999999999999
1239,50,4.899999999999999
1240,50,4.899999999999999
1241,50,4.899999999999999
1242,50,4.899999999999999
1243,50,4.899999999999999
1244,50,4.899999999999999
1245,50,4.899999999999999
1246,50,4.899999999999999
1247,50,4.899999999999999
1248,50,4.899999999999999
1249,50,4.899999999999999
1250,50,4.899999999999999
1251,50,4.899999999999999
1252,50,4.899999999999999
1253,50,4.899999999999999
1254,50,4.899999999999999
1255,50,4.899999999999999
1256,50,4.899999999999999
1257,50,4.899999999999999
1258,50,4.899999999999999
1259,50,4.899999999999999
1260,50,4.899999999999999
1261,50,4.899999999999999
1262,50,4.899999999999999
1263,50,4.899999999999999
1264,50,4.899999999999999
1265,50,4.899999999999999
1266,50,4.899999999999999
1267,50,4.899999999999999
1268,50,4.899999999999999
1269,50,4.899999999999999
1270,50,4.899999999999999
1271,50,4.899999999999999
1272,50,4.899999999999999
1273,50,4.899999999999999
1274,50,4.899999999999999
1275,50,4.899999999999999
1276,50,4.899999999999999
1277,50,4.899999999999999
1278,50,4.899999999999999
1279,50,4.899999999999999
1280,50,4.899999999999999
1281,50,4.899999999999999
1282,50,4.899999999999999
1283,50,4.899999999999999
1284,50,4.899999999999999
1285,50,4.899999999999999
1286,50,4.899999999999999
1287,50,4.899999999999999
1288,50,4.899999999999999
1289,50,4.899999999999999
1290,50,4.899999999999999
1291,50,4.899999999999999
1292,50,4.899999999999999
1293,50,4.899999999999999
1294,50,4.899999999999999
1295,50,4.899999999999999
1296,50,4.899999999999999
1297,50,4.899999999999999
1298,50,4.899999999999999
1299,50,4.899999999999999
1300,50,4.899999999999999
1301,50,4.899999999999999
1302,50,4.899999999999999
1303,50,4.899999999999999
1304,50,4.899999999999999
1305,50,4.899999999999999
1306,50,4.899999999999999
1307,50,4.899999999999999
1308,50,4.899999999999999
1309,50,4.899999999999999
1310,50,4.899999999999999
1311,50,4.899999999999999
1312,50,4.899999999999999
1313,50,4.899999999999999
1314,50,4.899999999999999
1315,50,4.899999999999999
1316,50,4.899999999999999
1317,50,4.899999999999999
1318,50,4.899999999999999
1319,50,4.899999999999999
1320,50,4.899999999999999
1321,50,4.899999999999999
1322,50,4.899999999999999
1323,50,4.899999999999999
1324,50,4.899999999999999
1325,50,4.899999999999999
1326,50,4.899999999999999
1327,50,4.899999999999999
1328,50,4.899999999999999
1329,50,4.899999999999999
1330,50,4.899999999999999
1331,50,4.899999999999999
1332,50,4.899999999999999
1333,50,4.899999999999999
1334,50,4.899999999999999
1335,50,4.899999999999999
1336,50,4.899999999999999
1337,51,4.999999999999998
1338,50,4.899999999999999
1339,50,4.899999999999999
1340,50,4.899999999999999
1341,50,4.899999999999999
1342,50,4.899999999999999
1343,50,4.899999999999999
1344,50,4.899999999999999
1345,50,4.899999999999999
1346,50,4.899999999999999
1347,50,4.899999999999999
1348,50,4.899999999999999
1349,50,4.899999999999999
1350,50,4.899999999999999
1351,50,4.899999999999999
1352,50,4.899999999999999
1353,50,4.899999999999999
1354,50,4.899999999999999
1355,50,4.899999999999999
1356,50,4.899999999999999
1357,50,4.899999999999999
1358,50,4.899999999999999
1359,50,4.899999999999999
1360,50,4.899999999999999
1361,50,4.899999999999999
1362,50,4.899999999999999
1363,50,4.899999999999999
1364,50,4.899999999999999
1365,50,4.899999999999999
1366,50,4.899999999999999
1367,50,4.899999999999999
1368,50,4.899999999999999
1369,50,4.899999999999999
1370,50,4.899999999999999
1371,50,4.899999999999999
1372,50,4.899999999999999
1373,50,4.899999999999999
1374,50,4.899999999999999
1375,50,4.899999999999999
1376,50,4.899999999999999
1377,50,4.899999999999999
1378,50,4.899999999999999
1379,50,4.899999999999999
1380,50,4.899999999999999
1381,50,4.899999999999999
1382,50,4.899999999999999
1383,50,4.899999999999999
1384,50,4.899999999999999
1385,50,4.899999999999999
1386,50,4.899999999999999
1387,50,4.899999999999999
1388,50,4.899999999999999
1389,50,4.899999999999999
1390,50,4.899999999999999
1391,50,4.899999999999999
1392,50,4.899999999999999
1393,50,4.899999999999999
1394,50,4.899999999999999
1395,50,4.899999999999999
1396,50,4.899999999999999
1397,50,4.899999999999999
1398,50,4.899999999999999
1399,50,4.899999999999999
1400,50,4.899999999999999
1401,50,4.899999999999999
1402,50,4.899999999999999
1403,50,4.899999999999999
1404,50,4.899999999999999
1405,50,4.899999999999999
1406,50,4.899999999999999
1407,50,4.899999999999999
1408,50,4.899999999999999
1409,50,4.899999999999999
1410,50,4.899999999999999
1411,50,4.899999999999999
1412,50,4.899999999999999
1413,50,4.899999999999999
1414,50,4.899999999999999
1415,50,4.899999999999999
1416,50,4.899999999999999
1417,50,4.899999999999999
1418,50,4.899999999999999
1419,50,4.899999999999999
1420,50,4.899999999999999
1421,50,4.899999999999999
1422,50,4.899999999999999
1423,50,4.899999999999999
1424,50,4.899999999999999
1425,50,4.899999999999999
1426,50,4.899999999999999
1427,50,4.899999999999999
1428,50,4.899999999999999
1429,50,4.899999999999999
1430,50,4.899999999999999
1431,50,4.899999999999999
1432,50,4.899999999999999
1433,50,4.899999999999999
1434,50,4.899999999999999
1435,50,4.899999999999999
1436,50,4.899999999999999
1437,50,4.899999999999999
1438,50,4.899999999999999
1439,50,4.899999999999999
1440,50,4.899999999999999
1441,50,4.899999999999999
1442,50,4.899999999999999
1443,50,4.899999999999999
1444,50,4.899999999999999
1445,50,4.899999999999999
1446,50,4.899999999999999
1447,50,4.899999999999999
1448,50,4.899999999999999
1449,50,4.899999999999999
1450,50,4.899999999999999
1451,50,4.899999999999999
1452,50,4.899999999999999
1453,50,4.899999999999999
1454,50,4.899999999999999
1455,50,4.899999999999999
1456,50,4.899999999999999
1457,50,4.899999999999999
1458,50,4.899999999999999
1459,50,4.899999999999999
1460,50,4.899999999999999
1461,50,4.899999999999999
1462,50,4.899999999999999
1463,50,4.899999999999999
1464,50,4.899999999999999
1465,50,4.899999999999999
1466,50,4.899999999999999
1467,50,4.899999999999999
1468,50,4.899999999999999
1469,50,4.899999999999999
1470,50,4.899999999999999
1471,50,4.899999999999999
1472,50,4.899999999999999
1473,50,4.899999999999999
1474,50,4.899999999999999
1475,50,4.899999999999999
1476,50,4.899999999999999
1477,50,4.899999999999999
1478,50,4.899999999999999
1479,50,4.899999999999999
1480,50,4.899999999999999
1481,54,5.299999999999997
1482,50,4.899999999999999
1483,50,4.899999999999999
1484,50,4.899999999999999
1485,50,4.899999999999999
1486,50,4.899999999999999
1487,52,5.099999999999998
1488,50,4.899999999999999
1489,50,4.899999999999999
1490,50,4.899999999999999
1491,50,4.899999999999999
1492,50,4.899999999999999
1493,50,4.899999999999999
1494,50,4.899999999999999
1495,50,4.899999999999999
1496,50,4.899999999999999
1497,50,4.899999999999999
1498,50,4.899999999999999
1499,50,4.899999999999999
1500,50,4.899999999999999
1501,50,4.899999999999999
1502,50,4.899999999999999
1503,50,4.899999999999999
1504,50,4.899999999999999
1505,50,4.899999999999999
1506,50,4.899999999999999
1507,50,4.899999999999999
1508,50,4.899999999999999
1509,50,4.899999999999999
1510,50,4.899999999999999
1511,50,4.899999999999999
1512,50,4.899999999999999
1513,50,4.899999999999999
1514,50,4.899999999999999
1515,50,4.899999999999999
1516,50,4.899999999999999
1517,50,4.899999999999999
1518,50,4.899999999999999
1519,50,4.899999999999999
1520,50,4.899999999999999
1521,50,4.899999999999999
1522,50,4.899999999999999
1523,50,4.899999999999999
1524,50,4.899999999999999
1525,50,4.899999999999999
1526,50,4.899999999999999
1527,50,4.899999999999999
1528,50,4.899999999999999
1529,50,4.899999999999999
1530,50,4.899999999999999
1531,50,4.899999999999999
1532,50,4.899999999999999
1533,50,4.899999999999999
1534,50,4.899999999999999
1535,50,4.899999999999999
1536,50,4.899999999999999
1537,50,4.899999999999999
1538,50,4.899999999999999
1539,50,4.899999999999999
1540,50,4.899999999999999
1541,50,4.899999999999999
1542,50,4.899999999999999
1543,50,4.899999999999999
1544,50,4.899999999999999
1545,50,4.899999999999999
1546,50,4.899999999999999
1547,50,4.899999999999999
1548,50,4.899999999999999
1549,50,4.899999999999999
1550,50,4.899999999999999
1551,50,4.899999999999999
1552,50,4.899999999999999
1553,50,4.899999999999999
1554,50,4.899999999999999
1555,50,4.899999999999999
1556,50,4.899999999999999
1557,50,4.899999999999999
1558,50,4.899999999999999
1559,50,4.899999999999999
1560,50,4.899999999999999
1561,50,4.899999999999999
1562,50,4.899999999999999
1563,50,4.899999999999999
1564,50,4.899999999999999
1565,50,4.899999999999999
1566,50,4.899999999999999
1567,50,4.899999999999999
1568,50,4.899999999999999
1569,50,4.899999999999999
1570,50,4.899999999999999
1571,50,4.899999999999999
1572,50,4.899999999999999
1573,50,4.899999999999999
1574,50,4.899999999999999
1575,50,4.899999999999999
1576,50,4.899999999999999
1577,50,4.899999999999999
1578,50,4.899999999999999
1579,50,4.899999999999999
1580,50,4.899999999999999
1581,50,4.899999999999999
1582,50,4.899999999999999
1583,50,4.899999999999999
1584,50,4.899999999999999
1585,50,4.899999999999999
1586,50,4.899999999999999
1587,50,4.899999999999999
1588,50,4.899999999999999
1589,50,4.899999999999999
1590,50,4.899999999999999
1591,50,4.899999999999999
1592,50,4.899999999999999
1593,50,4.899999999999999
1594,50,4.899999999999999
1595,50,4.899999999999999
1596,50,4.899999999999999
1597,50,4.899999999999999
1598,50,4.899999999999999
1599,50,4.899999999999999
1600,50,4.899999999999999
1601,50,4.899999999999999
1602,50,4.899999999999999
1603,50,4.899999999999999
1604,50,4.899999999999999
1605,50,4.899999999999999
1606,50,4.899999999999999
1607,50,4.899999999999999
1608,50,4.899999999999999
1609,50,4.899999999999999
1610,50,4.899999999999999
1611,50,4.899999999999999
1612,50,4.899999999999999
1613,50,4.899999999999999
1614,50,4.899999999999999
1615,50,4.899999999999999
1616,50,4.899999999999999
1617,50,4.899999999999999
1618,50,4.899999999999999
1619,50,4.899999999999999
1620,50,4.899999999999999
1621,50,4.899999999999999
1622,50,4.899999999999999
1623,50,4.899999999999999
1624,50,4.899999999999999
1625,50,4.899999999999999
1626,50,4.899999999999999
1627,50,4.899999999999999
1628,50,4.899999999999999
1629,50,4.899999999999999
1630,50,4.899999999999999
1631,50,4.899999999999999
1632,50,4.899999999999999
1633,50,4.899999999999999
1634,50,4.899999999999999
1635,50,4.899999999999999
1636,50,4.899999999999999
1637,50,4.899999999999999
1638,50,4.899999999999999
1639,50,4.899999999999999
1640,50,4.899999999999999
1641,50,4.899999999999999
1642,50,4.899999999999999
1643,50,4.899999999999999
1644,50,4.899999999999999
1645,50,4.899999999999999
1646,50,4.899999999999999
1647,50,4.899999999999999
1648,50,4.899999999999999
1649,50,4.899999999999999
1650,50,4.899999999999999
1651,50,4.899999999999999
1652,50,4.899999999999999
1653,50,4.899999999999999
1654,50,4.899999999999999
1655,50,4.899999999999999
1656,50,4.899999999999999
1657,50,4.899999999999999
1658,50,4.899999999999999
1659,50,4.899999999999999
1660,50,4.899999999999999
1661,50,4.899999999999999
1662,50,4.899999999999999
1663,50,4.899999999999999
1664,50,4.899999999999999
1665,50,4.899999999999999
1666,50,4.899999999999999
1667,50,4.899999999999999
1668,50,4.899999999999999
1669,50,4.899999999999999
1670,50,4.899999999999999
1671,50,4.899999999999999
1672,50,4.899999999999999
1673,50,4.899999999999999
1674,50,4.899999999999999
1675,50,4.899999999999999
1676,50,4.899999999999999
1677,50,4.899999999999999
1678,50,4.899999999999999
1679,50,4.899999999999999
1680,50,4.899999999999999
1681,50,4.899999999999999
1682,50,4.899999999999999
1683,50,4.899999999999999
1684,50,4.899999999999999
1685,50,4.899999999999999
1686,50,4.899999999999999
1687,50,4.899999999999999
1688,50,4.899999999999999
1689,50,4.899999999999999
1690,50,4.899999999999999
1691,50,4.899999999999999
1692,50,4.899999999999999
1693,50,4.899999999999999
1694,50,4.899999999999999
1695,50,4.899999999999999
1696,50,4.899999999999999
1697,50,4.899999999999999
1698,50,4.899999999999999
1699,50,4.899999999999999
1700,50,4.899999999999999
1701,50,4.899999999999999
1702,50,4.899999999999999
1703,50,4.899999999999999
1704,50,4.899999999999999
1705,50,4.899999999999999
1706,50,4.899999999999999
1707,50,4.899999999999999
1708,50,4.899999999999999
1709,50,4.899999999999999
1710,50,4.899999999999999
1711,50,4.899999999999999
1712,50,4.899999999999999
1713,50,4.899999999999999
1714,50,4.899999999999999
1715,50,4.899999999999999
1716,50,4.899999999999999
1717,50,4.899999999999999
1718,50,4.899999999999999
1719,50,4.899999999999999
1720,50,4.899999999999999
1721,50,4.899999999999999
1722,50,4.899999999999999
1723,50,4.899999999999999
1724,50,4.899999999999999
1725,50,4.899999999999999
1726,50,4.899999999999999
1727,50,4.899999999999999
1728,50,4.899999999999999
1729,50,4.899999999999999
1730,50,4.899999999999999
1731,50,4.899999999999999
1732,50,4.899999999999999
1733,50,4.899999999999999
1734,50,4.899999999999999
1735,50,4.899999999999999
1736,50,4.899999999999999
1737,50,4.899999999999999
1738,50,4.899999999999999
1739,50,4.899999999999999
1740,50,4.899999999999999
1741,50,4.899999999999999
1742,50,4.899999999999999
1743,50,4.899999999999999
1744,50,4.899999999999999
1745,50,4.899999999999999
1746,50,4.899999999999999
1747,50,4.899999999999999
1748,50,4.899999999999999
1749,50,4.899999999999999
1750,50,4.899999999999999
1751,50,4.899999999999999
1752,50,4.899999999999999
1753,50,4.899999999999999
1754,50,4.899999999999999
1755,50,4.899999999999999
1756,50,4.899999999999999
1757,50,4.899999999999999
1758,50,4.899999999999999
1759,50,4.899999999999999
1760,50,4.899999999999999
1761,50,4.899999999999999
1762,50,4.899999999999999
1763,50,4.899999999999999
1764,50,4.899999999999999
1765,50,4.899999999999999
1766,50,4.899999999999999
1767,50,4.899999999999999
1768,50,4.899999999999999
1769,50,4.899999999999999
1770,50,4.899999999999999
1771,50,4.899999999999999
1772,50,4.899999999999999
1773,50,4.899999999999999
1774,50,4.899999999999999
1775,50,4.899999999999999
1776,50,4.899999999999999
1777,50,4.899999999999999
1778,50,4.899999999999999
1779,50,4.899999999999999
1780,50,4.899999999999999
1781,50,4.899999999999999
1782,50,4.899999999999999
1783,50,4.899999999999999
1784,50,4.899999999999999
1785,50,4.899999999999999
1786,50,4.899999999999999
1787,50,4.899999999999999
1788,50,4.899999999999999
1789,50,4.899999999999999
1790,50,4.899999999999999
1791,50,4.899999999999999
1792,50,4.899999999999999
1793,50,4.899999999999999
1794,50,4.899999999999999
1795,50,4.899999999999999
1796,50,4.899999999999999
1797,50,4.899999999999999
1798,50,4.899999999999999
1799,50,4.899999999999999
1800,50,4.899999999999999
1801,50,4.899999999999999
1802,50,4.899999999999999
1803,50,4.899999999999999
1804,50,4.899999999999999
1805,50,4.899999999999999
1806,50,4.899999999999999
1807,50,4.899999999999999
1808,50,4.899999999999999
1809,50,4.899999999999999
1810,50,4.899999999999999
1811,50,4.899999999999999
1812,50,4.899999999999999
1813,50,4.899999999999999
1814,50,4.899999999999999
1815,50,4.899999999999999
1816,50,4.899999999999999
1817,50,4.899999999999999
1818,50,4.899999999999999
1819,50,4.899999999999999
1820,50,4.899999999999999
1821,50,4.899999999999999
1822,50,4.899999999999999
1823,50,4.899999999999999
1824,50,4.899999999999999
1825,50,4.899999999999999
1826,50,4.899999999999999
1827,50,4.899999999999999
1828,50,4.899999999999999
1829,50,4.899999999999999
1830,50,4.899999999999999
1831,50,4.899999999999999
1832,50,4.899999999999999
1833,50,4.899999999999999
1834,50,4.899999999999999
1835,50,4.899999999999999
1836,50,4.899999999999999
1837,50,4.899999999999999
1838,50,4.899999999999999
1839,50,4.899999999999999
1840,50,4.899999999999999
1841,50,4.899999999999999
1842,50,4.899999999999999
1843,50,4.899999999999999
1844,50,4.899999999999999
1845,50,4.899999999999999
1846,50,4.899999999999999
1847,50,4.899999999999999
1848,50,4.899999999999999
1849,50,4.899999999999999
1850,50,4.899999999999999
1851,52,5.099999999999998
1852,50,4.899999999999999
1853,50,4.899999999999999
1854,50,4.899999999999999
1855,50,4.899999999999999
1856,50,4.899999999999999
1857,50,4.899999999999999
1858,50,4.899999999999999
1859,50,4.899999999999999
1860,50,4.899999999999999
1861,50,4.899999999999999
1862,50,4.899999999999999
1863,50,4.899999999999999
1864,50,4.899999999999999
1865,50,4.899999999999999
1866,50,4.899999999999999
1867,50,4.899999999999999
1868,50,4.899999999999999
1869,50,4.899999999999999
1870,50,4.899999999999999
1871,50,4.899999999999999
1872,50,4.899999999999999
1873,50,4.899999999999999
1874,50,4.899999999999999
1875,50,4.899999999999999
1876,50,4.899999999999999
1877,50,4.899999999999999
1878,50,4.899999999999999
1879,50,4.899999999999999
1880,50,4.899999999999999
1881,50,4.899999999999999
1882,50,4.899999999999999
1883,50,4.899999999999999
1884,50,4.899999999999999
1885,50,4.899999999999999
1886,50,4.899999999999999
1887,50,4.899999999999999
1888,50,4.899999999999999
1889,50,4.899999999999999
1890,50,4.899999999999999
1891,50,4.899999999999999
1892,50,4.899999999999999
1893,50,4.899999999999999
1894,50,4.899999999999999
1895,50,4.899999999999999
1896,50,4.899999999999999
1897,50,4.899999999999999
1898,50,4.899999999999999
1899,50,4.899999999999999
1900,50,4.899999999999999
1901,50,4.899999999999999
1902,50,4.899999999999999
1903,50,4.899999999999999
1904,50,4.899999999999999
1905,50,4.899999999999999
1906,50,4.899999999999999
1907,50,4.899999999999999
1908,50,4.899999999999999
1909,50,4.899999999999999
1910,50,4.899999999999999
1911,50,4.899999999999999
1912,50,4.899999999999999
1913,50,4.899999999999999
1914,50,4.899999999999999
1915,50,4.899999999999999
1916,50,4.899999999999999
1917,50,4.899999999999999
1918,50,4.899999999999999
1919,50,4.899999999999999
1920,50,4.899999999999999
1921,50,4.899999999999999
1922,50,4.899999999999999
1923,50,4.899999999999999
1924,50,4.899999999999999
1925,50,4.899999999999999
1926,50,4.899999999999999
1927,50,4.899999999999999
1928,50,4.899999999999999
1929,50,4.899999999999999
1930,50,4.899999999999999
1931,50,4.899999999999999
1932,50,4.899999999999999
1933,50,4.899999999999999
1934,50,4.899999999999999
1935,50,4.899999999999999
1936,50,4.899999999999999
1937,50,4.899999999999999
1938,50,4.899999999999999
1939,50,4.899999999999999
1940,50,4.899999999999999
1941,50,4.899999999999999
1942,50,4.899999999999999
1943,50,4.899999999999999
1944,50,4.899999999999999
1945,50,4.899999999999999
1946,50,4.899999999999999
1947,50,4.899999999999999
1948,50,4.899999999999999
1949,50,4.899999999999999
1950,50,4.899999999999999
1951,50,4.899999999999999
1952,50,4.899999999999999
1953,50,4.899999999999999
1954,50,4.899999999999999
1955,50,4.899999999999999
1956,50,4.899999999999999
1957,50,4.899999999999999
1958,50,4.899999999999999
1959,50,4.899999999999999
1960,50,4.899999999999999
1961,50,4.899999999999999
1962,50,4.899999999999999
1963,50,4.899999999999999
1964,50,4.899999999999999
1965,50,4.899999999999999
1966,50,4.899999999999999
1967,50,4.899999999999999
1968,50,4.899999999999999
1969,50,4.899999999999999
1970,50,4.899999999999999
1971,50,4.899999999999999
1972,50,4.899999999999999
1973,50,4.899999999999999
1974,50,4.899999999999999
1975,50,4.899999999999999
1976,50,4.899999999999999
1977,50,4.899999999999999
1978,50,4.899999999999999
1979,50,4.899999999999999
1980,50,4.899999999999999
1981,50,4.899999999999999
1982,50,4.899999999999999
1983,50,4.899999999999999
1984,50,4.899999999999999
1985,50,4.899999999999999
1986,50,4.899999999999999
1987,50,4.899999999999999
1988,50,4.899999999999999
1989,50,4.899999999999999
1990,50,4.899999999999999
1991,50,4.899999999999999
1992,50,4.899999999999999
1993,50,4.899999999999999
1994,50,4.899999999999999
1995,50,4.899999999999999
1996,50,4.899999999999999
1997,50,4.899999999999999
1998,50,4.899999999999999
1999,50,4.899999999999999
2000,50,4.899999999999999
2001,50,4.899999999999999
2002,50,4.899999999999999
2003,50,4.899999999999999
2004,50,4.899999999999999
2005,50,4.899999999999999
2006,50,4.899999999999999
2007,50,4.899999999999999
2008,50,4.899999999999999
2009,50,4.899999999999999
2010,50,4.899999999999999
2011,50,4.899999999999999
2012,50,4.899999999999999
2013,50,4.899999999999999
2014,50,4.899999999999999
2015,50,4.899999999999999
2016,50,4.899999999999999
2017,50,4.899999999999999
2018,50,4.899999999999999
2019,50,4.899999999999999
2020,50,4.899999999999999
2021,50,4.899999999999999
2022,50,4.899999999999999
2023,50,4.899999999999999
2024,50,4.899999999999999
2025,50,4.899999999999999
2026,50,4.899999999999999
2027,50,4.899999999999999
2028,50,4.899999999999999
2029,50,4.899999999999999
2030,50,4.899999999999999
2031,50,4.899999999999999
2032,50,4.899999999999999
2033,50,4.899999999999999
2034,50,4.899999999999999
2035,50,4.899999999999999
2036,50,4.899999999999999
2037,50,4.899999999999999
2038,50,4.899999999999999
2039,50,4.899999999999999
2040,50,4.899999999999999
2041,50,4.899999999999999
2042,50,4.899999999999999
2043,50,4.899999999999999
2044,50,4.899999999999999
2045,50,4.899999999999999
2046,50,4.899999999999999
2047,50,4.899999999999999
2048,50,4.899999999999999
2049,50,4.899999999999999
2050,50,4.899999999999999
2051,50,4.899999999999999
2052,50,4.899999999999999
2053,50,4.899999999999999
2054,50,4.899999999999999
2055,50,4.899999999999999
2056,50,4.899999999999999
2057,50,4.899999999999999
2058,50,4.899999999999999
2059,50,4.899999999999999
2060,50,4.899999999999999
2061,50,4.899999999999999
2062,50,4.899999999999999
2063,50,4.899999999999999
2064,50,4.899999999999999
2065,50,4.899999999999999
2066,50,4.899999999999999
2067,50,4.899999999999999
2068,50,4.899999999999999
2069,50,4.899999999999999
2070,50,4.899999999999999
2071,50,4.899999999999999
2072,50,4.899999999999999
2073,50,4.899999999999999
2074,50,4.899999999999999
2075,50,4.899999999999999
2076,50,4.899999999999999
2077,50,4.899999999999999
2078,50,4.899999999999999
2079,50,4.899999999999999
2080,50,4.899999999999999
2081,50,4.899999999999999
2082,50,4.899999999999999
2083,50,4.899999999999999
2084,50,4.899999999999999
2085,50,4.899999999999999
2086,50,4.899999999999999
2087,50,4.899999999999999
2088,50,4.899999999999999
2089,50,4.899999999999999
2090,50,4.899999999999999
2091,50,4.899999999999999
2092,50,4.899999999999999
2093,50,4.899999999999999
2094,50,4.899999999999999
2095,50,4.899999999999999
2096,50,4.899999999999999
2097,50,4.899999999999999
2098,50,4.899999999999999
2099,50,4.899999999999999
2100,50,4.899999999999999
2101,50,4.899999999999999
2102,50,4.899999999999999
2103,50,4.899999999999999
2104,50,4.899999999999999
2105,50,4.899999999999999
2106,50,4.899999999999999
2107,50,4.899999999999999
2108,50,4.899999999999999
2109,50,4.899999999999999
2110,50,4.899999999999999
2111,50,4.899999999999999
2112,50,4.899999999999999
2113,50,4.899999999999999
2114,50,4.899999999999999
2115,50,4.899999999999999
2116,50,4.899999999999999
2117,50,4.899999999999999
2118,50,4.899999999999999
2119,50,4.899999999999999
2120,50,4.899999999999999
2121,50,4.899999999999999
2122,50,4.899999999999999
2123,50,4.899999999999999
2124,50,4.899999999999999
2125,50,4.899999999999999
2126,50,4.899999999999999
2127,50,4.899999999999999
2128,50,4.899999999999999
2129,50,4.899999999999999
2130,50,4.899999999999999
2131,50,4.899999999999999
2132,50,4.899999999999999
2133,50,4.899999999999999
2134,50,4.899999999999999
2135,50,4.899999999999999
2136,50,4.899999999999999
2137,50,4.899999999999999
2138,50,4.899999999999999
2139,50,4.899999999999999
2140,50,4.899999999999999
2141,50,4.899999999999999
2142,50,4.899999999999999
2143,50,4.899999999999999
2144,50,4.899999999999999
2145,50,4.899999999999999
2146,50,4.899999999999999
2147,50,4.899999999999999
2148,51,4.999999999999998
2149,50,4.899999999999999
2150,50,4.899999999999999
2151,50,4.899999999999999
2152,50,4.899999999999999
2153,50,4.899999999999999
2154,50,4.899999999999999
2155,50,4.899999999999999
2156,50,4.899999999999999
2157,50,4.899999999999999
2158,50,4.899999999999999
2159,50,4.899999999999999
2160,50,4.899999999999999
2161,50,4.899999999999999
2162,50,4.899999999999999
2163,50,4.899999999999999
2164,50,4.899999999999999
2165,50,4.899999999999999
2166,50,4.899999999999999
2167,50,4.899999999999999
2168,50,4.899999999999999
2169,50,4.899999999999999
2170,50,4.899999999999999
2171,50,4.899999999999999
2172,50,4.899999999999999
2173,50,4.899999999999999
2174,50,4.899999999999999
2175,50,4.899999999999999
2176,50,4.899999999999999
2177,50,4.899999999999999
2178,50,4.899999999999999
2179,50,4.899999999999999
2180,50,4.899999999999999
2181,50,4.899999999999999
2182,50,4.899999999999999
2183,50,4.899999999999999
2184,50,4.899999999999999
2185,50,4.899999999999999
2186,50,4.899999999999999
2187,50,4.899999999999999
2188,50,4.899999999999999
2189,50,4.899999999999999
2190,50,4.899999999999999
2191,50,4.899999999999999
2192,50,4.899999999999999
2193,50,4.899999999999999
2194,50,4.899999999999999
2195,50,4.899999999999999
2196,50,4.899999999999999
2197,50,4.899999999999999
2198,50,4.899999999999999
2199,50,4.899999999999999
2200,50,4.899999999999999
2201,50,4.899999999999999
2202,50,4.899999999999999
2203,50,4.899999999999999
2204,50,4.899999999999999
2205,50,4.899999999999999
2206,50,4.899999999999999
2207,50,4.899999999999999
2208,50,4.899999999999999
2209,50,4.899999999999999
2210,50,4.899999999999999
2211,50,4.899999999999999
2212,50,4.899999999999999
2213,50,4.899999999999999
2214,50,4.899999999999999
2215,50,4.899999999999999
2216,50,4.899999999999999
2217,50,4.899999999999999
2218,50,4.899999999999999
2219,50,4.899999999999999
2220,50,4.899999999999999
2221,50,4.899999999999999
2222,50,4.899999999999999
2223,50,4.899999999999999
2224,50,4.899999999999999
2225,50,4.899999999999999
2226,50,4.899999999999999
2227,50,4.899999999999999
2228,50,4.899999999999999
2229,50,4.899999999999999
2230,50,4.899999999999999
2231,50,4.899999999999999
2232,50,4.899999999999999
2233,50,4.899999999999999
2234,50,4.899999999999999
2235,50,4.899999999999999
2236,50,4.899999999999999
2237,50,4.899999999999999
2238,50,4.899999999999999
2239,50,4.899999999999999
2240,50,4.899999999999999
2241,50,4.899999999999999
2242,50,4.899999999999999
2243,50,4.899999999999999
2244,50,4.899999999999999
2245,50,4.899999999999999
2246,50,4.899999999999999
2247,50,4.899999999999999
2248,50,4.899999999999999
2249,50,4.899999999999999
2250,50,4.899999999999999
2251,50,4.899999999999999
2252,50,4.899999999999999
2253,50,4.899999999999999
2254,50,4.899999999999999
2255,50,4.899999999999999
2256,50,4.899999999999999
2257,50,4.899999999999999
2258,50,4.899999999999999
2259,50,4.899999999999999
2260,50,4.899999999999999
2261,50,4.899999999999999
2262,50,4.899999999999999
2263,50,4.899999999999999
2264,50,4.899999999999999
2265,50,4.899999999999999
2266,50,4.899999999999999
2267,50,4.899999999999999
2268,50,4.899999999999999
2269,50,4.899999999999999
2270,50,4.899999999999999
2271,50,4.899999999999999
2272,50,4.899999999999999
2273,50,4.899999999999999
2274,50,4.899999999999999
2275,50,4.899999999999999
2276,50,4.899999999999999
2277,50,4.899999999999999
2278,50,4.899999999999999
2279,50,4.899999999999999
2280,50,4.899999999999999
2281,50,4.899999999999999
2282,50,4.899999999999999
2283,50,4.899999999999999
2284,50,4.899999999999999
2285,50,4.899999999999999
2286,50,4.899999999999999
2287,50,4.899999999999999
2288,50,4.899999999999999
2289,50,4.899999999999999
2290,50,4.899999999999999
2291,50,4.899999999999999
2292,50,4.899999999999999
2293,50,4.899999999999999
2294,50,4.899999999999999
2295,50,4.899999999999999
2296,50,4.899999999999999
2297,50,4.899999999999999
2298,50,4.899999999999999
2299,50,4.899999999999999
2300,50,4.899999999999999
2301,50,4.899999999999999
2302,50,4.899999999999999
2303,50,4.899999999999999
2304,50,4.899999999999999
2305,50,4.899999999999999
2306,50,4.899999999999999
2307,50,4.899999999999999
2308,50,4.899999999999999
2309,50,4.899999999999999
2310,50,4.899999999999999
2311,50,4.899999999999999
2312,50,4.899999999999999
2313,50,4.899999999999999
2314,50,4.899999999999999
2315,50,4.899999999999999
2316,50,4.899999999999999
2317,50,4.899999999999999
2318,50,4.899999999999999
2319,50,4.899999999999999
2320,50,4.899999999999999
2321,50,4.899999999999999
2322,50,4.899999999999999
2323,50,4.899999999999999
2324,50,4.899999999999999
2325,50,4.899999999999999
2326,50,4.899999999999999
2327,50,4.899999999999999
2328,50,4.899999999999999
2329,50,4.899999999999999
2330,50,4.899999999999999
2331,50,4.899999999999999
2332,50,4.899999999999999
2333,50,4.899999999999999
2334,50,4.899999999999999
2335,50,4.899999999999999
2336,50,4.899999999999999
2337,50,4.899999999999999
2338,50,4.899999999999999
2339,50,4.899999999999999
2340,50,4.899999999999999
2341,50,4.899999999999999
2342,50,4.899999999999999
2343,50,4.899999999999999
2344,50,4.899999999999999
2345,50,4.899999999999999
2346,50,4.899999999999999
2347,50,4.899999999999999
2348,50,4.899999999999999
2349,50,4.899999999999999
2350,50,4.899999999999999
2351,50,4.899999999999999
2352,50,4.899999999999999
2353,50,4.899999999999999
2354,50,4.899999999999999
2355,50,4.899999999999999
2356,50,4.899999999999999
2357,50,4.899999999999999
2358,50,4.899999999999999
2359,50,4.899999999999999
2360,50,4.899999999999999
2361,50,4.899999999999999
2362,50,4.899999999999999
2363,50,4.899999999999999
2364,50,4.899999999999999
2365,50,4.899999999999999
2366,50,4.899999999999999
2367,50,4.899999999999999
2368,50,4.899999999999999
2369,50,4.899999999999999
2370,50,4.899999999999999
2371,50,4.899999999999999
2372,50,4.899999999999999
2373,50,4.899999999999999
2374,50,4.899999999999999
2375,50,4.899999999999999
2376,50,4.899999999999999
2377,50,4.899999999999999
2378,50,4.899999999999999
2379,50,4.899999999999999
2380,50,4.899999999999999
2381,50,4.899999999999999
2382,50,4.899999999999999
2383,50,4.899999999999999
2384,50,4.899999999999999
2385,50,4.899999999999999
2386,50,4.899999999999999
2387,50,4.899999999999999
2388,50,4.899999999999999
2389,50,4.899999999999999
2390,50,4.899999999999999
2391,50,4.899999999999999
2392,50,4.899999999999999
2393,50,4.899999999999999
2394,50,4.899999999999999
2395,50,4.899999999999999
2396,50,4.899999999999999
2397,50,4.899999999999999
2398,50,4.899999999999999
2399,50,4.899999999999999
2400,50,4.899999999999999
2401,50,4.899999999999999
2402,50,4.899999999999999
2403,50,4.899999999999999
2404,50,4.899999999999999
2405,50,4.899999999999999
2406,50,4.899999999999999
2407,50,4.899999999999999
2408,50,4.899999999999999
2409,50,4.899999999999999
2410,50,4.899999999999999
2411,50,4.899999999999999
2412,50,4.899999999999999
2413,50,4.899999999999999
2414,50,4.899999999999999
2415,50,4.899999999999999
2416,50,4.899999999999999
2417,50,4.899999999999999
2418,50,4.899999999999999
2419,50,4.899999999999999
2420,50,4.899999999999999
2421,50,4.899999999999999
2422,50,4.899999999999999
2423,50,4.899999999999999
2424,50,4.899999999999999
2425,86,9.399999999999986
2426,50,4.899999999999999
2427,50,4.899999999999999
2428,50,4.899999999999999
2429,50,4.899999999999999
2430,50,4.899999999999999
2431,50,4.899999999999999
2432,50,4.899999999999999
2433,50,4.899999999999999
2434,50,4.899999999999999
2435,50,4.899999999999999
2436,50,4.899999999999999
2437,50,4.899999999999999
2438,50,4.899999999999999
2439,50,4.899999999999999
2440,50,4.899999999999999
2441,50,4.899999999999999
2442,50,4.899999999999999
2443,50,4.899999999999999
2444,50,4.899999999999999
2445,50,4.899999999999999
2446,50,4.899999999999999
2447,50,4.899999999999999
2448,50,4.899999999999999
2449,50,4.899999999999999
2450,50,4.899999999999999
2451,50,4.899999999999999
2452,50,4.899999999999999
2453,50,4.899999999999999
2454,50,4.899999999999999
2455,50,4.899999999999999
2456,50,4.899999999999999
2457,50,4.899999999999999
2458,50,4.899999999999999
2459,50,4.899999999999999
2460,57,5.599999999999996
2461,57,5.599999999999996
2462,50,4.899999999999999
2463,50,4.899999999999999
2464,50,4.899999999999999
2465,50,4.899999999999999
2466,50,4.899999999999999
2467,50,4.899999999999999
2468,64,7.199999999999994
2469,50,4.899999999999999
2470,50,4.899999999999999
2471,50,4.899999999999999
2472,50,4.899999999999999
2473,50,4.899999999999999
2474,51,4.999999999999998
2475,50,4.899999999999999
2476,50,4.899999999999999
2477,51,4.999999999999998
2478,51,4.999999999999998
2479,50,4.899999999999999
2480,50,4.899999999999999
2481,50,4.899999999999999
2482,50,4.899999999999999
2483,50,4.899999999999999
2484,50,4.899999999999999
2485,50,4.899999999999999
2486,50,4.899999999999999
2487,50,4.899999999999999
2488,50,4.899999999999999
2489,50,4.899999999999999
2490,50,4.899999999999999
2491,50,4.899999999999999
2492,50,4.899999999999999
2493,50,4.899999999999999
2494,50,4.899999999999999
2495,50,4.899999999999999
2496,50,4.899999999999999
2497,50,4.899999999999999
2498,50,4.899999999999999
2499,61,5.999999999999995
2500,50,4.899999999999999
2501,50,4.899999999999999
2502,50,4.899999999999999
2503,50,4.899999999999999
2504,50,4.899999999999999
2505,62,6.999999999999995
2506,50,4.899999999999999
2507,50,4.899999999999999
2508,50,4.899999999999999
2509,50,4.899999999999999
2510,50,4.899999999999999
2511,50,4.899999999999999
2512,50,4.899999999999999
2513,50,4.899999999999999
2514,50,4.899999999999999
2515,50,4.899999999999999
2516,50,4.899999999999999
2517,50,4.899999999999999
2518,50,4.899999999999999
2519,50,4.899999999999999
2520,50,4.899999999999999
2521,50,4.899999999999999
2522,50,4.899999999999999
2523,88,9.599999999999985
2524,50,4.899999999999999
2525,50,4.899999999999999
2526,50,4.899999999999999
2527,53,5.1999999999999975
2528,50,4.899999999999999
2529,50,4.899999999999999
2530,59,5.799999999999995
2531,50,4.899999999999999
2532,50,4.899999999999999
2533,50,4.899999999999999
2534,50,4.899999999999999
2535,50,4.899999999999999
2536,50,4.899999999999999
2537,50,4.899999999999999
2538,50,4.899999999999999
2539,50,4.899999999999999
2540,50,4.899999999999999
2541,50,4.899999999999999
2542,50,4.899999999999999
2543,50,4.899999999999999
2544,50,4.899999999999999
2545,50,4.899999999999999
2546,50,4.899999999999999
2547,50,4.899999999999999
2548,50,4.899999999999999
2549,50,4.899999999999999
2550,50,4.899999999999999
2551,50,4.899999999999999
2552,50,4.899999999999999
2553,50,4.899999999999999
2554,50,4.899999999999999
2555,50,4.899999999999999
2556,50,4.899999999999999
2557,50,4.899999999999999
2558,50,4.899999999999999
2559,50,4.899999999999999
2560,59,5.799999999999995
2561,50,4.899999999999999
2562,59,5.799999999999995
2563,50,4.899999999999999
2564,86,9.399999999999986
2565,50,4.899999999999999
2566,50,4.899999999999999
2567,50,4.899999999999999
2568,50,4.899999999999999
2569,50,4.899999999999999
2570,50,4.899999999999999
2571,50,4.899999999999999
2572,50,4.899999999999999
2573,50,4.899999999999999
2574,50,4.899999999999999
2575,50,4.899999999999999
2576,50,4.899999999999999
2577,50,4.899999999999999
2578,50,4.899999999999999
2579,50,4.899999999999999
2580,50,4.899999999999999
2581,50,4.899999999999999
2582,50,4.899999999999999
2583,50,4.899999999999999
2584,50,4.899999999999999
2585,50,4.899999999999999
2586,50,4.899999999999999
2587,50,4.899999999999999
2588,59,5.799999999999995
2589,50,4.899999999999999
2590,50,4.899999999999999
2591,50,4.899999999999999
2592,50,4.899999999999999
2593,50,4.899999999999999
2594,50,4.899999999999999
2595,50,4.899999999999999
2596,50,4.899999999999999
2597,50,4.899999999999999
2598,50,4.899999999999999
2599,50,4.899999999999999
2600,50,4.899999999999999
2601,50,4.899999999999999
2602,50,4.899999999999999
2603,50,4.899999999999999
2604,50,4.899999999999999
2605,50,4.899999999999999
2606,50,4.899999999999999
2607,50,4.899999999999999
2608,50,4.899999999999999
2609,50,4.899999999999999
2610,63,7.099999999999994
2611,50,4.899999999999999
2612,50,4.899999999999999
2613,50,4.899999999999999
2614,59,5.799999999999995
2615,50,4.899999999999999
2616,51,4.999999999999998
2617,50,4.899999999999999
2618,50,4.899999999999999
2619,50,4.899999999999999
2620,50,4.899999999999999
2621,50,4.899999999999999
2622,50,4.899999999999999
2623,50,4.899999999999999
2624,50,4.899999999999999
2625,50,4.899999999999999
2626,50,4.899999999999999
2627,50,4.899999999999999
2628,51,4.999999999999998
2629,50,4.899999999999999
2630,50,4.899999999999999
2631,50,4.899999999999999
2632,50,4.899999999999999
2633,50,4.899999999999999
2634,61,5.999999999999995
2635,50,4.899999999999999
2636,86,9.399999999999986
2637,50,4.899999999999999
2638,50,4.899999999999999
2639,55,5.399999999999997
2640,52,5.099999999999998
2641,50,4.899999999999999
2642,50,4.899999999999999
2643,50,4.899999999999999
2644,50,4.899999999999999
2645,50,4.899999999999999
2646,50,4.899999999999999
2647,50,4.899999999999999
2648,50,4.899999999999999
2649,50,4.899999999999999
2650,50,4.899999999999999
2651,50,4.899999999999999
2652,50,4.899999999999999
2653,50,4.899999999999999
2654,55,5.399999999999997
2655,50,4.899999999999999
2656,50,4.899999999999999
2657,50,4.899999999999999
2658,50,4.899999999999999
2659,50,4.899999999999999
2660,53,5.1999999999999975
2661,50,4.899999999999999
2662,50,4.899999999999999
2663,50,4.899999999999999
2664,50,4.899999999999999
2665,50,4.899999999999999
2666,50,4.899999999999999
2667,50,4.899999999999999
2668,50,4.899999999999999
2669,50,4.899999999999999
2670,50,4.899999999999999
2671,55,5.399999999999997
2672,50,4.899999999999999
2673,67,7.499999999999993
2674,50,4.899999999999999
2675,59,5.799999999999995
2676,50,4.899999999999999
2677,50,4.899999999999999
2678,50,4.899999999999999
2679,50,4.899999999999999
2680,58,5.699999999999996
2681,50,4.899999999999999
2682,50,4.899999999999999
2683,50,4.899999999999999
2684,50,4.899999999999999
2685,50,4.899999999999999
2686,50,4.899999999999999
2687,50,4.899999999999999
2688,50,4.899999999999999
2689,56,5.4999999999999964
2690,50,4.899999999999999
2691,50,4.899999999999999
2692,50,4.899999999999999
2693,51,4.999999999999998
2694,50,4.899999999999999
2695,51,4.999999999999998
2696,50,4.899999999999999
2697,50,4.899999999999999
2698,50,4.899999999999999
2699,50,4.899999999999999
2700,50,4.899999999999999
2701,50,4.899999999999999
2702,50,4.899999999999999
2703,50,4.899999999999999
2704,50,4.899999999999999
2705,64,7.199999999999994
2706,50,4.899999999999999
2707,50,4.899999999999999
2708,50,4.899999999999999
2709,60,5.899999999999995
2710,51,4.999999999999998
2711,51,4.999999999999998
2712,50,4.899999999999999
2713,50,4.899999999999999
2714,50,4.899999999999999
2715,50,4.899999999999999
2716,63,7.099999999999994
2717,56,5.4999999999999964
2718,50,4.899999999999999
2719,50,4.899999999999999
2720,50,4.899999999999999
2721,50,4.899999999999999
2722,50,4.899999999999999
2723,51,4.999999999999998
2724,50,4.899999999999999
2725,50,4.899999999999999
2726,52,5.099999999999998
2727,50,4.899999999999999
2728,50,4.899999999999999
2729,50,4.899999999999999
2730,50,4.899999999999999
2731,50,4.899999999999999
2732,65,7.299999999999994
2733,50,4.899999999999999
2734,50,4.899999999999999
2735,50,4.899999999999999
2736,50,4.899999999999999
2737,50,4.899999999999999
2738,50,4.899999999999999
2739,50,4.899999999999999
2740,50,4.899999999999999
2741,50,4.899999999999999
2742,51,4.999999999999998
2743,51,4.999999999999998
2744,50,4.899999999999999
2745,50,4.899999999999999
2746,50,4.899999999999999
2747,50,4.899999999999999
2748,50,4.899999999999999
2749,57,5.599999999999996
2750,50,4.899999999999999
2751,50,4.899999999999999
2752,50,4.899999999999999
2753,50,4.899999999999999
2754,50,4.899999999999999
2755,50,4.899999999999999
2756,56,5.4999999999999964
2757,50,4.899999999999999
2758,59,5.799999999999995
2759,50,4.899999999999999
2760,67,7.499999999999993
2761,50,4.899999999999999
2762,50,4.899999999999999
2763,50,4.899999999999999
2764,50,4.899999999999999
2765,50,4.899999999999999
2766,61,5.999999999999995
2767,51,4.999999999999998
2768,55,5.399999999999997
2769,50,4.899999999999999
2770,50,4.899999999999999
2771,50,4.899999999999999
2772,50,4.899999999999999
2773,50,4.899999999999999
2774,50,4.899999999999999
2775,50,4.899999999999999
2776,65,7.299999999999994
2777,50,4.899999999999999
2778,50,4.899999999999999
2779,50,4.899999999999999
2780,50,4.899999999999999
2781,50,4.899999999999999
2782,50,4.899999999999999
2783,50,4.899999999999999
2784,50,4.899999999999999
2785,50,4.899999999999999
2786,50,4.899999999999999
2787,50,4.899999999999999
2788,52,5.099999999999998
2789,50,4.899999999999999
2790,54,5.299999999999997
2791,50,4.899999999999999
2792,60,5.899999999999995
2793,50,4.899999999999999
2794,58,5.699999999999996
2795,50,4.899999999999999
2796,57,5.599999999999996
2797,55,5.399999999999997
2798,50,4.899999999999999
2799,50,4.899999999999999
2800,50,4.899999999999999
2801,50,4.899999999999999
2802,50,4.899999999999999
2803,56,5.4999999999999964
2804,50,4.899999999999999
2805,57,5.599999999999996
2806,50,4.899999999999999
2807,59,5.799999999999995
2808,62,6.999999999999995
2809,56,5.4999999999999964
2810,50,4.899999999999999
2811,50,4.899999999999999
2812,50,4.899999999999999
2813,54,5.299999999999997
2814,50,4.899999999999999
2815,65,7.299999999999994
2816,50,4.899999999999999
2817,53,5.1999999999999975
2818,50,4.899999999999999
2819,50,4.899999999999999
2820,50,4.899999999999999
2821,50,4.899999999999999
2822,50,4.899999999999999
2823,50,4.899999999999999
2824,67,7.499999999999993
2825,55,5.399999999999997
2826,50,4.899999999999999
2827,50,4.899999999999999
2828,51,4.999999999999998
2829,50,4.899999999999999
2830,50,4.899999999999999
2831,60,5.899999999999995
2832,50,4.899999999999999
2833,59,5.799999999999995
2834,50,4.899999999999999
2835,50,4.899999999999999
2836,61,5.999999999999995
2837,50,4.899999999999999
2838,61,5.999999999999995
2839,67,7.499999999999993
2840,50,4.899999999999999
2841,50,4.899999999999999
2842,50,4.899999999999999
2843,50,4.899999999999999
2844,50,4.899999999999999
2845,50,4.899999999999999
2846,50,4.899999999999999
2847,50,4.899999999999999
2848,64,7.199999999999994
2849,65,7.299999999999994
2850,60,5.899999999999995
2851,50,4.899999999999999
2852,50,4.899999999999999
2853,65,7.299999999999994
2854,61,5.999999999999995
2855,50,4.899999999999999
2856,50,4.899999999999999
2857,50,4.899999999999999
2858,50,4.899999999999999
2859,50,4.899999999999999
2860,50,4.899999999999999
2861,50,4.899999999999999
2862,50,4.899999999999999
2863,53,5.1999999999999975
2864,56,5.4999999999999964
2865,50,4.899999999999999
2866,56,5.4999999999999964
2867,50,4.899999999999999
2868,50,4.899999999999999
2869,50,4.899999999999999
2870,50,4.899999999999999
2871,50,4.899999999999999
2872,63,7.099999999999994
2873,50,4.899999999999999
2874,50,4.899999999999999
2875,50,4.899999999999999
2876,50,4.899999999999999
2877,50,4.899999999999999
2878,50,4.899999999999999
2879,50,4.899999999999999
2880,55,5.399999999999997
2881,50,4.899999999999999
2882,56,5.4999999999999964
2883,50,4.899999999999999
2884,50,4.899999999999999
2885,50,4.899999999999999
2886,57,5.599999999999996
2887,50,4.899999999999999
2888,50,4.899999999999999
2889,50,4.899999999999999
2890,50,4.899999999999999
2891,50,4.899999999999999
2892,51,4.999999999999998
2893,50,4.899999999999999
2894,50,4.899999999999999
2895,53,5.1999999999999975
2896,50,4.899999999999999
2897,50,4.899999999999999
2898,50,4.899999999999999
2899,50,4.899999999999999
2900,50,4.899999999999999
2901,50,4.899999999999999
2902,50,4.899999999999999
2903,50,4.899999999999999
2904,50,4.899999999999999
2905,50,4.899999999999999
2906,53,5.1999999999999975
2907,54,5.299999999999997
2908,50,4.899999999999999
2909,50,4.899999999999999
2910,50,4.899999999999999
2911,50,4.899999999999999
2912,50,4.899999999999999
2913,50,4.899999999999999
2914,64,7.199999999999994
2915,65,7.299999999999994
2916,50,4.899999999999999
2917,51,4.999999999999998
2918,51,4.999999999999998
2919,50,4.899999999999999
2920,54,5.299999999999997
2921,50,4.899999999999999
2922,50,4.899999999999999
2923,66,7.399999999999993
2924,50,4.899999999999999
2925,62,6.999999999999995
2926,50,4.899999999999999
2927,50,4.899999999999999
2928,50,4.899999999999999
2929,50,4.899999999999999
2930,50,4.899999999999999
2931,60,5.899999999999995
2932,63,7.099999999999994
2933,50,4.899999999999999
2934,50,4.899999999999999
2935,50,4.899999999999999
2936,50,4.899999999999999
2937,50,4.899999999999999
2938,50,4.899999999999999
2939,50,4.899999999999999
2940,50,4.899999999999999
2941,50,4.899999999999999
2942,63,7.099999999999994
2943,52,5.099999999999998
2944,60,5.899999999999995
2945,50,4.899999999999999
2946,53,5.1999999999999975
2947,59,5.799999999999995
2948,51,4.999999999999998
2949,50,4.899999999999999
2950,50,4.899999999999999
2951,64,7.199999999999994
2952,50,4.899999999999999
2953,58,5.699999999999996
2954,50,4.899999999999999
2955,50,4.899999999999999
2956,61,5.999999999999995
2957,50,4.899999999999999
2958,64,7.199999999999994
2959,64,7.199999999999994
2960,53,5.1999999999999975
2961,50,4.899999999999999
2962,50,4.899999999999999
2963,50,4.899999999999999
2964,50,4.899999999999999
2965,50,4.899999999999999
2966,51,4.999999999999998
2967,50,4.899999999999999
2968,50,4.899999999999999
2969,50,4.899999999999999
2970,61,5.999999999999995
2971,59,5.799999999999995
2972,65,7.299999999999994
2973,50,4.899999999999999
2974,54,5.299999999999997
2975,50,4.899999999999999
2976,50,4.899999999999999
2977,67,7.499999999999993
2978,54,5.299999999999997
2979,54,5.299999999999997
2980,61,5.999999999999995
2981,50,4.899999999999999
2982,50,4.899999999999999
2983,50,4.899999999999999
2984,50,4.899999999999999
2985,50,4.899999999999999
2986,62,6.999999999999995
2987,52,5.099999999999998
2988,50,4.899999999999999
2989,50,4.899999999999999
2990,50,4.899999999999999
2991,50,4.899999999999999
2992,50,4.899999999999999
2993,66,7.399999999999993
2994,50,4.899999999999999
2995,63,7.099999999999994
2996,66,7.399999999999993
2997,50,4.899999999999999
2998,50,4.899999999999999
2999,50,4.899999999999999
3000,50,4.899999999999999
3001,65,7.299999999999994
3002,50,4.899999999999999
3003,50,4.899999999999999
3004,66,7.399999999999993
3005,61,5.999999999999995
3006,64,7.199999999999994
3007,50,4.899999999999999
3008,50,4.899999999999999
3009,50,4.899999999999999
3010,54,5.299999999999997
3011,50,4.899999999999999
3012,63,7.099999999999994
3013,50,4.899999999999999
3014,50,4.899999999999999
3015,50,4.899999999999999
3016,50,4.899999999999999
3017,60,5.899999999999995
3018,50,4.899999999999999
3019,65,7.299999999999994
3020,50,4.899999999999999
3021,53,5.1999999999999975
3022,50,4.899999999999999
3023,53,5.1999999999999975
3024,52,5.099999999999998
3025,50,4.899999999999999
3026,50,4.899999999999999
3027,50,4.899999999999999
3028,50,4.899999999999999
3029,61,5.999999999999995
3030,50,4.899999999999999
3031,64,7.199999999999994
3032,50,4.899999999999999
3033,54,5.299999999999997
3034,63,7.099999999999994
3035,65,7.299999999999994
3036,51,4.999999999999998
3037,50,4.899999999999999
3038,50,4.899999999999999
3039,58,5.699999999999996
3040,61,5.999999999999995
3041,50,4.899999999999999
3042,65,7.299999999999994
3043,62,6.999999999999995
3044,50,4.899999999999999
3045,52,5.099999999999998
3046,50,4.899999999999999
3047,62,6.999999999999995
3048,50,4.899999999999999
3049,62,6.999999999999995
3050,53,5.1999999999999975
3051,65,7.299999999999994
3052,53,5.1999999999999975
3053,62,6.999999999999995
3054,64,7.199999999999994
3055,50,4.899999999999999
3056,64,7.199999999999994
3057,50,4.899999999999999
3058,53,5.1999999999999975
3059,57,5.599999999999996
3060,50,4.899999999999999
3061,59,5.799999999999995
3062,50,4.899999999999999
3063,50,4.899999999999999
3064,54,5.299999999999997
3065,50,4.899999999999999
3066,52,5.099999999999998
3067,50,4.899999999999999
3068,63,7.099999999999994
3069,50,4.899999999999999
3070,50,4.899999999999999
3071,53,5.1999999999999975
3072,54,5.299999999999997
3073,50,4.899999999999999
3074,50,4.899999999999999
3075,51,4.999999999999998
3076,50,4.899999999999999
3077,50,4.899999999999999
3078,50,4.899999999999999
3079,57,5.599999999999996
3080,54,5.299999999999997
3081,50,4.899999999999999
3082,60,5.899999999999995
3083,61,5.999999999999995
3084,54,5.299999999999997
3085,64,7.199999999999994
3086,53,5.1999999999999975
3087,50,4.899999999999999
3088,50,4.899999999999999
3089,53,5.1999999999999975
3090,54,5.299999999999997
3091,50,4.899999999999999
3092,60,5.899999999999995
3093,86,9.399999999999986
3094,50,4.899999999999999
3095,53,5.1999999999999975
3096,65,7.299999999999994
3097,50,4.899999999999999
3098,66,7.399999999999993
3099,53,5.1999999999999975
3100,50,4.899999999999999
3101,66,7.399999999999993
3102,66,7.399999999999993
3103,50,4.899999999999999
3104,61,5.999999999999995
3105,64,7.199999999999994
3106,50,4.899999999999999
3107,50,4.899999999999999
3108,63,7.099999999999994
3109,51,4.999999999999998
3110,50,4.899999999999999
3111,50,4.899999999999999
3112,63,7.099999999999994
3113,50,4.899999999999999
3114,50,4.899999999999999
3115,54,5.299999999999997
3116,54,5.299999999999997
3117,51,4.999999999999998
3118,67,7.499999999999993
3119,65,7.299999999999994
3120,50,4.899999999999999
3121,59,5.799999999999995
3122,51,4.999999999999998
3123,56,5.4999999999999964
3124,60,5.899999999999995
3125,64,7.199999999999994
3126,50,4.899999999999999
3127,50,4.899999999999999
3128,50,4.899999999999999
3129,63,7.099999999999994
3130,62,6.999999999999995
3131,63,7.099999999999994
3132,50,4.899999999999999
3133,50,4.899999999999999
3134,50,4.899999999999999
3135,58,5.699999999999996
3136,56,5.4999999999999964
3137,54,5.299999999999997
3138,51,4.999999999999998
3139,64,7.199999999999994
3140,64,7.199999999999994
3141,51,4.999999999999998
3142,53,5.1999999999999975
3143,50,4.899999999999999
3144,50,4.899999999999999
3145,64,7.199999999999994
3146,52,5.099999999999998
3147,63,7.099999999999994
3148,52,5.099999999999998
3149,65,7.299999999999994
3150,57,5.599999999999996
3151,62,6.999999999999995
3152,64,7.199999999999994
3153,56,5.4999999999999964
3154,53,5.1999999999999975
3155,63,7.099999999999994
3156,62,6.999999999999995
3157,59,5.799999999999995
3158,50,4.899999999999999
3159,52,5.099999999999998
3160,61,5.999999999999995
3161,50,4.899999999999999
3162,64,7.199999999999994
3163,50,4.899999999999999
3164,50,4.899999999999999
3165,50,4.899999999999999
3166,66,7.399999999999993
3167,59,5.799999999999995
3168,50,4.899999999999999
3169,50,4.899999999999999
3170,60,5.899999999999995
3171,50,4.899999999999999
3172,60,5.899999999999995
3173,60,5.899999999999995
3174,51,4.999999999999998
3175,61,5.999999999999995
3176,50,4.899999999999999
3177,50,4.899999999999999
3178,60,5.899999999999995
3179,51,4.999999999999998
3180,51,4.999999999999998
3181,66,7.399999999999993
3182,58,5.699999999999996
3183,62,6.999999999999995
3184,50,4.899999999999999
3185,61,5.999999999999995
3186,64,7.199999999999994
3187,50,4.899999999999999
3188,51,4.999999999999998
3189,53,5.1999999999999975
3190,59,5.799999999999995
3191,50,4.899999999999999
3192,52,5.099999999999998
3193,51,4.999999999999998
3194,58,5.699999999999996
3195,56,5.4999999999999964
3196,50,4.899999999999999
3197,50,4.899999999999999
3198,62,6.999999999999995
3199,57,5.599999999999996
3200,50,4.899999999999999
3201,61,5.999999999999995
3202,56,5.4999999999999964
3203,50,4.899999999999999
3204,52,5.099999999999998
3205,62,6.999999999999995
3206,50,4.899999999999999
3207,50,4.899999999999999
3208,50,4.899999999999999
3209,58,5.699999999999996
3210,57,5.599999999999996
3211,50,4.899999999999999
3212,58,5.699999999999996
3213,60,5.899999999999995
3214,51,4.999999999999998
3215,50,4.899999999999999
3216,62,6.999999999999995
3217,60,5.899999999999995
3218,50,4.899999999999999
3219,60,5.899999999999995
3220,56,5.4999999999999964
3221,55,5.399999999999997
3222,51,4.999999999999998
3223,62,6.999999999999995
3224,67,7.499999999999993
3225,65,7.299999999999994
3226,50,4.899999999999999
3227,62,6.999999999999995
3228,63,7.099999999999994
3229,61,5.999999999999995
3230,50,4.899999999999999
3231,57,5.599999999999996
3232,62,6.999999999999995
3233,50,4.899999999999999
3234,50,4.899999999999999
3235,50,4.899999999999999
3236,50,4.899999999999999
3237,61,5.999999999999995
3238,51,4.999999999999998
3239,62,6.999999999999995
3240,62,6.999999999999995
3241,63,7.099999999999994
3242,50,4.899999999999999
3243,63,7.099999999999994
3244,51,4.999999999999998
3245,59,5.799999999999995
3246,63,7.099999999999994
3247,58,5.699999999999996
3248,50,4.899999999999999
3249,62,6.999999999999995
3250,58,5.699999999999996
3251,60,5.899999999999995
3252,60,5.899999999999995
3253,50,4.899999999999999
3254,56,5.4999999999999964
3255,51,4.999999999999998
3256,62,6.999999999999995
3257,60,5.899999999999995
3258,57,5.599999999999996
3259,50,4.899999999999999
3260,58,5.699999999999996
3261,52,5.099999999999998
3262,50,4.899999999999999
3263,63,7.099999999999994
3264,62,6.999999999999995
3265,50,4.899999999999999
3266,60,5.899999999999995
3267,61,5.999999999999995
3268,62,6.999999999999995
3269,63,7.099999999999994
3270,58,5.699999999999996
3271,50,4.899999999999999
3272,51,4.999999999999998
3273,50,4.899999999999999
3274,56,5.4999999999999964
3275,62,6.999999999999995
3276,60,5.899999999999995
3277,63,7.099999999999994
3278,63,7.099999999999994
3279,62,6.999999999999995
3280,50,4.899999999999999
3281,62,6.999999999999995
3282,50,4.899999999999999
3283,56,5.4999999999999964
3284,57,5.599999999999996
3285,50,4.899999999999999
3286,50,4.899999999999999
3287,51,4.999999999999998
3288,50,4.899999999999999
3289,65,7.299999999999994
3290,63,7.099999999999994
3291,59,5.799999999999995
3292,61,5.999999999999995
3293,50,4.899999999999999
3294,57,5.599999999999996
3295,50,4.899999999999999
3296,59,5.799999999999995
3297,62,6.999999999999995
3298,60,5.899999999999995
3299,60,5.899999999999995
3300,61,5.999999999999995
3301,51,4.999999999999998
3302,53,5.1999999999999975
3303,50,4.899999999999999
3304,55,5.399999999999997
3305,60,5.899999999999995
3306,50,4.899999999999999
3307,64,7.199999999999994
3308,51,4.999999999999998
3309,55,5.399999999999997
3310,59,5.799999999999995
3311,53,5.1999999999999975
3312,61,5.999999999999995
3313,59,5.799999999999995
3314,61,5.999999999999995
3315,62,6.999999999999995
3316,64,7.199999999999994
3317,61,5.999999999999995
3318,57,5.599999999999996
3319,57,5.599999999999996
3320,59,5.799999999999995
3321,50,4.899999999999999
3322,50,4.899999999999999
3323,58,5.699999999999996
3324,57,5.599999999999996
3325,50,4.899999999999999
3326,50,4.899999999999999
3327,62,6.999999999999995
3328,63,7.099999999999994
3329,50,4.899999999999999
3330,57,5.599999999999996
3331,64,7.199999999999994
3332,51,4.999999999999998
3333,52,5.099999999999998
3334,57,5.599999999999996
3335,60,5.899999999999995
3336,66,7.399999999999993
3337,58,5.699999999999996
3338,51,4.999999999999998
3339,59,5.799999999999995
3340,62,6.999999999999995
3341,63,7.099999999999994
3342,50,4.899999999999999
3343,50,4.899999999999999
3344,59,5.799999999999995
3345,62,6.999999999999995
3346,56,5.4999999999999964
3347,59,5.799999999999995
3348,51,4.999999999999998
3349,62,6.999999999999995
3350,57,5.599999999999996
3351,50,4.899999999999999
3352,50,4.899999999999999
3353,62,6.999999999999995
3354,62,6.999999999999995
3355,62,6.999999999999995
3356,50,4.899999999999999
3357,50,4.899999999999999
3358,61,5.999999999999995
3359,56,5.4999999999999964
3360,50,4.899999999999999
3361,50,4.899999999999999
3362,56,5.4999999999999964
3363,50,4.899999999999999
3364,60,5.899999999999995
3365,50,4.899999999999999
3366,50,4.899999999999999
3367,57,5.599999999999996
3368,58,5.699999999999996
3369,65,7.299999999999994
3370,60,5.899999999999995
3371,56,5.4999999999999964
3372,60,5.899999999999995
3373,55,5.399999999999997
3374,61,5.999999999999995
3375,61,5.999999999999995
3376,62,6.999999999999995
3377,59,5.799999999999995
3378,63,7.099999999999994
3379,59,5.799999999999995
3380,61,5.999999999999995
3381,59,5.799999999999995
3382,62,6.999999999999995
3383,50,4.899999999999999
3384,57,5.599999999999996
3385,62,6.999999999999995
3386,59,5.799999999999995
3387,50,4.899999999999999
3388,60,5.899999999999995
3389,62,6.999999999999995
3390,51,4.999999999999998
3391,59,5.799999999999995
3392,61,5.999999999999995
3393,63,7.099999999999994
3394,62,6.999999999999995
3395,62,6.999999999999995
3396,50,4.899999999999999
3397,52,5.099999999999998
3398,59,5.799999999999995
3399,66,7.399999999999993
3400,50,4.899999999999999
3401,59,5.799999999999995
3402,60,5.899999999999995
3403,50,4.899999999999999
3404,62,6.999999999999995
3405,58,5.699999999999996
3406,59,5.799999999999995
3407,60,5.899999999999995
3408,63,7.099999999999994
3409,65,7.299999999999994
3410,60,5.899999999999995
3411,63,7.099999999999994
3412,60,5.899999999999995
3413,58,5.699999999999996
3414,50,4.899999999999999
3415,61,5.999999999999995
3416,59,5.799999999999995
3417,51,4.999999999999998
3418,57,5.599999999999996
3419,59,5.799999999999995
3420,61,5.999999999999995
3421,50,4.899999999999999
3422,50,4.899999999999999
3423,50,4.899999999999999
3424,56,5.4999999999999964
3425,56,5.4999999999999964
3426,59,5.799999999999995
3427,50,4.899999999999999
3428,58,5.699999999999996
3429,59,5.799999999999995
3430,61,5.999999999999995
3431,62,6.999999999999995
3432,56,5.4999999999999964
3433,56,5.4999999999999964
3434,62,6.999999999999995
3435,50,4.899999999999999
3436,60,5.899999999999995
3437,58,5.699999999999996
3438,58,5.699999999999996
3439,61,5.999999999999995
3440,60,5.899999999999995
3441,59,5.799999999999995
3442,62,6.999999999999995
3443,61,5.999999999999995
3444,59,5.799999999999995
3445,60,5.899999999999995
3446,61,5.999999999999995
3447,57,5.599999999999996
3448,59,5.799999999999995
3449,56,5.4999999999999964
3450,57,5.599999999999996
3451,58,5.699999999999996
3452,50,4.899999999999999
3453,58,5.699999999999996
3454,57,5.599999999999996
3455,50,4.899999999999999
3456,62,6.999999999999995
3457,60,5.899999999999995
3458,61,5.999999999999995
3459,60,5.899999999999995
3460,62,6.999999999999995
3461,62,6.999999999999995
3462,56,5.4999999999999964
3463,55,5.399999999999997
3464,56,5.4999999999999964
3465,56,5.4999999999999964
3466,55,5.399999999999997
3467,62,6.999999999999995
3468,61,5.999999999999995
3469,50,4.899999999999999
3470,61,5.999999999999995
3471,52,5.099999999999998
3472,50,4.899999999999999
3473,60,5.899999999999995
3474,55,5.399999999999997
3475,58,5.699999999999996
3476,60,5.899999999999995
3477,60,5.899999999999995
3478,57,5.599999999999996
3479,58,5.699999999999996
3480,62,6.999999999999995
3481,50,4.899999999999999
3482,57,5.599999999999996
3483,50,4.899999999999999
3484,59,5.799999999999995
3485,50,4.899999999999999
3486,60,5.899999999999995
3487,50,4.899999999999999
3488,61,5.999999999999995
3489,59,5.799999999999995
3490,61,5.999999999999995
3491,58,5.699999999999996
3492,60,5.899999999999995
3493,50,4.899999999999999
3494,57,5.599999999999996
3495,50,4.899999999999999
3496,61,5.999999999999995
3497,59,5.799999999999995
3498,56,5.4999999999999964
3499,50,4.899999999999999
3500,57,5.599999999999996
3501,62,6.999999999999995
3502,61,5.999999999999995
3503,56,5.4999999999999964
3504,59,5.799999999999995
3505,58,5.699999999999996
3506,58,5.699999999999996
3507,58,5.699999999999996
3508,60,5.899999999999995
3509,59,5.799999999999995
3510,53,5.1999999999999975
3511,53,5.1999999999999975
3512,55,5.399999999999997
3513,60,5.899999999999995
3514,60,5.899999999999995
3515,51,4.999999999999998
3516,52,5.099999999999998
3517,58,5.699999999999996
3518,61,5.999999999999995
3519,63,7.099999999999994
3520,59,5.799999999999995
3521,60,5.899999999999995
3522,61,5.999999999999995
3523,59,5.799999999999995
3524,50,4.899999999999999
3525,61,5.999999999999995
3526,56,5.4999999999999964
3527,60,5.899999999999995
3528,53,5.1999999999999975
3529,54,5.299999999999997
3530,57,5.599999999999996
3531,57,5.599999999999996
3532,60,5.899999999999995
3533,58,5.699999999999996
3534,62,6.999999999999995
3535,56,5.4999999999999964
3536,57,5.599999999999996
3537,51,4.999999999999998
3538,62,6.999999999999995
3539,57,5.599999999999996
3540,56,5.4999999999999964
3541,50,4.899999999999999
3542,50,4.899999999999999
3543,61,5.999999999999995
3544,55,5.399999999999997
3545,56,5.4999999999999964
3546,54,5.299999999999997
3547,60,5.899999999999995
3548,59,5.799999999999995
3549,56,5.4999999999999964
3550,53,5.1999999999999975
3551,57,5.599999999999996
3552,58,5.699999999999996
3553,58,5.699999999999996
3554,55,5.399999999999997
3555,59,5.799999999999995
3556,50,4.899999999999999
3557,61,5.999999999999995
3558,57,5.599999999999996
3559,54,5.299999999999997
3560,56,5.4999999999999964
3561,50,4.899999999999999
3562,56,5.4999999999999964
3563,50,4.899999999999999
3564,57,5.599999999999996
3565,58,5.699999999999996
3566,59,5.799999999999995
3567,56,5.4999999999999964
3568,59,5.799999999999995
3569,59,5.799999999999995
3570,60,5.899999999999995
3571,59,5.799999999999995
3572,58,5.699999999999996
3573,61,5.999999999999995
3574,54,5.299999999999997
3575,56,5.4999999999999964
3576,62,6.999999999999995
3577,57,5.599999999999996
3578,54,5.299999999999997
3579,56,5.4999999999999964
3580,61,5.999999999999995
3581,59,5.799999999999995
3582,59,5.799999999999995
3583,58,5.699999999999996
3584,60,5.899999999999995
3585,54,5.299999999999997
3586,57,5.599999999999996
3587,50,4.899999999999999
3588,58,5.699999999999996
3589,60,5.899999999999995
3590,60,5.899999999999995
3591,60,5.899999999999995
3592,55,5.399999999999997
3593,59,5.799999999999995
3594,59,5.799999999999995
3595,56,5.4999999999999964
3596,57,5.599999999999996
3597,50,4.899999999999999
3598,59,5.799999999999995
3599,57,5.599999999999996
3600,60,5.899999999999995
3601,53,5.1999999999999975
3602,54,5.299999999999997
3603,57,5.599999999999996
3604,50,4.899999999999999
3605,58,5.699999999999996
3606,55,5.399999999999997
3607,58,5.699999999999996
3608,59,5.799999999999995
3609,59,5.799999999999995
3610,60,5.899999999999995
3611,59,5.799999999999995
3612,57,5.599999999999996
3613,59,5.799999999999995
3614,57,5.599999999999996
3615,57,5.599999999999996
3616,50,4.899999999999999
3617,50,4.899999999999999
3618,59,5.799999999999995
3619,54,5.299999999999997
3620,59,5.799999999999995
3621,55,5.399999999999997
3622,50,4.899999999999999
3623,61,5.999999999999995
3624,59,5.799999999999995
3625,56,5.4999999999999964
3626,55,5.399999999999997
3627,61,5.999999999999995
3628,50,4.899999999999999
3629,56,5.4999999999999964
3630,53,5.1999999999999975
3631,56,5.4999999999999964
3632,51,4.999999999999998
3633,58,5.699999999999996
3634,51,4.999999999999998
3635,53,5.1999999999999975
3636,60,5.899999999999995
3637,51,4.999999999999998
3638,50,4.899999999999999
3639,50,4.899999999999999
3640,57,5.599999999999996
3641,57,5.599999999999996
3642,60,5.899999999999995
3643,59,5.799999999999995
3644,61,5.999999999999995
3645,61,5.999999999999995
3646,61,5.999999999999995
3647,56,5.4999999999999964
3648,59,5.799999999999995
3649,50,4.899999999999999
3650,50,4.899999999999999
3651,50,4.899999999999999
3652,50,4.899999999999999
3653,58,5.699999999999996
3654,51,4.999999999999998
3655,58,5.699999999999996
3656,61,5.999999999999995
3657,61,5.999999999999995
3658,57,5.599999999999996
3659,61,5.999999999999995
3660,57,5.599999999999996
3661,52,5.099999999999998
3662,56,5.4999999999999964
3663,61,5.999999999999995
3664,50,4.899999999999999
3665,52,5.099999999999998
3666,54,5.299999999999997
3667,56,5.4999999999999964
3668,59,5.799999999999995
3669,59,5.799999999999995
3670,50,4.899999999999999
3671,60,5.899999999999995
3672,62,6.999999999999995
3673,55,5.399999999999997
3674,60,5.899999999999995
3675,61,5.999999999999995
3676,61,5.999999999999995
3677,61,5.999999999999995
3678,50,4.899999999999999
3679,63,7.099999999999994
3680,62,6.999999999999995
3681,50,4.899999999999999
3682,60,5.899999999999995
3683,59,5.799999999999995
3684,54,5.299999999999997
3685,61,5.999999999999995
3686,50,4.899999999999999
3687,50,4.899999999999999
3688,55,5.399999999999997
3689,50,4.899999999999999
3690,50,4.899999999999999
3691,50,4.899999999999999
3692,60,5.899999999999995
3693,59,5.799999999999995
3694,57,5.599999999999996
3695,59,5.799999999999995
3696,50,4.899999999999999
3697,52,5.099999999999998
3698,60,5.899999999999995
3699,55,5.399999999999997
3700,50,4.899999999999999
3701,61,5.999999999999995
3702,60,5.899999999999995
3703,54,5.299999999999997
3704,61,5.999999999999995
3705,50,4.899999999999999
3706,53,5.1999999999999975
3707,56,5.4999999999999964
3708,57,5.599999999999996
3709,61,5.999999999999995
3710,55,5.399999999999997
3711,55,5.399999999999997
3712,61,5.999999999999995
3713,56,5.4999999999999964
3714,54,5.299999999999997
3715,50,4.899999999999999
3716,50,4.899999999999999
3717,50,4.899999999999999
3718,51,4.999999999999998
3719,62,6.999999999999995
3720,58,5.699999999999996
3721,50,4.899999999999999
3722,62,6.999999999999995
3723,59,5.799999999999995
3724,50,4.899999999999999
3725,52,5.099999999999998
3726,50,4.899999999999999
3727,62,6.999999999999995
3728,58,5.699999999999996
3729,62,6.999999999999995
3730,50,4.899999999999999
3731,50,4.899999999999999
3732,56,5.4999999999999964
3733,58,5.699999999999996
3734,55,5.399999999999997
3735,50,4.899999999999999
3736,62,6.999999999999995
3737,61,5.999999999999995
3738,59,5.799999999999995
3739,61,5.999999999999995
3740,51,4.999999999999998
3741,50,4.899999999999999
3742,50,4.899999999999999
3743,59,5.799999999999995
3744,50,4.899999999999999
3745,58,5.699999999999996
3746,50,4.899999999999999
3747,50,4.899999999999999
3748,56,5.4999999999999964
3749,50,4.899999999999999
3750,59,5.799999999999995
3751,61,5.999999999999995
3752,50,4.899999999999999
3753,54,5.299999999999997
3754,59,5.799999999999995
3755,62,6.999999999999995
3756,59,5.799999999999995
3757,61,5.999999999999995
3758,59,5.799999999999995
3759,50,4.899999999999999
3760,50,4.899999999999999
3761,50,4.899999999999999
3762,56,5.4999999999999964
3763,50,4.899999999999999
3764,59,5.799999999999995
3765,50,4.899999999999999
3766,59,5.799999999999995
3767,59,5.799999999999995
3768,50,4.899999999999999
3769,50,4.899999999999999
3770,55,5.399999999999997
3771,58,5.699999999999996
3772,50,4.899999999999999
3773,50,4.899999999999999
3774,56,5.4999999999999964
3775,53,5.1999999999999975
3776,62,6.999999999999995
3777,62,6.999999999999995
3778,50,4.899999999999999
3779,58,5.699999999999996
3780,63,7.099999999999994
3781,62,6.999999999999995
3782,50,4.899999999999999
3783,60,5.899999999999995
3784,60,5.899999999999995
3785,50,4.899999999999999
3786,59,5.799999999999995
3787,56,5.4999999999999964
3788,58,5.699999999999996
3789,52,5.099999999999998
3790,60,5.899999999999995
3791,62,6.999999999999995
3792,51,4.999999999999998
3793,59,5.799999999999995
3794,50,4.899999999999999
3795,57,5.599999999999996
3796,59,5.799999999999995
3797,59,5.799999999999995
3798,61,5.999999999999995
3799,50,4.899999999999999
3800,58,5.699999999999996
3801,58,5.699999999999996
3802,60,5.899999999999995
3803,60,5.899999999999995
3804,61,5.999999999999995
3805,61,5.999999999999995
3806,57,5.599999999999996
3807,63,7.099999999999994
3808,60,5.899999999999995
3809,63,7.099999999999994
3810,50,4.899999999999999
3811,58,5.699999999999996
3812,50,4.899999999999999
3813,60,5.899999999999995
3814,60,5.899999999999995
3815,57,5.599999999999996
3816,59,5.799999999999995
3817,59,5.799999999999995
3818,60,5.899999999999995
3819,55,5.399999999999997
3820,61,5.999999999999995
3821,60,5.899999999999995
3822,50,4.899999999999999
3823,50,4.899999999999999
3824,61,5.999999999999995
3825,57,5.599999999999996
3826,50,4.899999999999999
3827,50,4.899999999999999
3828,50,4.899999999999999
3829,55,5.399999999999997
3830,50,4.899999999999999
3831,61,5.999999999999995
3832,50,4.899999999999999
3833,62,6.999999999999995
3834,59,5.799999999999995
3835,50,4.899999999999999
3836,60,5.899999999999995
3837,50,4.899999999999999
3838,61,5.999999999999995
3839,50,4.899999999999999
3840,60,5.899999999999995
3841,62,6.999999999999995
3842,60,5.899999999999995
3843,59,5.799999999999995
3844,61,5.999999999999995
3845,60,5.899999999999995
3846,57,5.599999999999996
3847,59,5.799999999999995
3848,51,4.999999999999998
3849,50,4.899999999999999
3850,56,5.4999999999999964
3851,58,5.699999999999996
3852,50,4.899999999999999
3853,61,5.999999999999995
3854,63,7.099999999999994
3855,60,5.899999999999995
3856,61,5.999999999999995
3857,62,6.999999999999995
3858,56,5.4999999999999964
3859,56,5.4999999999999964
3860,50,4.899999999999999
3861,56,5.4999999999999964
3862,50,4.899999999999999
3863,50,4.899999999999999
3864,59,5.799999999999995
3865,54,5.299999999999997
3866,61,5.999999999999995
3867,60,5.899999999999995
3868,60,5.899999999999995
3869,61,5.999999999999995
3870,52,5.099999999999998
3871,50,4.899999999999999
3872,50,4.899999999999999
3873,58,5.699999999999996
3874,50,4.899999999999999
3875,51,4.999999999999998
3876,61,5.999999999999995
3877,58,5.699999999999996
3878,50,4.899999999999999
3879,54,5.299999999999997
3880,57,5.599999999999996
3881,60,5.899999999999995
3882,50,4.899999999999999
3883,50,4.899999999999999
3884,50,4.899999999999999
3885,57,5.599999999999996
3886,60,5.899999999999995
3887,50,4.899999999999999
3888,50,4.899999999999999
3889,52,5.099999999999998
3890,61,5.999999999999995
3891,61,5.999999999999995
3892,62,6.999999999999995
3893,51,4.999999999999998
3894,59,5.799999999999995
3895,60,5.899999999999995
3896,50,4.899999999999999
3897,61,5.999999999999995
3898,50,4.899999999999999
3899,56,5.4999999999999964
3900,59,5.799999999999995
3901,62,6.999999999999995
3902,56,5.4999999999999964
3903,50,4.899999999999999
3904,61,5.999999999999995
3905,61,5.999999999999995
3906,62,6.999999999999995
3907,51,4.999999999999998
3908,57,5.599999999999996
3909,50,4.899999999999999
3910,60,5.899999999999995
3911,57,5.599999999999996
3912,62,6.999999999999995
3913,61,5.999999999999995
3914,61,5.999999999999995
3915,52,5.099999999999998
3916,61,5.999999999999995
3917,59,5.799999999999995
3918,61,5.999999999999995
3919,58,5.699999999999996
3920,61,5.999999999999995
3921,61,5.999999999999995
3922,50,4.899999999999999
3923,52,5.099999999999998
3924,58,5.699999999999996
3925,58,5.699999999999996
3926,63,7.099999999999994
3927,61,5.999999999999995
3928,60,5.899999999999995
3929,50,4.899999999999999
3930,56,5.4999999999999964
3931,52,5.099999999999998
3932,51,4.999999999999998
3933,53,5.1999999999999975
3934,52,5.099999999999998
3935,61,5.999999999999995
3936,58,5.699999999999996
3937,55,5.399999999999997
3938,57,5.599999999999996
3939,60,5.899999999999995
3940,60,5.899999999999995
3941,57,5.599999999999996
3942,60,5.899999999999995
3943,58,5.699999999999996
3944,61,5.999999999999995
3945,62,6.999999999999995
3946,55,5.399999999999997
3947,57,5.599999999999996
3948,53,5.1999999999999975
3949,56,5.4999999999999964
3950,61,5.999999999999995
3951,50,4.899999999999999
3952,60,5.899999999999995
3953,61,5.999999999999995
3954,64,7.199999999999994
3955,62,6.999999999999995
3956,62,6.999999999999995
3957,54,5.299999999999997
3958,58,5.699999999999996
3959,50,4.899999999999999
3960,59,5.799999999999995
3961,60,5.899999999999995
3962,56,5.4999999999999964
3963,61,5.999999999999995
3964,60,5.899999999999995
3965,55,5.399999999999997
3966,53,5.1999999999999975
3967,57,5.599999999999996
3968,60,5.899999999999995
3969,51,4.999999999999998
3970,63,7.099999999999994
3971,58,5.699999999999996
3972,60,5.899999999999995
3973,60,5.899999999999995
3974,59,5.799999999999995
3975,57,5.599999999999996
3976,60,5.899999999999995
3977,63,7.099999999999994
3978,51,4.999999999999998
3979,63,7.099999999999994
3980,58,5.699999999999996
3981,59,5.799999999999995
3982,58,5.699999999999996
3983,60,5.899999999999995
3984,64,7.199999999999994
3985,57,5.599999999999996
3986,57,5.599999999999996
3987,61,5.999999999999995
3988,58,5.699999999999996
3989,61,5.999999999999995
3990,62,6.999999999999995
3991,60,5.899999999999995
3992,52,5.099999999999998
3993,62,6.999999999999995
3994,59,5.799999999999995
3995,60,5.899999999999995
3996,62,6.999999999999995
3997,59,5.799999999999995
3998,60,5.899999999999995
3999,58,5.699999999999996
4000,52,5.099999999999998
4001,58,5.699999999999996
4002,60,5.899999999999995
4003,62,6.999999999999995
4004,58,5.699999999999996
4005,56,5.4999999999999964
4006,55,5.399999999999997
4007,52,5.099999999999998
4008,57,5.599999999999996
4009,60,5.899999999999995
4010,56,5.4999999999999964
4011,60,5.899999999999995
4012,57,5.599999999999996
4013,57,5.599999999999996
4014,57,5.599999999999996
4015,52,5.099999999999998
4016,60,5.899999999999995
4017,53,5.1999999999999975
4018,58,5.699999999999996
4019,60,5.899999999999995
4020,56,5.4999999999999964
4021,64,7.199999999999994
4022,60,5.899999999999995
4023,61,5.999999999999995
4024,57,5.599999999999996
4025,51,4.999999999999998
4026,54,5.299999999999997
4027,51,4.999999999999998
4028,61,5.999999999999995
4029,57,5.599999999999996
4030,53,5.1999999999999975
4031,61,5.999999999999995
4032,65,7.299999999999994
4033,62,6.999999999999995
4034,60,5.899999999999995
4035,59,5.799999999999995
4036,57,5.599999999999996
4037,58,5.699999999999996
4038,51,4.999999999999998
4039,61,5.999999999999995
4040,59,5.799999999999995
4041,60,5.899999999999995
4042,60,5.899999999999995
4043,61,5.999999999999995
4044,65,7.299999999999994
4045,55,5.399999999999997
4046,50,4.899999999999999
4047,51,4.999999999999998
4048,60,5.899999999999995
4049,57,5.599999999999996
4050,57,5.599999999999996
4051,52,5.099999999999998
4052,53,5.1999999999999975
4053,56,5.4999999999999964
4054,51,4.999999999999998
4055,59,5.799999999999995
4056,56,5.4999999999999964
4057,58,5.699999999999996
4058,52,5.099999999999998
4059,61,5.999999999999995
4060,60,5.899999999999995
4061,59,5.799999999999995
4062,56,5.4999999999999964
4063,63,7.099999999999994
4064,57,5.599999999999996
4065,61,5.999999999999995
4066,54,5.299999999999997
4067,61,5.999999999999995
4068,61,5.999999999999995
4069,60,5.899999999999995
4070,60,5.899999999999995
4071,55,5.399999999999997
4072,56,5.4999999999999964
4073,58,5.699999999999996
4074,60,5.899999999999995
4075,60,5.899999999999995
4076,59,5.799999999999995
4077,57,5.599999999999996
4078,51,4.999999999999998
4079,57,5.599999999999996
4080,55,5.399999999999997
4081,61,5.999999999999995
4082,57,5.599999999999996
4083,59,5.799999999999995
4084,61,5.999999999999995
4085,50,4.899999999999999
4086,59,5.799999999999995
4087,51,4.999999999999998
4088,53,5.1999999999999975
4089,63,7.099999999999994
4090,60,5.899999999999995
4091,54,5.299999999999997
4092,59,5.799999999999995
4093,53,5.1999999999999975
4094,52,5.099999999999998
4095,59,5.799999999999995
4096,57,5.599999999999996
4097,57,5.599999999999996
4098,60,5.899999999999995
4099,60,5.899999999999995
4100,62,6.999999999999995
4101,61,5.999999999999995
4102,59,5.799999999999995
4103,52,5.099999999999998
4104,62,6.999999999999995
4105,66,7.399999999999993
4106,64,7.199999999999994
4107,62,6.999999999999995
4108,56,5.4999999999999964
4109,58,5.699999999999996
4110,61,5.999999999999995
4111,52,5.099999999999998
4112,60,5.899999999999995
4113,59,5.799999999999995
4114,63,7.099999999999994
4115,67,7.499999999999993
4116,61,5.999999999999995
4117,59,5.799999999999995
4118,58,5.699999999999996
4119,61,5.999999999999995
4120,60,5.899999999999995
4121,58,5.699999999999996
4122,58,5.699999999999996
4123,63,7.099999999999994
4124,62,6.999999999999995
4125,62,6.999999999999995
4126,61,5.999999999999995
4127,95,10.299999999999983
4128,62,6.999999999999995
4129,57,5.599999999999996
4130,60,5.899999999999995
4131,63,7.099999999999994
4132,52,5.099999999999998
4133,65,7.299999999999994
4134,62,6.999999999999995
4135,61,5.999999999999995
4136,64,7.199999999999994
4137,65,7.299999999999994
4138,67,7.499999999999993
4139,62,6.999999999999995
4140,61,5.999999999999995
4141,86,9.399999999999986
4142,61,5.999999999999995
4143,52,5.099999999999998
4144,52,5.099999999999998
4145,61,5.999999999999995
4146,60,5.899999999999995
4147,60,5.899999999999995
4148,65,7.299999999999994
4149,60,5.899999999999995
4150,61,5.999999999999995
4151,86,9.399999999999986
4152,138,16.39999999999997
4153,86,9.399999999999986
4154,86,9.399999999999986
4155,123,13.999999999999973
4156,64,7.199999999999994
4157,51,4.999999999999998
4158,65,7.299999999999994
4159,86,9.399999999999986
4160,123,13.999999999999973
4161,64,7.199999999999994
4162,61,5.999999999999995
4163,64,7.199999999999994
4164,61,5.999999999999995
4165,97,10.499999999999982
4166,93,10.099999999999984
4167,65,7.299999999999994
4168,33,3.2000000000000015
4169,62,6.999999999999995
4170,65,7.299999999999994
4171,33,3.2000000000000015
4172,66,7.399999999999993
4173,56,5.4999999999999964
4174,51,4.999999999999998
4175,64,7.199999999999994
4176,64,7.199999999999994
4177,61,5.999999999999995
4178,102,11.89999999999998
4179,64,7.199999999999994
4180,65,7.299999999999994
4181,63,7.099999999999994
4182,99,11.599999999999982
4183,29,2.800000000000001
4184,124,14.099999999999973
4185,50,4.899999999999999
4186,124,14.099999999999973
4187,88,9.599999999999985
4188,70,7.799999999999992
4189,88,9.599999999999985
4190,61,5.999999999999995
4191,64,7.199999999999994
4192,124,14.099999999999973
4193,31,3.0000000000000013
4194,70,7.799999999999992
4195,60,5.899999999999995
4196,86,9.399999999999986
4197,86,9.399999999999986
4198,67,7.499999999999993
4199,86,9.399999999999986
4200,99,11.599999999999982
4201,86,9.399999999999986
4202,68,7.5999999999999925
4203,61,5.999999999999995
4204,63,7.099999999999994
4205,122,13.899999999999974
4206,86,9.399999999999986
4207,86,9.399999999999986
4208,59,5.799999999999995
4209,85,9.299999999999986
4210,51,4.999999999999998
4211,33,3.2000000000000015
4212,70,7.799999999999992
4213,56,5.4999999999999964
4214,69,7.699999999999992
4215,30,2.9000000000000012
4216,52,5.099999999999998
4217,137,16.29999999999997
4218,60,5.899999999999995
4219,50,4.899999999999999
4220,58,5.699999999999996
4221,86,9.399999999999986
4222,121,13.799999999999974
4223,31,3.0000000000000013
4224,62,6.999999999999995
4225,65,7.299999999999994
4226,64,7.199999999999994
4227,58,5.699999999999996
4228,68,7.5999999999999925
4229,60,5.899999999999995
4230,57,5.599999999999996
4231,63,7.099999999999994
4232,62,6.999999999999995
4233,86,9.399999999999986
4234,86,9.399999999999986
4235,86,9.399999999999986
4236,51,4.999999999999998
4237,52,5.099999999999998
4238,62,6.999999999999995
4239,64,7.199999999999994
4240,86,9.399999999999986
4241,86,9.399999999999986
4242,62,6.999999999999995
4243,59,5.799999999999995
4244,61,5.999999999999995
4245,70,7.799999999999992
4246,102,11.89999999999998
4247,66,7.399999999999993
4248,86,9.399999999999986
4249,86,9.399999999999986
4250,64,7.199999999999994
4251,57,5.599999999999996
4252,63,7.099999999999994
4253,69,7.699999999999992
4254,86,9.399999999999986
4255,46,4.5
4256,124,14.099999999999973
4257,63,7.099999999999994
4258,99,11.599999999999982
4259,62,6.999999999999995
4260,51,4.999999999999998
4261,101,11.799999999999981
4262,51,4.999999999999998
4263,63,7.099999999999994
4264,85,9.299999999999986
4265,56,5.4999999999999964
4266,57,5.599999999999996
4267,64,7.199999999999994
4268,50,4.899999999999999
4269,86,9.399999999999986
4270,59,5.799999999999995
4271,61,5.999999999999995
4272,64,7.199999999999994
4273,86,9.399999999999986
4274,86,9.399999999999986
4275,99,11.599999999999982
4276,64,7.199999999999994
4277,63,7.099999999999994
4278,55,5.399999999999997
4279,58,5.699999999999996
4280,51,4.999999999999998
4281,63,7.099999999999994
4282,60,5.899999999999995
4283,70,7.799999999999992
4284,62,6.999999999999995
4285,59,5.799999999999995
4286,57,5.599999999999996
4287,58,5.699999999999996
4288,64,7.199999999999994
4289,57,5.599999999999996
4290,50,4.899999999999999
4291,70,7.799999999999992
4292,60,5.899999999999995
4293,60,5.899999999999995
4294,51,4.999999999999998
4295,63,7.099999999999994
4296,51,4.999999999999998
4297,59,5.799999999999995
4298,62,6.999999999999995
4299,51,4.999999999999998
4300,64,7.199999999999994
4301,61,5.999999999999995
4302,63,7.099999999999994
4303,64,7.199999999999994
4304,84,9.199999999999987
4305,59,5.799999999999995
4306,58,5.699999999999996
4307,62,6.999999999999995
4308,135,15.199999999999969
4309,33,3.2000000000000015
4310,59,5.799999999999995
4311,64,7.199999999999994
4312,66,7.399999999999993
4313,99,11.599999999999982
4314,62,6.999999999999995
4315,86,9.399999999999986
4316,59,5.799999999999995
4317,70,7.799999999999992
4318,58,5.699999999999996
4319,62,6.999999999999995
4320,58,5.699999999999996
4321,66,7.399999999999993
4322,64,7.199999999999994
4323,61,5.999999999999995
4324,56,5.4999999999999964
4325,61,5.999999999999995
4326,60,5.899999999999995
4327,52,5.099999999999998
4328,64,7.199999999999994
4329,64,7.199999999999994
4330,61,5.999999999999995
4331,62,6.999999999999995
4332,58,5.699999999999996
4333,87,9.499999999999986
4334,57,5.599999999999996
4335,70,7.799999999999992
4336,104,12.09999999999998
4337,52,5.099999999999998
4338,60,5.899999999999995
4339,68,7.5999999999999925
4340,51,4.999999999999998
4341,69,7.699999999999992
4342,86,9.399999999999986
4343,96,10.399999999999983
4344,63,7.099999999999994
4345,98,11.499999999999982
4346,121,13.799999999999974
4347,86,9.399999999999986
4348,61,5.999999999999995
4349,62,6.999999999999995
4350,99,11.599999999999982
4351,60,5.899999999999995
4352,56,5.4999999999999964
4353,61,5.999999999999995
4354,87,9.499999999999986
4355,62,6.999999999999995
4356,63,7.099999999999994
4357,50,4.899999999999999
4358,60,5.899999999999995
4359,96,10.399999999999983
4360,70,7.799999999999992
4361,58,5.699999999999996
4362,58,5.699999999999996
4363,54,5.299999999999997
4364,65,7.299999999999994
4365,103,11.99999999999998
4366,62,6.999999999999995
4367,86,9.399999999999986
4368,56,5.4999999999999964
4369,59,5.799999999999995
4370,56,5.4999999999999964
4371,63,7.099999999999994
4372,61,5.999999999999995
4373,60,5.899999999999995
4374,70,7.799999999999992
4375,60,5.899999999999995
4376,70,7.799999999999992
4377,65,7.299999999999994
4378,87,9.499999999999986
4379,86,9.399999999999986
4380,52,5.099999999999998
4381,58,5.699999999999996
4382,56,5.4999999999999964
4383,99,11.599999999999982
4384,61,5.999999999999995
4385,60,5.899999999999995
4386,60,5.899999999999995
4387,87,9.499999999999986
4388,61,5.999999999999995
4389,58,5.699999999999996
4390,101,11.799999999999981
4391,56,5.4999999999999964
4392,61,5.999999999999995
4393,69,7.699999999999992
4394,102,11.89999999999998
4395,70,7.799999999999992
4396,96,10.399999999999983
4397,60,5.899999999999995
4398,56,5.4999999999999964
4399,70,7.799999999999992
4400,61,5.999999999999995
4401,70,7.799999999999992
4402,64,7.199999999999994
4403,60,5.899999999999995
4404,63,7.099999999999994
4405,70,7.799999999999992
4406,61,5.999999999999995
4407,60,5.899999999999995
4408,105,12.19999999999998
4409,87,9.499999999999986
4410,96,10.399999999999983
4411,99,11.599999999999982
4412,65,7.299999999999994
4413,101,11.799999999999981
4414,97,10.499999999999982
4415,54,5.299999999999997
4416,100,11.699999999999982
4417,61,5.999999999999995
4418,57,5.599999999999996
4419,69,7.699999999999992
4420,69,7.699999999999992
4421,65,7.299999999999994
4422,53,5.1999999999999975
4423,63,7.099999999999994
4424,60,5.899999999999995
4425,101,11.799999999999981
4426,68,7.5999999999999925
4427,68,7.5999999999999925
4428,87,9.499999999999986
4429,59,5.799999999999995
4430,98,11.499999999999982
4431,65,7.299999999999994
4432,61,5.999999999999995
4433,69,7.699999999999992
4434,88,9.599999999999985
4435,67,7.499999999999993
4436,101,11.799999999999981
4437,51,4.999999999999998
4438,59,5.799999999999995
4439,51,4.999999999999998
4440,69,7.699999999999992
4441,57,5.599999999999996
4442,55,5.399999999999997
4443,66,7.399999999999993
4444,62,6.999999999999995
4445,65,7.299999999999994
4446,96,10.399999999999983
4447,50,4.899999999999999
4448,62,6.999999999999995
4449,70,7.799999999999992
4450,51,4.999999999999998
4451,88,9.599999999999985
4452,57,5.599999999999996
4453,58,5.699999999999996
4454,86,9.399999999999986
4455,57,5.599999999999996
4456,58,5.699999999999996
4457,51,4.999999999999998
4458,103,11.99999999999998
4459,56,5.4999999999999964
4460,58,5.699999999999996
4461,63,7.099999999999994
4462,58,5.699999999999996
4463,70,7.799999999999992
4464,64,7.199999999999994
4465,98,11.499999999999982
4466,55,5.399999999999997
4467,133,14.99999999999997
4468,57,5.599999999999996
4469,105,12.19999999999998
4470,59,5.799999999999995
4471,52,5.099999999999998
4472,51,4.999999999999998
4473,58,5.699999999999996
4474,67,7.499999999999993
4475,132,14.89999999999997
4476,59,5.799999999999995
4477,65,7.299999999999994
4478,58,5.699999999999996
4479,70,7.799999999999992
4480,62,6.999999999999995
4481,70,7.799999999999992
4482,198,23.300000000000054
4483,100,11.699999999999982
4484,56,5.4999999999999964
4485,64,7.199999999999994
4486,96,10.399999999999983
4487,68,7.5999999999999925
4488,65,7.299999999999994
4489,63,7.099999999999994
4490,70,7.799999999999992
4491,99,11.599999999999982
4492,87,9.499999999999986
4493,67,7.499999999999993
4494,97,10.499999999999982
4495,104,12.09999999999998
4496,64,7.199999999999994
4497,70,7.799999999999992
4498,124,14.099999999999973
4499,56,5.4999999999999964
4500,66,7.399999999999993
4501,58,5.699999999999996
4502,70,7.799999999999992
4503,59,5.799999999999995
4504,70,7.799999999999992
4505,95,10.299999999999983
4506,58,5.699999999999996
4507,58,5.699999999999996
4508,63,7.099999999999994
4509,52,5.099999999999998
4510,123,13.999999999999973
4511,96,10.399999999999983
4512,70,7.799999999999992
4513,58,5.699999999999996
4514,70,7.799999999999992
4515,60,5.899999999999995
4516,60,5.899999999999995
4517,57,5.599999999999996
4518,62,6.999999999999995
4519,63,7.099999999999994
4520,67,7.499999999999993
4521,90,9.799999999999985
4522,62,6.999999999999995
4523,86,9.399999999999986
4524,70,7.799999999999992
4525,143,16.899999999999977
4526,69,7.699999999999992
4527,173,20.80000000000002
4528,67,7.499999999999993
4529,132,14.89999999999997
4530,97,10.499999999999982
4531,67,7.499999999999993
4532,63,7.099999999999994
4533,67,7.499999999999993
4534,61,5.999999999999995
4535,52,5.099999999999998
4536,133,14.99999999999997
4537,59,5.799999999999995
4538,50,4.899999999999999
4539,63,7.099999999999994
4540,70,7.799999999999992
4541,70,7.799999999999992
4542,101,11.799999999999981
4543,65,7.299999999999994
4544,65,7.299999999999994
4545,101,11.799999999999981
4546,101,11.799999999999981
4547,61,5.999999999999995
4548,86,9.399999999999986
4549,159,18.5
4550,97,10.499999999999982
4551,58,5.699999999999996
4552,65,7.299999999999994
4553,63,7.099999999999994
4554,86,9.399999999999986
4555,65,7.299999999999994
4556,51,4.999999999999998
4557,64,7.199999999999994
4558,159,18.5
4559,67,7.499999999999993
4560,62,6.999999999999995
4561,65,7.299999999999994
4562,52,5.099999999999998
4563,57,5.599999999999996
4564,70,7.799999999999992
4565,234,27.800000000000104
4566,67,7.499999999999993
4567,65,7.299999999999994
4568,69,7.699999999999992
4569,100,11.699999999999982
4570,99,11.599999999999982
4571,55,5.399999999999997
4572,56,5.4999999999999964
4573,94,10.199999999999983
4574,135,15.199999999999969
4575,96,10.399999999999983
4576,64,7.199999999999994
4577,106,12.29999999999998
4578,52,5.099999999999998
4579,65,7.299999999999994
4580,211,25.50000000000007
4581,52,5.099999999999998
4582,87,9.499999999999986
4583,106,12.29999999999998
4584,87,9.499999999999986
4585,56,5.4999999999999964
4586,135,15.199999999999969
4587,65,7.299999999999994
4588,60,5.899999999999995
4589,54,5.299999999999997
4590,88,9.599999999999985
4591,65,7.299999999999994
4592,95,10.299999999999983
4593,54,5.299999999999997
4594,137,16.29999999999997
4595,90,9.799999999999985
4596,86,9.399999999999986
4597,103,11.99999999999998
4598,91,9.899999999999984
4599,52,5.099999999999998
4600,87,9.499999999999986
4601,52,5.099999999999998
4602,54,5.299999999999997
4603,60,5.899999999999995
4604,88,9.599999999999985
4605,162,18.800000000000004
4606,54,5.299999999999997
4607,174,20.90000000000002
4608,54,5.299999999999997
4609,96,10.399999999999983
4610,51,4.999999999999998
4611,52,5.099999999999998
4612,65,7.299999999999994
4613,96,10.399999999999983
4614,134,15.09999999999997
4615,104,12.09999999999998
4616,99,11.599999999999982
4617,58,5.699999999999996
4618,103,11.99999999999998
4619,55,5.399999999999997
4620,55,5.399999999999997
4621,67,7.499999999999993
4622,125,14.199999999999973
4623,56,5.4999999999999964
4624,55,5.399999999999997
4625,289,35.10000000000018
4626,102,11.89999999999998
4627,91,9.899999999999984
4628,58,5.699999999999996
4629,97,10.499999999999982
4630,65,7.299999999999994
4631,67,7.499999999999993
4632,97,10.499999999999982
4633,126,14.299999999999972
4634,139,16.49999999999997
4635,180,21.50000000000003
4636,54,5.299999999999997
4637,89,9.699999999999985
4638,168,19.400000000000013
4639,66,7.399999999999993
4640,125,14.199999999999973
4641,164,19.000000000000007
4642,101,11.799999999999981
4643,91,9.899999999999984
4644,95,10.299999999999983
4645,206,24.100000000000065
4646,56,5.4999999999999964
4647,53,5.1999999999999975
4648,52,5.099999999999998
4649,54,5.299999999999997
4650,88,9.599999999999985
4651,202,23.70000000000006
4652,124,14.099999999999973
4653,86,9.399999999999986
4654,54,5.299999999999997
4655,90,9.799999999999985
4656,53,5.1999999999999975
4657,91,9.899999999999984
4658,53,5.1999999999999975
4659,309,37.10000000000021
4660,90,9.799999999999985
4661,89,9.699999999999985
4662,86,9.399999999999986
4663,86,9.399999999999986
4664,137,16.29999999999997
4665,53,5.1999999999999975
4666,57,5.599999999999996
4667,126,14.299999999999972
4668,52,5.099999999999998
4669,88,9.599999999999985
4670,91,9.899999999999984
4671,55,5.399999999999997
4672,52,5.099999999999998
4673,168,19.400000000000013
4674,104,12.09999999999998
4675,129,14.599999999999971
4676,53,5.1999999999999975
4677,50,4.899999999999999
4678,51,4.999999999999998
4679,59,5.799999999999995
4680,198,23.300000000000054
4681,128,14.499999999999972
4682,53,5.1999999999999975
4683,129,14.599999999999971
4684,54,5.299999999999997
4685,86,9.399999999999986
4686,62,6.999999999999995
4687,56,5.4999999999999964
4688,90,9.799999999999985
4689,94,10.199999999999983
4690,54,5.299999999999997
4691,159,18.5
4692,131,14.79999999999997
4693,52,5.099999999999998
4694,86,9.399999999999986
4695,68,7.5999999999999925
4696,160,18.6
4697,86,9.399999999999986
4698,355,42.60000000000027
4699,86,9.399999999999986
4700,86,9.399999999999986
4701,66,7.399999999999993
4702,65,7.299999999999994
4703,51,4.999999999999998
4704,67,7.499999999999993
4705,59,5.799999999999995
4706,69,7.699999999999992
4707,197,23.200000000000053
4708,160,18.6
4709,86,9.399999999999986
4710,456,55.40000000000041
4711,53,5.1999999999999975
4712,86,9.399999999999986
4713,52,5.099999999999998
4714,93,10.099999999999984
4715,51,4.999999999999998
4716,233,27.700000000000102
4717,198,23.300000000000054
4718,106,12.29999999999998
4719,52,5.099999999999998
4720,64,7.199999999999994
4721,86,9.399999999999986
4722,123,13.999999999999973
4723,60,5.899999999999995
4724,56,5.4999999999999964
4725,124,14.099999999999973
4726,86,9.399999999999986
4727,86,9.399999999999986
4728,57,5.599999999999996
4729,54,5.299999999999997
4730,54,5.299999999999997
4731,51,4.999999999999998
4732,91,9.899999999999984
4733,51,4.999999999999998
4734,51,4.999999999999998
4735,276,32.90000000000016
4736,51,4.999999999999998
4737,103,11.99999999999998
4738,51,4.999999999999998
4739,52,5.099999999999998
4740,68,7.5999999999999925
4741,86,9.399999999999986
4742,64,7.199999999999994
4743,69,7.699999999999992
4744,102,11.89999999999998
4745,55,5.399999999999997
4746,56,5.4999999999999964
4747,86,9.399999999999986
4748,66,7.399999999999993
4749,92,9.999999999999984
4750,234,27.800000000000104
4751,86,9.399999999999986
4752,86,9.399999999999986
4753,160,18.6
4754,234,27.800000000000104
4755,132,14.89999999999997
4756,131,14.79999999999997
4757,105,12.19999999999998
4758,64,7.199999999999994
4759,245,28.90000000000012
4760,53,5.1999999999999975
4761,55,5.399999999999997
4762,67,7.499999999999993
4763,65,7.299999999999994
4764,86,9.399999999999986
4765,59,5.799999999999995
4766,234,27.800000000000104
4767,90,9.799999999999985
4768,67,7.499999999999993
4769,67,7.499999999999993
4770,55,5.399999999999997
4771,66,7.399999999999993
4772,91,9.899999999999984
4773,53,5.1999999999999975
4774,63,7.099999999999994
4775,94,10.199999999999983
4776,56,5.4999999999999964
4777,66,7.399999999999993
4778,54,5.299999999999997
4779,106,12.29999999999998
4780,55,5.399999999999997
4781,52,5.099999999999998
4782,57,5.599999999999996
4783,56,5.4999999999999964
4784,56,5.4999999999999964
4785,66,7.399999999999993
4786,59,5.799999999999995
4787,57,5.599999999999996
4788,52,5.099999999999998
4789,57,5.599999999999996
4790,86,9.399999999999986
4791,52,5.099999999999998
4792,63,7.099999999999994
4793,53,5.1999999999999975
4794,64,7.199999999999994
4795,66,7.399999999999993
4796,93,10.099999999999984
4797,63,7.099999999999994
4798,68,7.5999999999999925
4799,272,32.500000000000156
4800,61,5.999999999999995
4801,58,5.699999999999996
4802,64,7.199999999999994
4803,59,5.799999999999995
4804,87,9.499999999999986
4805,103,11.99999999999998
4806,54,5.299999999999997
4807,126,14.299999999999972
4808,66,7.399999999999993
4809,54,5.299999999999997
4810,64,7.199999999999994
4811,67,7.499999999999993
4812,64,7.199999999999994
4813,213,25.700000000000074
4814,59,5.799999999999995
4815,54,5.299999999999997
4816,198,23.300000000000054
4817,58,5.699999999999996
4818,64,7.199999999999994
4819,58,5.699999999999996
4820,56,5.4999999999999964
4821,98,11.499999999999982
4822,56,5.4999999999999964
4823,60,5.899999999999995
4824,55,5.399999999999997
4825,56,5.4999999999999964
4826,61,5.999999999999995
4827,52,5.099999999999998
4828,103,11.99999999999998
4829,204,23.900000000000063
4830,58,5.699999999999996
4831,283,33.60000000000017
4832,60,5.899999999999995
4833,57,5.599999999999996
4834,68,7.5999999999999925
4835,64,7.199999999999994
4836,56,5.4999999999999964
4837,89,9.699999999999985
4838,65,7.299999999999994
4839,202,23.70000000000006
4840,57,5.599999999999996
4841,169,19.500000000000014
4842,57,5.599999999999996
4843,242,28.600000000000115
4844,53,5.1999999999999975
4845,96,10.399999999999983
4846,54,5.299999999999997
4847,64,7.199999999999994
4848,56,5.4999999999999964
4849,234,27.800000000000104
4850,57,5.599999999999996
4851,54,5.299999999999997
4852,66,7.399999999999993
4853,214,25.800000000000075
4854,58,5.699999999999996
4855,56,5.4999999999999964
4856,56,5.4999999999999964
4857,54,5.299999999999997
4858,123,13.999999999999973
4859,57,5.599999999999996
4860,56,5.4999999999999964
4861,160,18.6
4862,318,38.00000000000022
4863,621,76.39999999999996
4864,241,28.500000000000114
4865,92,9.999999999999984
4866,95,10.299999999999983
4867,275,32.80000000000016
4868,54,5.299999999999997
4869,93,10.099999999999984
4870,205,24.000000000000064
4871,88,9.599999999999985
4872,65,7.299999999999994
4873,100,11.699999999999982
4874,57,5.599999999999996
4875,93,10.099999999999984
4876,56,5.4999999999999964
4877,90,9.799999999999985
4878,174,20.90000000000002
4879,238,28.20000000000011
4880,104,12.09999999999998
4881,141,16.699999999999974
4882,56,5.4999999999999964
4883,62,6.999999999999995
4884,165,19.10000000000001
4885,53,5.1999999999999975
4886,234,27.800000000000104
4887,123,13.999999999999973
4888,178,21.300000000000026
4889,102,11.89999999999998
4890,90,9.799999999999985
4891,61,5.999999999999995
4892,62,6.999999999999995
4893,66,7.399999999999993
4894,604,73.80000000000005
4895,64,7.199999999999994
4896,52,5.099999999999998
4897,56,5.4999999999999964
4898,65,7.299999999999994
4899,94,10.199999999999983
4900,127,14.399999999999972
4901,93,10.099999999999984
4902,139,16.49999999999997
4903,62,6.999999999999995
4904,63,7.099999999999994
4905,55,5.399999999999997
4906,59,5.799999999999995
4907,134,15.09999999999997
4908,98,11.499999999999982
4909,93,10.099999999999984
4910,130,14.69999999999997
4911,134,15.09999999999997
4912,92,9.999999999999984
4913,127,14.399999999999972
4914,245,28.90000000000012
4915,62,6.999999999999995
4916,93,10.099999999999984
4917,105,12.19999999999998
4918,56,5.4999999999999964
4919,314,37.600000000000215
4920,55,5.399999999999997
4921,55,5.399999999999997
4922,103,11.99999999999998
4923,93,10.099999999999984
4924,202,23.70000000000006
4925,69,7.699999999999992
4926,160,18.6
4927,289,35.10000000000018
4928,99,11.599999999999982
4929,106,12.29999999999998
4930,94,10.199999999999983
4931,61,5.999999999999995
4932,425,51.40000000000037
4933,91,9.899999999999984
4934,54,5.299999999999997
4935,281,33.40000000000017
4936,56,5.4999999999999964
4937,57,5.599999999999996
4938,249,30.200000000000124
4939,93,10.099999999999984
4940,57,5.599999999999996
4941,140,16.599999999999973
4942,65,7.299999999999994
4943,215,25.900000000000077
4944,437,53.500000000000384
4945,159,18.5
4946,165,19.10000000000001
4947,87,9.499999999999986
4948,142,16.799999999999976
4949,91,9.899999999999984
4950,248,30.100000000000122
4951,312,37.40000000000021
4952,132,14.89999999999997
4953,510,62.600000000000485
4954,239,28.30000000000011
4955,92,9.999999999999984
4956,61,5.999999999999995
4957,349,42.00000000000026
4958,313,37.50000000000021
4959,56,5.4999999999999964
4960,161,18.700000000000003
4961,237,28.100000000000108
4962,244,28.800000000000118
4963,199,23.400000000000055
4964,161,18.700000000000003
4965,215,25.900000000000077
4966,101,11.799999999999981
4967,141,16.699999999999974
4968,99,11.599999999999982
4969,401,49.000000000000334
4970,88,9.599999999999985
4971,177,21.200000000000024
4972,58,5.699999999999996
4973,70,7.799999999999992
4974,56,5.4999999999999964
4975,61,5.999999999999995
4976,510,62.600000000000485
4977,234,27.800000000000104
4978,200,23.500000000000057
4979,68,7.5999999999999925
4980,92,9.999999999999984
4981,510,62.600000000000485
4982,273,32.60000000000016
4983,88,9.599999999999985
4984,436,53.40000000000038
4985,309,37.10000000000021
4986,347,41.80000000000026
4987,65,7.299999999999994
4988,353,42.40000000000027
4989,131,14.79999999999997
4990,386,46.600000000000314
4991,287,34.900000000000176
4992,104,12.09999999999998
4993,69,7.699999999999992
4994,497,60.40000000000047
4995,325,39.60000000000023
4996,87,9.499999999999986
4997,510,62.600000000000485
4998,70,7.799999999999992
4999,164,19.000000000000007
5000,177,21.200000000000024
5001,106,12.29999999999998
5002,69,7.699999999999992
5003,57,5.599999999999996
5004,199,23.400000000000055
5005,61,5.999999999999995
5006,86,9.399999999999986
5007,101,11.799999999999981
5008,62,6.999999999999995
5009,66,7.399999999999993
5010,131,14.79999999999997
5011,274,32.70000000000016
5012,53,5.1999999999999975
5013,160,18.6
5014,65,7.299999999999994
5015,67,7.499999999999993
5016,87,9.499999999999986
5017,90,9.799999999999985
5018,324,39.50000000000023
5019,309,37.10000000000021
5020,88,9.599999999999985
5021,200,23.500000000000057
5022,494,60.10000000000046
5023,198,23.300000000000054
5024,70,7.799999999999992
5025,57,5.599999999999996
5026,130,14.69999999999997
5027,87,9.499999999999986
5028,95,10.299999999999983
5029,199,23.400000000000055
5030,68,7.5999999999999925
5031,105,12.19999999999998
5032,124,14.099999999999973
5033,166,19.20000000000001
5034,347,41.80000000000026
5035,91,9.899999999999984
5036,98,11.499999999999982
5037,546,67.10000000000038
5038,160,18.6
5039,324,39.50000000000023
5040,125,14.199999999999973
5041,88,9.599999999999985
5042,66,7.399999999999993
5043,86,9.399999999999986
5044,88,9.599999999999985
5045,287,34.900000000000176
5046,175,21.00000000000002
5047,362,44.20000000000028
5048,92,9.999999999999984
5049,198,23.300000000000054
5050,142,16.799999999999976
5051,63,7.099999999999994
5052,458,55.60000000000041
5053,57,5.599999999999996
5054,141,16.699999999999974
5055,389,46.90000000000032
5056,100,11.699999999999982
5057,286,34.800000000000175
5058,287,34.900000000000176
5059,166,19.20000000000001
5060,200,23.500000000000057
5061,46,4.5
5062,125,14.199999999999973
5063,45,4.4
5064,98,11.499999999999982
5065,277,33.00000000000016
5066,124,14.099999999999973
5067,139,16.49999999999997
5068,363,44.30000000000028
5069,307,36.900000000000205
5070,60,5.899999999999995
5071,234,27.800000000000104
5072,88,9.599999999999985
5073,212,25.600000000000072
5074,214,25.800000000000075
5075,141,16.699999999999974
5076,165,19.10000000000001
5077,162,18.800000000000004
5078,234,27.800000000000104
5079,87,9.499999999999986
5080,89,9.699999999999985
5081,50,4.899999999999999
5082,50,4.899999999999999
5083,141,16.699999999999974
5084,213,25.700000000000074
5085,238,28.20000000000011
5086,165,19.10000000000001
5087,141,16.699999999999974
5088,60,5.899999999999995
5089,94,10.199999999999983
5090,273,32.60000000000016
5091,92,9.999999999999984
5092,174,20.90000000000002
5093,585,71.90000000000016
5094,205,24.000000000000064
5095,274,32.70000000000016
5096,50,4.899999999999999
5097,323,39.400000000000226
5098,87,9.499999999999986
5099,103,11.99999999999998
5100,429,51.800000000000374
5101,212,25.600000000000072
5102,52,5.099999999999998
5103,56,5.4999999999999964
5104,199,23.400000000000055
5105,324,39.50000000000023
5106,207,24.200000000000067
5107,88,9.599999999999985
5108,101,11.799999999999981
5109,139,16.49999999999997
5110,64,7.199999999999994
5111,139,16.49999999999997
5112,52,5.099999999999998
5113,140,16.599999999999973
5114,198,23.300000000000054
5115,59,5.799999999999995
5116,135,15.199999999999969
5117,59,5.799999999999995
5118,236,28.000000000000107
5119,19,1.8000000000000005
5120,90,9.799999999999985
5121,51,4.999999999999998
5122,123,13.999999999999973
5123,51,4.999999999999998
5124,62,6.999999999999995
5125,44,4.300000000000001
5126,124,14.099999999999973
5127,125,14.199999999999973
5128,100,11.699999999999982
5129,51,4.999999999999998
5130,101,11.799999999999981
5131,139,16.49999999999997
5132,86,9.399999999999986
5133,51,4.999999999999998
5134,276,32.90000000000016
5135,172,20.700000000000017
5136,175,21.00000000000002
5137,130,14.69999999999997
5138,126,14.299999999999972
5139,211,25.50000000000007
5140,59,5.799999999999995
5141,65,7.299999999999994
5142,141,16.699999999999974
5143,101,11.799999999999981
5144,57,5.599999999999996
5145,177,21.200000000000024
5146,246,29.90000000000012
5147,174,20.90000000000002
5148,132,14.89999999999997
5149,126,14.299999999999972
5150,19,1.8000000000000005
5151,19,1.8000000000000005
5152,66,7.399999999999993
5153,288,35.00000000000018
5154,99,11.599999999999982
5155,102,11.89999999999998
5156,100,11.699999999999982
5157,167,19.30000000000001
5158,88,9.599999999999985
5159,104,12.09999999999998
5160,88,9.599999999999985
5161,273,32.60000000000016
5162,94,10.199999999999983
5163,56,5.4999999999999964
5164,131,14.79999999999997
5165,103,11.99999999999998
5166,91,9.899999999999984
5167,246,29.90000000000012
5168,135,15.199999999999969
5169,90,9.799999999999985
5170,70,7.799999999999992
5171,164,19.000000000000007
5172,174,20.90000000000002
5173,164,19.000000000000007
5174,58,5.699999999999996
5175,93,10.099999999999984
5176,272,32.500000000000156
5177,209,24.40000000000007
5178,174,20.90000000000002
5179,90,9.799999999999985
5180,234,27.800000000000104
5181,98,11.499999999999982
5182,171,19.700000000000017
5183,57,5.599999999999996
5184,57,5.599999999999996
5185,51,4.999999999999998
5186,88,9.599999999999985
5187,171,19.700000000000017
5188,100,11.699999999999982
5189,87,9.499999999999986
5190,53,5.1999999999999975
5191,126,14.299999999999972
5192,58,5.699999999999996
5193,55,5.399999999999997
5194,58,5.699999999999996
5195,51,4.999999999999998
5196,206,24.100000000000065
5197,99,11.599999999999982
5198,131,14.79999999999997
5199,63,7.099999999999994
5200,65,7.299999999999994
5201,133,14.99999999999997
5202,234,27.800000000000104
5203,19,1.8000000000000005
5204,65,7.299999999999994
5205,138,16.39999999999997
5206,123,13.999999999999973
5207,57,5.599999999999996
5208,91,9.899999999999984
5209,60,5.899999999999995
5210,65,7.299999999999994
5211,212,25.600000000000072
5212,137,16.29999999999997
5213,52,5.099999999999998
5214,102,11.89999999999998
5215,62,6.999999999999995
5216,99,11.599999999999982
5217,50,4.899999999999999
5218,63,7.099999999999994
5219,96,10.399999999999983
5220,98,11.499999999999982
5221,94,10.199999999999983
5222,103,11.99999999999998
5223,65,7.299999999999994
5224,52,5.099999999999998
5225,61,5.999999999999995
5226,244,28.800000000000118
5227,125,14.199999999999973
5228,92,9.999999999999984
5229,57,5.599999999999996
5230,51,4.999999999999998
5231,87,9.499999999999986
5232,137,16.29999999999997
5233,51,4.999999999999998
5234,92,9.999999999999984
5235,235,27.900000000000105
5236,90,9.799999999999985
5237,208,24.300000000000068
5238,279,33.200000000000166
5239,58,5.699999999999996
5240,105,12.19999999999998
5241,160,18.6
5242,208,24.300000000000068
5243,63,7.099999999999994
5244,61,5.999999999999995
5245,171,19.700000000000017
5246,92,9.999999999999984
5247,62,6.999999999999995
5248,169,19.500000000000014
5249,60,5.899999999999995
5250,433,53.10000000000038
5251,93,10.099999999999984
5252,87,9.499999999999986
5253,55,5.399999999999997
5254,135,15.199999999999969
5255,387,46.700000000000315
5256,65,7.299999999999994
5257,61,5.999999999999995
5258,93,10.099999999999984
5259,65,7.299999999999994
5260,160,18.6
5261,139,16.49999999999997
5262,70,7.799999999999992
5263,59,5.799999999999995
5264,90,9.799999999999985
5265,61,5.999999999999995
5266,70,7.799999999999992
5267,50,4.899999999999999
5268,93,10.099999999999984
5269,52,5.099999999999998
5270,62,6.999999999999995
5271,54,5.299999999999997
5272,56,5.4999999999999964
5273,57,5.599999999999996
5274,70,7.799999999999992
5275,55,5.399999999999997
5276,56,5.4999999999999964
5277,90,9.799999999999985
5278,210,25.40000000000007
5279,203,23.80000000000006
5280,164,19.000000000000007
5281,86,9.399999999999986
5282,168,19.400000000000013
5283,60,5.899999999999995
5284,62,6.999999999999995
5285,57,5.599999999999996
5286,52,5.099999999999998
5287,88,9.599999999999985
5288,60,5.899999999999995
5289,199,23.400000000000055
5290,126,14.299999999999972
5291,57,5.599999999999996
5292,235,27.900000000000105
5293,55,5.399999999999997
5294,55,5.399999999999997
5295,52,5.099999999999998
5296,90,9.799999999999985
5297,125,14.199999999999973
5298,56,5.4999999999999964
5299,55,5.399999999999997
5300,52,5.099999999999998
5301,51,4.999999999999998
5302,52,5.099999999999998
5303,65,7.299999999999994
5304,52,5.099999999999998
5305,247,30.00000000000012
5306,125,14.199999999999973
5307,50,4.899999999999999
5308,204,23.900000000000063
5309,62,6.999999999999995
5310,58,5.699999999999996
5311,169,19.500000000000014
5312,50,4.899999999999999
5313,55,5.399999999999997
5314,91,9.899999999999984
5315,162,18.800000000000004
5316,53,5.1999999999999975
5317,308,37.000000000000206
5318,316,37.80000000000022
5319,243,28.700000000000117
5320,91,9.899999999999984
5321,60,5.899999999999995
5322,88,9.599999999999985
5323,200,23.500000000000057
5324,95,10.299999999999983
5325,243,28.700000000000117
5326,86,9.399999999999986
5327,55,5.399999999999997
5328,94,10.199999999999983
5329,119,13.599999999999975
5330,209,24.40000000000007
5331,56,5.4999999999999964
5332,284,34.60000000000017
5333,90,9.799999999999985
5334,89,9.699999999999985
5335,52,5.099999999999998
5336,55,5.399999999999997
5337,94,10.199999999999983
5338,134,15.09999999999997
5339,246,29.90000000000012
5340,53,5.1999999999999975
5341,51,4.999999999999998
5342,61,5.999999999999995
5343,93,10.099999999999984
5344,209,24.40000000000007
5345,92,9.999999999999984
5346,90,9.799999999999985
5347,65,7.299999999999994
5348,52,5.099999999999998
5349,50,4.899999999999999
5350,161,18.700000000000003
5351,59,5.799999999999995
5352,50,4.899999999999999
5353,135,15.199999999999969
5354,90,9.799999999999985
5355,51,4.999999999999998
5356,55,5.399999999999997
5357,124,14.099999999999973
5358,61,5.999999999999995
5359,381,46.10000000000031
5360,56,5.4999999999999964
5361,92,9.999999999999984
5362,90,9.799999999999985
5363,50,4.899999999999999
5364,88,9.599999999999985
5365,124,14.099999999999973
5366,198,23.300000000000054
5367,50,4.899999999999999
5368,168,19.400000000000013
5369,131,14.79999999999997
5370,51,4.999999999999998
5371,55,5.399999999999997
5372,50,4.899999999999999
5373,53,5.1999999999999975
5374,51,4.999999999999998
5375,178,21.300000000000026
5376,276,32.90000000000016
5377,88,9.599999999999985
5378,161,18.700000000000003
5379,200,23.500000000000057
5380,159,18.5
5381,90,9.799999999999985
5382,57,5.599999999999996
5383,167,19.30000000000001
5384,50,4.899999999999999
5385,50,4.899999999999999
5386,168,19.400000000000013
5387,69,7.699999999999992
5388,51,4.999999999999998
5389,50,4.899999999999999
5390,53,5.1999999999999975
5391,245,28.90000000000012
5392,166,19.20000000000001
5393,87,9.499999999999986
5394,86,9.399999999999986
5395,51,4.999999999999998
5396,124,14.099999999999973
5397,171,19.700000000000017
5398,50,4.899999999999999
5399,88,9.599999999999985
5400,59,5.799999999999995
5401,54,5.299999999999997
5402,51,4.999999999999998
5403,67,7.499999999999993
5404,61,5.999999999999995
5405,124,14.099999999999973
5406,162,18.800000000000004
5407,52,5.099999999999998
5408,63,7.099999999999994
5409,50,4.899999999999999
5410,90,9.799999999999985
5411,88,9.599999999999985
5412,50,4.899999999999999
5413,124,14.099999999999973
5414,88,9.599999999999985
5415,50,4.899999999999999
5416,63,7.099999999999994
5417,126,14.299999999999972
5418,197,23.200000000000053
5419,160,18.6
5420,62,6.999999999999995
5421,51,4.999999999999998
5422,120,13.699999999999974
5423,94,10.199999999999983
5424,273,32.60000000000016
5425,100,11.699999999999982
5426,51,4.999999999999998
5427,61,5.999999999999995
5428,50,4.899999999999999
5429,161,18.700000000000003
5430,87,9.499999999999986
5431,86,9.399999999999986
5432,51,4.999999999999998
5433,158,18.4
5434,52,5.099999999999998
5435,131,14.79999999999997
5436,309,37.10000000000021
5437,92,9.999999999999984
5438,199,23.400000000000055
5439,123,13.999999999999973
5440,133,14.99999999999997
5441,89,9.699999999999985
5442,51,4.999999999999998
5443,134,15.09999999999997
5444,50,4.899999999999999
5445,87,9.499999999999986
5446,51,4.999999999999998
5447,61,5.999999999999995
5448,50,4.899999999999999
5449,123,13.999999999999973
5450,54,5.299999999999997
5451,161,18.700000000000003
5452,87,9.499999999999986
5453,51,4.999999999999998
5454,168,19.400000000000013
5455,58,5.699999999999996
5456,124,14.099999999999973
5457,89,9.699999999999985
5458,51,4.999999999999998
5459,124,14.099999999999973
5460,92,9.999999999999984
5461,246,29.90000000000012
5462,50,4.899999999999999
5463,234,27.800000000000104
5464,87,9.499999999999986
5465,50,4.899999999999999
5466,52,5.099999999999998
5467,51,4.999999999999998
5468,160,18.6
5469,101,11.799999999999981
5470,123,13.999999999999973
5471,171,19.700000000000017
5472,160,18.6
5473,52,5.099999999999998
5474,52,5.099999999999998
5475,197,23.200000000000053
5476,170,19.600000000000016
5477,169,19.500000000000014
5478,86,9.399999999999986
5479,317,37.90000000000022
5480,50,4.899999999999999
5481,311,37.30000000000021
5482,87,9.499999999999986
5483,123,13.999999999999973
5484,126,14.299999999999972
5485,50,4.899999999999999
5486,54,5.299999999999997
5487,50,4.899999999999999
5488,88,9.599999999999985
5489,56,5.4999999999999964
5490,50,4.899999999999999
5491,101,11.799999999999981
5492,56,5.4999999999999964
5493,381,46.10000000000031
5494,276,32.90000000000016
5495,86,9.399999999999986
5496,164,19.000000000000007
5497,86,9.399999999999986
5498,124,14.099999999999973
5499,233,27.700000000000102
5500,55,5.399999999999997
5501,52,5.099999999999998
5502,63,7.099999999999994
5503,66,7.399999999999993
5504,215,25.900000000000077
5505,320,39.10000000000022
5506,90,9.799999999999985
5507,60,5.899999999999995
5508,163,18.900000000000006
5509,100,11.699999999999982
5510,92,9.999999999999984
5511,131,14.79999999999997
5512,91,9.899999999999984
5513,50,4.899999999999999
5514,50,4.899999999999999
5515,87,9.499999999999986
5516,86,9.399999999999986
5517,52,5.099999999999998
5518,50,4.899999999999999
5519,57,5.599999999999996
5520,124,14.099999999999973
5521,103,11.99999999999998
5522,87,9.499999999999986
5523,245,28.90000000000012
5524,206,24.100000000000065
5525,175,21.00000000000002
5526,88,9.599999999999985
5527,131,14.79999999999997
5528,88,9.599999999999985
5529,209,24.40000000000007
5530,50,4.899999999999999
5531,86,9.399999999999986
5532,126,14.299999999999972
5533,51,4.999999999999998
5534,93,10.099999999999984
5535,88,9.599999999999985
5536,57,5.599999999999996
5537,204,23.900000000000063
5538,59,5.799999999999995
5539,124,14.099999999999973
5540,364,44.40000000000028
5541,87,9.499999999999986
5542,134,15.09999999999997
5543,278,33.100000000000165
5544,87,9.499999999999986
5545,125,14.199999999999973
5546,86,9.399999999999986
5547,133,14.99999999999997
5548,91,9.899999999999984
5549,308,37.000000000000206
5550,199,23.400000000000055
5551,50,4.899999999999999
5552,87,9.499999999999986
5553,50,4.899999999999999
5554,100,11.699999999999982
5555,87,9.499999999999986
5556,309,37.10000000000021
5557,271,32.400000000000155
5558,86,9.399999999999986
5559,58,5.699999999999996
5560,161,18.700000000000003
5561,86,9.399999999999986
5562,86,9.399999999999986
5563,276,32.90000000000016
5564,210,25.40000000000007
5565,123,13.999999999999973
5566,159,18.5
5567,161,18.700000000000003
5568,50,4.899999999999999
5569,56,5.4999999999999964
5570,86,9.399999999999986
5571,644,78.69999999999983
5572,60,5.899999999999995
5573,51,4.999999999999998
5574,159,18.5
5575,161,18.700000000000003
5576,171,19.700000000000017
5577,245,28.90000000000012
5578,88,9.599999999999985
5579,234,27.800000000000104
5580,63,7.099999999999994
5581,203,23.80000000000006
5582,56,5.4999999999999964
5583,86,9.399999999999986
5584,87,9.499999999999986
5585,236,28.000000000000107
5586,50,4.899999999999999
5587,92,9.999999999999984
5588,55,5.399999999999997
5589,52,5.099999999999998
5590,87,9.499999999999986
5591,87,9.499999999999986
5592,90,9.799999999999985
5593,86,9.399999999999986
5594,87,9.499999999999986
5595,126,14.299999999999972
5596,167,19.30000000000001
5597,86,9.399999999999986
5598,131,14.79999999999997
5599,87,9.499999999999986
5600,161,18.700000000000003
5601,345,41.60000000000026
5602,171,19.700000000000017
5603,163,18.900000000000006
5604,88,9.599999999999985
5605,281,33.40000000000017
5606,88,9.599999999999985
5607,51,4.999999999999998
5608,50,4.899999999999999
5609,50,4.899999999999999
5610,87,9.499999999999986
5611,208,24.300000000000068
5612,384,46.40000000000031
5613,58,5.699999999999996
5614,234,27.800000000000104
5615,50,4.899999999999999
5616,86,9.399999999999986
5617,87,9.499999999999986
5618,159,18.5
5619,356,42.70000000000027
5620,159,18.5
5621,160,18.6
5622,87,9.499999999999986
5623,51,4.999999999999998
5624,58,5.699999999999996
5625,51,4.999999999999998
5626,234,27.800000000000104
5627,502,60.900000000000475
5628,236,28.000000000000107
5629,51,4.999999999999998
5630,131,14.79999999999997
5631,87,9.499999999999986
5632,236,28.000000000000107
5633,60,5.899999999999995
5634,53,5.1999999999999975
5635,86,9.399999999999986
5636,126,14.299999999999972
5637,86,9.399999999999986
5638,161,18.700000000000003
5639,123,13.999999999999973
5640,134,15.09999999999997
5641,64,7.199999999999994
5642,391,47.10000000000032
5643,51,4.999999999999998
5644,87,9.499999999999986
5645,169,19.500000000000014
5646,160,18.6
5647,272,32.500000000000156
5648,171,19.700000000000017
5649,348,41.90000000000026
5650,290,35.20000000000018
5651,56,5.4999999999999964
5652,86,9.399999999999986
5653,58,5.699999999999996
5654,307,36.900000000000205
5655,62,6.999999999999995
5656,86,9.399999999999986
5657,381,46.10000000000031
5658,50,4.899999999999999
5659,99,11.599999999999982
5660,103,11.99999999999998
5661,173,20.80000000000002
5662,57,5.599999999999996
5663,234,27.800000000000104
5664,51,4.999999999999998
5665,88,9.599999999999985
5666,86,9.399999999999986
5667,87,9.499999999999986
5668,456,55.40000000000041
5669,160,18.6
5670,51,4.999999999999998
5671,207,24.200000000000067
5672,429,51.800000000000374
5673,234,27.800000000000104
5674,86,9.399999999999986
5675,494,60.10000000000046
5676,273,32.60000000000016
5677,198,23.300000000000054
5678,207,24.200000000000067
5679,88,9.599999999999985
5680,124,14.099999999999973
5681,51,4.999999999999998
5682,234,27.800000000000104
5683,281,33.40000000000017
5684,162,18.800000000000004
5685,233,27.700000000000102
5686,614,74.8
5687,134,15.09999999999997
5688,826,101.39999999999883
5689,51,4.999999999999998
5690,86,9.399999999999986
5691,346,41.70000000000026
5692,51,4.999999999999998
5693,243,28.700000000000117
5694,251,30.400000000000126
5695,60,5.899999999999995
5696,127,14.399999999999972
5697,67,7.499999999999993
5698,169,19.500000000000014
5699,52,5.099999999999998
5700,96,10.399999999999983
5701,215,25.900000000000077
5702,50,4.899999999999999
5703,56,5.4999999999999964
5704,64,7.199999999999994
5705,51,4.999999999999998
5706,316,37.80000000000022
5707,96,10.399999999999983
5708,52,5.099999999999998
5709,88,9.599999999999985
5710,206,24.100000000000065
5711,160,18.6
5712,141,16.699999999999974
5713,86,9.399999999999986
5714,235,27.900000000000105
5715,62,6.999999999999995
5716,249,30.200000000000124
5717,494,60.10000000000046
5718,61,5.999999999999995
5719,91,9.899999999999984
5720,168,19.400000000000013
5721,51,4.999999999999998
5722,346,41.70000000000026
5723,59,5.799999999999995
5724,208,24.300000000000068
5725,87,9.499999999999986
5726,95,10.299999999999983
5727,63,7.099999999999994
5728,54,5.299999999999997
5729,67,7.499999999999993
5730,87,9.499999999999986
5731,393,47.300000000000324
5732,99,11.599999999999982
5733,328,39.90000000000023
5734,286,34.800000000000175
5735,233,27.700000000000102
5736,161,18.700000000000003
5737,430,51.900000000000375
5738,323,39.400000000000226
5739,531,64.70000000000046
5740,59,5.799999999999995
5741,66,7.399999999999993
5742,138,16.39999999999997
5743,360,44.00000000000028
5744,98,11.499999999999982
5745,1094,134.49999999999736
5746,175,21.00000000000002
5747,98,11.499999999999982
5748,235,27.900000000000105
5749,169,19.500000000000014
5750,97,10.499999999999982
5751,540,65.6000000000004
5752,55,5.399999999999997
5753,213,25.700000000000074
5754,531,64.70000000000046
5755,251,30.400000000000126
5756,360,44.00000000000028
5757,86,9.399999999999986
5758,98,11.499999999999982
5759,235,27.900000000000105
5760,321,39.20000000000022
5761,103,11.99999999999998
5762,131,14.79999999999997
5763,55,5.399999999999997
5764,129,14.599999999999971
5765,208,24.300000000000068
5766,168,19.400000000000013
5767,133,14.99999999999997
5768,87,9.499999999999986
5769,247,30.00000000000012
5770,86,9.399999999999986
5771,140,16.599999999999973
5772,433,53.10000000000038
5773,205,24.000000000000064
5774,175,21.00000000000002
5775,65,7.299999999999994
5776,100,11.699999999999982
5777,438,53.600000000000385
5778,177,21.200000000000024
5779,430,51.900000000000375
5780,57,5.599999999999996
5781,170,19.600000000000016
5782,144,16.99999999999998
5783,94,10.199999999999983
5784,58,5.699999999999996
5785,400,48.90000000000033
5786,62,6.999999999999995
5787,580,71.40000000000019
5788,236,28.000000000000107
5789,124,14.099999999999973
5790,137,16.29999999999997
5791,235,27.900000000000105
5792,171,19.700000000000017
5793,51,4.999999999999998
5794,93,10.099999999999984
5795,88,9.599999999999985
5796,88,9.599999999999985
5797,102,11.89999999999998
5798,320,39.10000000000022
5799,160,18.6
5800,100,11.699999999999982
5801,133,14.99999999999997
5802,87,9.499999999999986
5803,160,18.6
5804,63,7.099999999999994
5805,99,11.599999999999982
5806,139,16.49999999999997
5807,99,11.599999999999982
5808,431,52.00000000000038
5809,548,67.30000000000037
5810,243,28.700000000000117
5811,141,16.699999999999974
5812,61,5.999999999999995
5813,177,21.200000000000024
5814,171,19.700000000000017
5815,97,10.499999999999982
5816,140,16.599999999999973
5817,61,5.999999999999995
5818,56,5.4999999999999964
5819,97,10.499999999999982
5820,136,16.199999999999967
5821,57,5.599999999999996
5822,100,11.699999999999982
5823,328,39.90000000000023
5824,178,21.300000000000026
5825,422,51.100000000000364
5826,178,21.300000000000026
5827,132,14.89999999999997
5828,98,11.499999999999982
5829,210,25.40000000000007
5830,208,24.300000000000068
5831,134,15.09999999999997
5832,208,24.300000000000068
5833,170,19.600000000000016
5834,52,5.099999999999998
5835,99,11.599999999999982
5836,98,11.499999999999982
5837,60,5.899999999999995
5838,62,6.999999999999995
5839,282,33.50000000000017
5840,88,9.599999999999985
5841,63,7.099999999999994
5842,323,39.400000000000226
5843,282,33.50000000000017
5844,207,24.200000000000067
5845,180,21.50000000000003
5846,494,60.10000000000046
5847,138,16.39999999999997
5848,98,11.499999999999982
5849,469,57.60000000000043
5850,172,20.700000000000017
5851,429,51.800000000000374
5852,173,20.80000000000002
5853,169,19.500000000000014
5854,248,30.100000000000122
5855,215,25.900000000000077
5856,176,21.100000000000023
5857,205,24.000000000000064
5858,174,20.90000000000002
5859,356,42.70000000000027
5860,98,11.499999999999982
5861,539,65.50000000000041
5862,577,70.2000000000002
5863,236,28.000000000000107
5864,171,19.700000000000017
5865,280,33.30000000000017
5866,132,14.89999999999997
5867,538,65.40000000000042
5868,69,7.699999999999992
5869,391,47.10000000000032
5870,318,38.00000000000022
5871,169,19.500000000000014
5872,169,19.500000000000014
5873,650,79.2999999999998
5874,501,60.80000000000047
5875,427,51.60000000000037
5876,314,37.600000000000215
5877,55,5.399999999999997
5878,272,32.500000000000156
5879,56,5.4999999999999964
5880,466,56.400000000000425
5881,427,51.60000000000037
5882,236,28.000000000000107
5883,209,24.40000000000007
5884,355,42.60000000000027
5885,236,28.000000000000107
5886,394,48.300000000000324
5887,55,5.399999999999997
5888,212,25.600000000000072
5889,87,9.499999999999986
5890,317,37.90000000000022
5891,93,10.099999999999984
5892,356,42.70000000000027
5893,169,19.500000000000014
5894,92,9.999999999999984
5895,204,23.900000000000063
5896,91,9.899999999999984
5897,93,10.099999999999984
5898,211,25.50000000000007
5899,130,14.69999999999997
5900,135,15.199999999999969
5901,534,65.00000000000044
5902,54,5.299999999999997
5903,100,11.699999999999982
5904,91,9.899999999999984
5905,141,16.699999999999974
5906,1129,138.89999999999716
5907,309,37.10000000000021
5908,209,24.40000000000007
5909,133,14.99999999999997
5910,63,7.099999999999994
5911,134,15.09999999999997
5912,242,28.600000000000115
5913,243,28.700000000000117
5914,92,9.999999999999984
5915,102,11.89999999999998
5916,137,16.29999999999997
5917,91,9.899999999999984
5918,165,19.10000000000001
5919,136,16.199999999999967
5920,100,11.699999999999982
5921,237,28.100000000000108
5922,89,9.699999999999985
5923,90,9.799999999999985
5924,503,61.000000000000476
5925,390,47.00000000000032
5926,235,27.900000000000105
5927,214,25.800000000000075
5928,170,19.600000000000016
5929,135,15.199999999999969
5930,54,5.299999999999997
5931,167,19.30000000000001
5932,317,37.90000000000022
5933,92,9.999999999999984
5934,287,34.900000000000176
5935,169,19.500000000000014
5936,135,15.199999999999969
5937,88,9.599999999999985
5938,90,9.799999999999985
5939,88,9.599999999999985
5940,398,48.70000000000033
5941,352,42.30000000000027
5942,62,6.999999999999995
5943,60,5.899999999999995
5944,508,62.40000000000048
5945,235,27.900000000000105
5946,100,11.699999999999982
5947,426,51.50000000000037
5948,175,21.00000000000002
5949,273,32.60000000000016
5950,215,25.900000000000077
5951,126,14.299999999999972
5952,235,27.900000000000105
5953,138,16.39999999999997
5954,105,12.19999999999998
5955,88,9.599999999999985
5956,92,9.999999999999984
5957,137,16.29999999999997
5958,243,28.700000000000117
5959,92,9.999999999999984
5960,314,37.600000000000215
5961,68,7.5999999999999925
5962,55,5.399999999999997
5963,571,69.60000000000024
5964,133,14.99999999999997
5965,101,11.799999999999981
5966,178,21.300000000000026
5967,207,24.200000000000067
5968,96,10.399999999999983
5969,141,16.699999999999974
5970,215,25.900000000000077
5971,139,16.49999999999997
5972,251,30.400000000000126
5973,317,37.90000000000022
5974,124,14.099999999999973
5975,798,97.69999999999898
5976,88,9.599999999999985
5977,206,24.100000000000065
5978,59,5.799999999999995
5979,63,7.099999999999994
5980,272,32.500000000000156
5981,133,14.99999999999997
5982,310,37.20000000000021
5983,162,18.800000000000004
5984,762,93.19999999999918
5985,93,10.099999999999984
5986,52,5.099999999999998
5987,58,5.699999999999996
5988,162,18.800000000000004
5989,388,46.80000000000032
5990,164,19.000000000000007
5991,162,18.800000000000004
5992,541,65.7000000000004
5993,52,5.099999999999998
5994,241,28.500000000000114
5995,178,21.300000000000026
5996,209,24.40000000000007
5997,719,87.99999999999942
5998,67,7.499999999999993
5999,64,7.199999999999994
6000,94,10.199999999999983
6001,615,74.89999999999999
6002,392,47.20000000000032
6003,200,23.500000000000057
6004,88,9.599999999999985
6005,133,14.99999999999997
6006,68,7.5999999999999925
6007,52,5.099999999999998
6008,52,5.099999999999998
6009,105,12.19999999999998
6010,393,47.300000000000324
6011,51,4.999999999999998
6012,66,7.399999999999993
6013,135,15.199999999999969
6014,135,15.199999999999969
6015,252,30.500000000000128
6016,908,111.39999999999837
6017,161,18.700000000000003
6018,133,14.99999999999997
6019,87,9.499999999999986
6020,125,14.199999999999973
6021,52,5.099999999999998
6022,134,15.09999999999997
6023,87,9.499999999999986
6024,177,21.200000000000024
6025,177,21.200000000000024
6026,505,61.20000000000048
6027,61,5.999999999999995
6028,530,64.60000000000046
6029,176,21.100000000000023
6030,132,14.89999999999997
6031,393,47.300000000000324
6032,64,7.199999999999994
6033,473,58.00000000000043
6034,177,21.200000000000024
6035,134,15.09999999999997
6036,206,24.100000000000065
6037,324,39.50000000000023
6038,245,28.90000000000012
6039,363,44.30000000000028
6040,135,15.199999999999969
6041,133,14.99999999999997
6042,457,55.50000000000041
6043,57,5.599999999999996
6044,580,71.40000000000019
6045,144,16.99999999999998
6046,309,37.10000000000021
6047,281,33.40000000000017
6048,89,9.699999999999985
6049,363,44.30000000000028
6050,424,51.30000000000037
6051,52,5.099999999999998
6052,90,9.799999999999985
6053,209,24.40000000000007
6054,324,39.50000000000023
6055,539,65.50000000000041
6056,394,48.300000000000324
6057,288,35.00000000000018
6058,310,37.20000000000021
6059,724,88.49999999999939
6060,319,38.10000000000022
6061,61,5.999999999999995
6062,132,14.89999999999997
6063,325,39.60000000000023
6064,882,108.79999999999852
6065,63,7.099999999999994
6066,103,11.99999999999998
6067,99,11.599999999999982
6068,213,25.700000000000074
6069,92,9.999999999999984
6070,141,16.699999999999974
6071,245,28.90000000000012
6072,245,28.90000000000012
6073,141,16.699999999999974
6074,88,9.599999999999985
6075,435,53.30000000000038
6076,161,18.700000000000003
6077,92,9.999999999999984
6078,65,7.299999999999994
6079,141,16.699999999999974
6080,139,16.49999999999997
6081,105,12.19999999999998
6082,64,7.199999999999994
6083,209,24.40000000000007
6084,287,34.900000000000176
6085,88,9.599999999999985
6086,67,7.499999999999993
6087,174,20.90000000000002
6088,249,30.200000000000124
6089,96,10.399999999999983
6090,400,48.90000000000033
6091,65,7.299999999999994
6092,65,7.299999999999994
6093,176,21.100000000000023
6094,70,7.799999999999992
6095,177,21.200000000000024
6096,214,25.800000000000075
6097,177,21.200000000000024
6098,141,16.699999999999974
6099,362,44.20000000000028
6100,309,37.10000000000021
6101,173,20.80000000000002
6102,395,48.400000000000325
6103,102,11.89999999999998
6104,251,30.400000000000126
6105,432,53.00000000000038
6106,134,15.09999999999997
6107,96,10.399999999999983
6108,135,15.199999999999969
6109,285,34.70000000000017
6110,248,30.100000000000122
6111,103,11.99999999999998
6112,64,7.199999999999994
6113,66,7.399999999999993
6114,64,7.199999999999994
6115,245,28.90000000000012
6116,102,11.89999999999998
6117,284,34.60000000000017
6118,160,18.6
6119,160,18.6
6120,125,14.199999999999973
6121,66,7.399999999999993
6122,99,11.599999999999982
6123,141,16.699999999999974
6124,248,30.100000000000122
6125,283,33.60000000000017
6126,382,46.20000000000031
6127,140,16.599999999999973
6128,175,21.00000000000002
6129,58,5.699999999999996
6130,362,44.20000000000028
6131,140,16.599999999999973
6132,286,34.800000000000175
6133,101,11.799999999999981
6134,141,16.699999999999974
6135,88,9.599999999999985
6136,213,25.700000000000074
6137,291,35.30000000000018
6138,87,9.499999999999986
6139,88,9.599999999999985
6140,68,7.5999999999999925
6141,139,16.49999999999997
6142,66,7.399999999999993
6143,174,20.90000000000002
6144,57,5.599999999999996
6145,98,11.499999999999982
6146,62,6.999999999999995
6147,101,11.799999999999981
6148,286,34.800000000000175
6149,399,48.80000000000033
6150,356,42.70000000000027
6151,283,33.60000000000017
6152,142,16.799999999999976
6153,103,11.99999999999998
6154,286,34.800000000000175
6155,243,28.700000000000117
6156,176,21.100000000000023
6157,141,16.699999999999974
6158,432,53.00000000000038
6159,213,25.700000000000074
6160,508,62.40000000000048
6161,210,25.40000000000007
6162,140,16.599999999999973
6163,172,20.700000000000017
6164,135,15.199999999999969
6165,99,11.599999999999982
6166,100,11.699999999999982
6167,434,53.20000000000038
6168,170,19.600000000000016
6169,212,25.600000000000072
6170,58,5.699999999999996
6171,399,48.80000000000033
6172,210,25.40000000000007
6173,254,30.70000000000013
6174,288,35.00000000000018
6175,100,11.699999999999982
6176,361,44.10000000000028
6177,134,15.09999999999997
6178,99,11.599999999999982
6179,254,30.70000000000013
6180,175,21.00000000000002
6181,212,25.600000000000072
6182,399,48.80000000000033
6183,286,34.800000000000175
6184,437,53.500000000000384
6185,62,6.999999999999995
6186,99,11.599999999999982
6187,59,5.799999999999995
6188,173,20.80000000000002
6189,287,34.900000000000176
6190,168,19.400000000000013
6191,58,5.699999999999996
6192,58,5.699999999999996
6193,174,20.90000000000002
6194,92,9.999999999999984
6195,95,10.299999999999983
6196,319,38.10000000000022
6197,139,16.49999999999997
6198,101,11.799999999999981
6199,244,28.800000000000118
6200,56,5.4999999999999964
6201,100,11.699999999999982
6202,105,12.19999999999998
6203,170,19.600000000000016
6204,61,5.999999999999995
6205,321,39.20000000000022
6206,325,39.60000000000023
6207,166,19.20000000000001
6208,392,47.20000000000032
6209,356,42.70000000000027
6210,391,47.10000000000032
6211,171,19.700000000000017
6212,207,24.200000000000067
6213,244,28.800000000000118
6214,135,15.199999999999969
6215,358,43.800000000000274
6216,67,7.499999999999993
6217,241,28.500000000000114
6218,458,55.60000000000041
6219,467,56.500000000000426
6220,244,28.800000000000118
6221,245,28.90000000000012
6222,102,11.89999999999998
6223,141,16.699999999999974
6224,364,44.40000000000028
6225,585,71.90000000000016
6226,103,11.99999999999998
6227,987,121.99999999999794
6228,94,10.199999999999983
6229,463,56.10000000000042
6230,468,57.500000000000426
6231,1142,141.0999999999971
6232,207,24.200000000000067
6233,349,42.00000000000026
6234,236,28.000000000000107
6235,505,61.20000000000048
6236,170,19.600000000000016
6237,772,95.09999999999913
6238,391,47.10000000000032
6239,60,5.899999999999995
6240,391,47.10000000000032
6241,1210,149.69999999999672
6242,350,42.100000000000264
6243,319,38.10000000000022
6244,617,75.99999999999999
6245,541,65.7000000000004
6246,2974,368.4000000000121
6247,241,28.500000000000114
6248,902,110.7999999999984
6249,141,16.699999999999974
6250,246,29.90000000000012
6251,137,16.29999999999997
6252,313,37.50000000000021
6253,349,42.00000000000026
6254,89,9.699999999999985
6255,180,21.50000000000003
6256,88,9.599999999999985
6257,169,19.500000000000014
6258,210,25.40000000000007
6259,94,10.199999999999983
6260,97,10.499999999999982
6261,354,42.50000000000027
6262,387,46.700000000000315
6263,582,71.60000000000018
6264,65,7.299999999999994
6265,757,92.6999999999992
6266,139,16.49999999999997
6267,135,15.199999999999969
6268,278,33.100000000000165
6269,355,42.60000000000027
6270,422,51.100000000000364
6271,394,48.300000000000324
6272,234,27.800000000000104
6273,1059,130.09999999999755
6274,242,28.600000000000115
6275,282,33.50000000000017
6276,239,28.30000000000011
6277,394,48.300000000000324
6278,315,37.700000000000216
6279,63,7.099999999999994
6280,169,19.500000000000014
6281,169,19.500000000000014
6282,281,33.40000000000017
6283,93,10.099999999999984
6284,238,28.20000000000011
6285,94,10.199999999999983
6286,236,28.000000000000107
6287,170,19.600000000000016
6288,88,9.599999999999985
6289,67,7.499999999999993
6290,91,9.899999999999984
6291,166,19.20000000000001
6292,162,18.800000000000004
6293,662,81.39999999999974
6294,394,48.300000000000324
6295,395,48.400000000000325
6296,462,56.00000000000042
6297,167,19.30000000000001
6298,162,18.800000000000004
6299,134,15.09999999999997
6300,1839,227.89999999999324
6301,284,34.60000000000017
6302,91,9.899999999999984
6303,199,23.400000000000055
6304,2351,290.7999999999983
6305,167,19.30000000000001
6306,170,19.600000000000016
6307,126,14.299999999999972
6308,287,34.900000000000176
6309,349,42.00000000000026
6310,94,10.199999999999983
6311,284,34.60000000000017
6312,284,34.60000000000017
6313,1754,216.6999999999937
6314,88,9.599999999999985
6315,497,60.40000000000047
6316,249,30.200000000000124
6317,606,74.00000000000004
6318,92,9.999999999999984
6319,240,28.400000000000112
6320,173,20.80000000000002
6321,175,21.00000000000002
6322,542,66.7000000000004
6323,535,65.10000000000043
6324,242,28.600000000000115
6325,52,5.099999999999998
6326,90,9.799999999999985
6327,245,28.90000000000012
6328,469,57.60000000000043
6329,503,61.000000000000476
6330,433,53.10000000000038
6331,496,60.300000000000466
6332,92,9.999999999999984
6333,986,121.89999999999795
6334,1355,166.8999999999959
6335,504,61.10000000000048
6336,286,34.800000000000175
6337,692,85.29999999999957
6338,430,51.900000000000375
6339,827,101.49999999999882
6340,1126,138.59999999999718
6341,458,55.60000000000041
6342,1345,165.89999999999597
6343,88,9.599999999999985
6344,1543,191.09999999999488
6345,135,15.199999999999969
6346,95,10.299999999999983
6347,285,34.70000000000017
6348,1719,212.2999999999939
6349,93,10.099999999999984
6350,1207,148.49999999999673
6351,954,117.79999999999812
6352,465,56.30000000000042
6353,382,46.20000000000031
6354,682,83.39999999999962
6355,63,7.099999999999994
6356,134,15.09999999999997
6357,1353,166.69999999999592
6358,99,11.599999999999982
6359,753,92.29999999999923
6360,865,106.19999999999861
6361,2056,254.09999999999204
6362,801,97.99999999999896
6363,983,120.69999999999796
6364,763,93.29999999999917
6365,171,19.700000000000017
6366,2432,301.6000000000001
6367,355,42.60000000000027
6368,614,74.8
6369,801,97.99999999999896
6370,1358,168.0999999999959
6371,466,56.400000000000425
6372,681,83.29999999999963
6373,1106,136.5999999999973
6374,144,16.99999999999998
6375,988,122.09999999999793
6376,2321,287.7999999999976
6377,461,55.90000000000042
6378,292,35.40000000000018
6379,2287,283.4999999999969
6380,292,35.40000000000018
6381,1500,184.9999999999951
6382,1420,175.19999999999555
6383,582,71.60000000000018
6384,3868,479.40000000003187
6385,171,19.700000000000017
6386,3288,407.900000000019
6387,4620,573.5000000000484
6388,13008,1615.6999999997067
6389,10424,1295.1999999999355
6390,2654,329.200000000005
6391,2542,315.3000000000025
6392,728,89.79999999999937
6393,1247,154.29999999999652
6394,7537,936.300000000113
6395,4053,502.40000000003596
6396,3168,392.3000000000164
6397,836,102.39999999999877
6398,1831,226.19999999999328
6399,6079,754.5000000000807
6400,4308,534.2000000000415
6401,4203,521.0000000000392
6402,692,85.29999999999957
6403,729,89.89999999999937
6404,4205,521.2000000000393
6405,1800,223.09999999999346
6406,4356,540.8000000000426
6407,842,103.89999999999874
6408,2730,338.6000000000067
6409,1095,134.59999999999735
6410,9039,1122.500000000058
6411,9078,1127.3000000000545
6412,2601,322.10000000000383
6413,20486,2546.1999999990453
6414,5087,631.0000000000588
6415,655,80.69999999999978
6416,14332,1780.4999999995896
6417,3975,492.80000000003423
6418,2453,303.70000000000056
6419,7010,870.1000000001013
6420,1861,230.09999999999312
6421,1322,163.5999999999961
6422,1431,177.1999999999955
6423,233,27.700000000000102
6424,2137,264.89999999999355
6425,14572,1810.7999999995684
6426,7098,881.6000000001033
6427,1177,145.4999999999969
6428,1359,168.1999999999959
6429,12739,1582.4999999997306
6430,44939,5585.500000002185
6431,10170,1263.499999999958
6432,1163,143.19999999999698
6433,25061,3114.3999999986404
6434,13008,1615.6999999997067
6435,3719,460.90000000002857
6436,8800,1093.2000000000792
6437,3429,425.60000000002213
6438,2027,251.1999999999922
6439,49779,6187.400000003898
6440,513,62.90000000000049
6441,6117,759.2000000000816
6442,198,23.300000000000054
6443,64,7.199999999999994
6444,2470,306.3000000000009
6445,271,32.400000000000155
6446,475,58.200000000000436
6447,1655,204.99999999999426
6448,2678,331.60000000000554
6449,1211,149.79999999999671
6450,720,88.09999999999941
6451,1048,128.9999999999976
6452,1427,175.89999999999552
6453,2463,304.7000000000008
6454,1355,166.8999999999959
6455,1021,125.39999999999775
6456,1026,126.79999999999772
6457,2047,253.1999999999921
6458,175,21.00000000000002
6459,541,65.7000000000004
6460,762,93.19999999999918
6461,728,89.79999999999937
6462,1132,139.19999999999715
6463,654,80.59999999999978
6464,4934,612.1000000000554
6465,3434,426.10000000002225
6466,3573,442.70000000002534
6467,282,33.50000000000017
6468,48335,6007.900000003387
6469,2398,297.29999999999933
6470,4358,541.0000000000426
6471,1546,191.39999999999486
6472,21122,2625.099999998989
6473,3696,458.60000000002805
6474,588,72.20000000000014
6475,1106,136.5999999999973
6476,23082,2868.7999999988156
6477,8151,1012.1000000001266
6478,5857,726.9000000000758
6479,383,46.30000000000031
6480,233,27.700000000000102
6481,87,9.499999999999986
6482,40715,5060.500000000689
6483,2798,346.3000000000082
6484,9188,1141.0000000000448
6485,4859,602.8000000000537
6486,1049,129.0999999999976
6487,281,33.40000000000017
6488,13259,1647.0999999996845
6489,2803,347.7000000000083
6490,4945,613.2000000000556
6491,2686,332.4000000000057
6492,10631,1320.399999999917
6493,5691,706.7000000000721
6494,3305,409.6000000000194
6495,292,35.40000000000018
6496,70,7.799999999999992
6497,1307,161.19999999999618
6498,6209,771.1000000000836
6499,345,41.60000000000026
6500,105,12.19999999999998
6501,123,13.999999999999973
6502,1641,202.69999999999433
6503,899,110.49999999999842
6504,200,23.500000000000057
6505,307,36.900000000000205
6506,310,37.20000000000021
6507,724,88.49999999999939
6508,493,60.00000000000046
6509,126,14.299999999999972
6510,574,69.90000000000022
6511,309,37.10000000000021
6512,50,4.899999999999999
6513,274,32.70000000000016
6514,162,18.800000000000004
6515,52,5.099999999999998
6516,2641,327.0000000000047
6517,2316,286.39999999999753
6518,1427,175.89999999999552
6519,86,9.399999999999986
6520,52,5.099999999999998
6521,499,60.60000000000047
6522,144,16.99999999999998
6523,123,13.999999999999973
6524,981,120.49999999999797
6525,899,110.49999999999842
6526,310,37.20000000000021
6527,789,96.79999999999903
6528,1683,207.7999999999941
6529,2604,322.4000000000039
6530,2639,326.8000000000047
6531,1056,129.79999999999757
6532,1098,135.79999999999734
6533,1833,226.39999999999327
6534,574,69.90000000000022
6535,130,14.69999999999997
6536,101,11.799999999999981
6537,101,11.799999999999981
6538,201,23.60000000000006
6539,2941,364.20000000001136
6540,203,23.80000000000006
6541,166,19.20000000000001
6542,531,64.70000000000046
6543,496,60.300000000000466
6544,617,75.99999999999999
6545,8233,1022.1000000001284
6546,3353,415.3000000000205
6547,132,14.89999999999997
6548,2978,368.8000000000122
6549,17996,2235.9999999992656
6550,317,37.90000000000022
6551,55370,6882.400000005877
6552,10093,1253.9999999999648
6553,29552,3673.299999998243
