episode,time,r_sum
1,49,4.799999999999999
2,50,4.899999999999999
3,50,4.899999999999999
1,49,4.799999999999999
2,50,4.899999999999999
3,50,4.899999999999999
4,50,4.899999999999999
5,50,4.899999999999999
6,50,4.899999999999999
7,50,4.899999999999999
8,50,4.899999999999999
9,50,4.899999999999999
10,50,4.899999999999999
11,50,4.899999999999999
12,50,4.899999999999999
13,50,4.899999999999999
14,50,4.899999999999999
15,50,4.899999999999999
16,50,4.899999999999999
17,50,4.899999999999999
18,50,4.899999999999999
1,49,4.799999999999999
2,50,4.899999999999999
3,50,4.899999999999999
4,50,4.899999999999999
5,50,4.899999999999999
6,50,4.899999999999999
7,50,4.899999999999999
8,50,4.899999999999999
9,50,4.899999999999999
10,50,4.899999999999999
11,50,4.899999999999999
12,50,4.899999999999999
13,50,4.899999999999999
14,50,4.899999999999999
15,50,4.899999999999999
16,50,4.899999999999999
17,50,4.899999999999999
18,50,4.899999999999999
19,50,4.899999999999999
20,50,4.899999999999999
21,50,4.899999999999999
22,50,4.899999999999999
23,50,4.899999999999999
24,50,4.899999999999999
25,50,4.899999999999999
26,50,4.899999999999999
27,50,4.899999999999999
28,50,4.899999999999999
29,50,4.899999999999999
30,50,4.899999999999999
31,50,4.899999999999999
32,50,4.899999999999999
33,50,4.899999999999999
34,50,4.899999999999999
35,50,4.899999999999999
36,50,4.899999999999999
37,50,4.899999999999999
38,50,4.899999999999999
39,50,4.899999999999999
40,50,4.899999999999999
41,50,4.899999999999999
42,50,4.899999999999999
43,50,4.899999999999999
44,50,4.899999999999999
45,50,4.899999999999999
46,50,4.899999999999999
47,50,4.899999999999999
48,50,4.899999999999999
49,50,4.899999999999999
50,50,4.899999999999999
51,50,4.899999999999999
52,50,4.899999999999999
53,50,4.899999999999999
54,50,4.899999999999999
55,50,4.899999999999999
56,50,4.899999999999999
57,50,4.899999999999999
58,50,4.899999999999999
59,50,4.899999999999999
60,50,4.899999999999999
61,50,4.899999999999999
62,50,4.899999999999999
63,50,4.899999999999999
64,50,4.899999999999999
65,50,4.899999999999999
66,50,4.899999999999999
67,50,4.899999999999999
68,50,4.899999999999999
69,50,4.899999999999999
70,50,4.899999999999999
71,50,4.899999999999999
72,50,4.899999999999999
73,50,4.899999999999999
74,50,4.899999999999999
75,50,4.899999999999999
76,50,4.899999999999999
77,50,4.899999999999999
78,50,4.899999999999999
79,50,4.899999999999999
80,50,4.899999999999999
81,50,4.899999999999999
82,50,4.899999999999999
83,50,4.899999999999999
84,50,4.899999999999999
85,50,4.899999999999999
86,50,4.899999999999999
87,50,4.899999999999999
88,50,4.899999999999999
89,50,4.899999999999999
90,50,4.899999999999999
91,50,4.899999999999999
92,50,4.899999999999999
93,50,4.899999999999999
94,50,4.899999999999999
95,50,4.899999999999999
96,50,4.899999999999999
97,50,4.899999999999999
98,50,4.899999999999999
99,50,4.899999999999999
100,50,4.899999999999999
101,50,4.899999999999999
102,50,4.899999999999999
103,50,4.899999999999999
104,50,4.899999999999999
105,50,4.899999999999999
106,50,4.899999999999999
107,50,4.899999999999999
108,50,4.899999999999999
109,50,4.899999999999999
110,50,4.899999999999999
111,50,4.899999999999999
112,50,4.899999999999999
113,50,4.899999999999999
114,50,4.899999999999999
115,50,4.899999999999999
116,50,4.899999999999999
117,50,4.899999999999999
118,50,4.899999999999999
119,50,4.899999999999999
120,50,4.899999999999999
121,50,4.899999999999999
122,50,4.899999999999999
123,50,4.899999999999999
124,50,4.899999999999999
125,50,4.899999999999999
126,50,4.899999999999999
127,50,4.899999999999999
128,50,4.899999999999999
129,50,4.899999999999999
130,50,4.899999999999999
131,50,4.899999999999999
132,50,4.899999999999999
133,50,4.899999999999999
134,50,4.899999999999999
135,50,4.899999999999999
136,50,4.899999999999999
137,50,4.899999999999999
138,50,4.899999999999999
139,50,4.899999999999999
140,50,4.899999999999999
141,50,4.899999999999999
142,50,4.899999999999999
143,50,4.899999999999999
144,50,4.899999999999999
145,50,4.899999999999999
146,50,4.899999999999999
147,50,4.899999999999999
148,50,4.899999999999999
149,50,4.899999999999999
150,50,4.899999999999999
151,50,4.899999999999999
152,50,4.899999999999999
153,50,4.899999999999999
154,50,4.899999999999999
155,50,4.899999999999999
156,50,4.899999999999999
157,50,4.899999999999999
158,50,4.899999999999999
159,50,4.899999999999999
160,50,4.899999999999999
161,50,4.899999999999999
162,50,4.899999999999999
163,50,4.899999999999999
164,50,4.899999999999999
165,50,4.899999999999999
166,50,4.899999999999999
167,50,4.899999999999999
168,50,4.899999999999999
169,50,4.899999999999999
170,50,4.899999999999999
171,50,4.899999999999999
172,50,4.899999999999999
173,50,4.899999999999999
174,50,4.899999999999999
175,50,4.899999999999999
176,50,4.899999999999999
177,50,4.899999999999999
178,50,4.899999999999999
179,50,4.899999999999999
180,50,4.899999999999999
181,50,4.899999999999999
182,50,4.899999999999999
183,50,4.899999999999999
184,50,4.899999999999999
185,50,4.899999999999999
186,50,4.899999999999999
187,50,4.899999999999999
188,50,4.899999999999999
189,50,4.899999999999999
190,50,4.899999999999999
191,50,4.899999999999999
192,50,4.899999999999999
193,50,4.899999999999999
194,50,4.899999999999999
195,50,4.899999999999999
196,50,4.899999999999999
197,50,4.899999999999999
198,50,4.899999999999999
199,50,4.899999999999999
200,50,4.899999999999999
201,50,4.899999999999999
202,50,4.899999999999999
203,50,4.899999999999999
204,50,4.899999999999999
205,50,4.899999999999999
206,50,4.899999999999999
207,50,4.899999999999999
208,50,4.899999999999999
209,50,4.899999999999999
210,50,4.899999999999999
211,50,4.899999999999999
212,50,4.899999999999999
213,50,4.899999999999999
214,50,4.899999999999999
215,50,4.899999999999999
216,50,4.899999999999999
217,50,4.899999999999999
218,50,4.899999999999999
219,50,4.899999999999999
220,50,4.899999999999999
221,50,4.899999999999999
222,50,4.899999999999999
223,50,4.899999999999999
224,50,4.899999999999999
225,50,4.899999999999999
226,50,4.899999999999999
227,50,4.899999999999999
228,50,4.899999999999999
229,50,4.899999999999999
230,50,4.899999999999999
231,50,4.899999999999999
232,50,4.899999999999999
233,50,4.899999999999999
234,50,4.899999999999999
235,50,4.899999999999999
236,50,4.899999999999999
237,50,4.899999999999999
238,50,4.899999999999999
239,50,4.899999999999999
240,50,4.899999999999999
241,50,4.899999999999999
242,50,4.899999999999999
243,50,4.899999999999999
244,50,4.899999999999999
245,50,4.899999999999999
246,50,4.899999999999999
247,50,4.899999999999999
248,50,4.899999999999999
249,50,4.899999999999999
250,50,4.899999999999999
251,50,4.899999999999999
252,50,4.899999999999999
253,50,4.899999999999999
254,50,4.899999999999999
255,50,4.899999999999999
256,50,4.899999999999999
257,50,4.899999999999999
258,50,4.899999999999999
259,50,4.899999999999999
260,50,4.899999999999999
261,50,4.899999999999999
262,50,4.899999999999999
263,50,4.899999999999999
264,50,4.899999999999999
265,50,4.899999999999999
266,50,4.899999999999999
267,50,4.899999999999999
268,50,4.899999999999999
269,50,4.899999999999999
270,50,4.899999999999999
271,50,4.899999999999999
272,50,4.899999999999999
273,50,4.899999999999999
274,50,4.899999999999999
275,50,4.899999999999999
276,50,4.899999999999999
277,50,4.899999999999999
278,50,4.899999999999999
279,50,4.899999999999999
280,50,4.899999999999999
281,50,4.899999999999999
282,50,4.899999999999999
283,50,4.899999999999999
284,50,4.899999999999999
285,50,4.899999999999999
286,50,4.899999999999999
287,50,4.899999999999999
288,50,4.899999999999999
289,50,4.899999999999999
290,50,4.899999999999999
291,50,4.899999999999999
292,50,4.899999999999999
293,50,4.899999999999999
294,50,4.899999999999999
295,50,4.899999999999999
296,50,4.899999999999999
297,50,4.899999999999999
298,50,4.899999999999999
299,50,4.899999999999999
300,50,4.899999999999999
301,50,4.899999999999999
302,50,4.899999999999999
303,50,4.899999999999999
304,50,4.899999999999999
305,50,4.899999999999999
306,50,4.899999999999999
307,50,4.899999999999999
308,50,4.899999999999999
309,50,4.899999999999999
310,50,4.899999999999999
311,50,4.899999999999999
312,50,4.899999999999999
313,50,4.899999999999999
314,50,4.899999999999999
315,50,4.899999999999999
316,50,4.899999999999999
317,50,4.899999999999999
318,50,4.899999999999999
319,50,4.899999999999999
320,50,4.899999999999999
321,50,4.899999999999999
322,50,4.899999999999999
323,50,4.899999999999999
324,50,4.899999999999999
325,50,4.899999999999999
326,50,4.899999999999999
327,50,4.899999999999999
328,50,4.899999999999999
329,50,4.899999999999999
330,50,4.899999999999999
331,50,4.899999999999999
332,50,4.899999999999999
333,50,4.899999999999999
334,50,4.899999999999999
335,50,4.899999999999999
336,50,4.899999999999999
337,50,4.899999999999999
338,50,4.899999999999999
339,50,4.899999999999999
340,50,4.899999999999999
341,50,4.899999999999999
342,50,4.899999999999999
343,50,4.899999999999999
344,50,4.899999999999999
345,50,4.899999999999999
346,50,4.899999999999999
347,50,4.899999999999999
348,50,4.899999999999999
349,50,4.899999999999999
350,50,4.899999999999999
351,50,4.899999999999999
352,50,4.899999999999999
353,50,4.899999999999999
354,50,4.899999999999999
355,50,4.899999999999999
356,50,4.899999999999999
357,50,4.899999999999999
358,50,4.899999999999999
359,50,4.899999999999999
360,50,4.899999999999999
361,50,4.899999999999999
362,50,4.899999999999999
363,50,4.899999999999999
364,50,4.899999999999999
365,50,4.899999999999999
366,50,4.899999999999999
367,50,4.899999999999999
368,50,4.899999999999999
369,50,4.899999999999999
370,50,4.899999999999999
371,50,4.899999999999999
372,50,4.899999999999999
373,50,4.899999999999999
374,50,4.899999999999999
375,50,4.899999999999999
376,50,4.899999999999999
377,50,4.899999999999999
378,50,4.899999999999999
379,50,4.899999999999999
380,50,4.899999999999999
381,50,4.899999999999999
382,50,4.899999999999999
383,50,4.899999999999999
384,50,4.899999999999999
385,50,4.899999999999999
386,50,4.899999999999999
387,50,4.899999999999999
388,50,4.899999999999999
389,50,4.899999999999999
390,50,4.899999999999999
391,50,4.899999999999999
392,50,4.899999999999999
393,50,4.899999999999999
394,50,4.899999999999999
395,50,4.899999999999999
396,50,4.899999999999999
397,50,4.899999999999999
398,50,4.899999999999999
399,50,4.899999999999999
400,50,4.899999999999999
401,50,4.899999999999999
402,50,4.899999999999999
403,50,4.899999999999999
404,50,4.899999999999999
405,50,4.899999999999999
406,50,4.899999999999999
407,50,4.899999999999999
408,50,4.899999999999999
409,50,4.899999999999999
410,50,4.899999999999999
411,50,4.899999999999999
412,50,4.899999999999999
413,50,4.899999999999999
414,50,4.899999999999999
415,50,4.899999999999999
416,50,4.899999999999999
417,50,4.899999999999999
418,50,4.899999999999999
419,50,4.899999999999999
420,50,4.899999999999999
421,50,4.899999999999999
422,50,4.899999999999999
423,50,4.899999999999999
424,50,4.899999999999999
425,50,4.899999999999999
426,50,4.899999999999999
427,50,4.899999999999999
428,50,4.899999999999999
429,50,4.899999999999999
430,50,4.899999999999999
431,50,4.899999999999999
432,50,4.899999999999999
433,50,4.899999999999999
434,50,4.899999999999999
435,50,4.899999999999999
436,50,4.899999999999999
437,50,4.899999999999999
438,50,4.899999999999999
439,50,4.899999999999999
440,50,4.899999999999999
441,50,4.899999999999999
442,50,4.899999999999999
443,50,4.899999999999999
444,50,4.899999999999999
445,50,4.899999999999999
446,50,4.899999999999999
447,50,4.899999999999999
448,50,4.899999999999999
449,50,4.899999999999999
450,50,4.899999999999999
451,50,4.899999999999999
452,50,4.899999999999999
453,50,4.899999999999999
454,50,4.899999999999999
455,50,4.899999999999999
456,50,4.899999999999999
457,50,4.899999999999999
458,50,4.899999999999999
459,50,4.899999999999999
460,50,4.899999999999999
461,50,4.899999999999999
462,50,4.899999999999999
463,50,4.899999999999999
464,50,4.899999999999999
465,50,4.899999999999999
466,50,4.899999999999999
467,50,4.899999999999999
468,50,4.899999999999999
469,50,4.899999999999999
470,50,4.899999999999999
471,50,4.899999999999999
472,50,4.899999999999999
473,50,4.899999999999999
474,50,4.899999999999999
475,50,4.899999999999999
476,50,4.899999999999999
477,50,4.899999999999999
478,50,4.899999999999999
479,50,4.899999999999999
480,50,4.899999999999999
481,50,4.899999999999999
482,50,4.899999999999999
483,50,4.899999999999999
484,50,4.899999999999999
485,50,4.899999999999999
486,50,4.899999999999999
487,50,4.899999999999999
488,50,4.899999999999999
489,50,4.899999999999999
490,50,4.899999999999999
491,50,4.899999999999999
492,50,4.899999999999999
493,50,4.899999999999999
494,50,4.899999999999999
495,50,4.899999999999999
496,50,4.899999999999999
497,50,4.899999999999999
498,50,4.899999999999999
499,50,4.899999999999999
500,50,4.899999999999999
501,50,4.899999999999999
502,50,4.899999999999999
503,50,4.899999999999999
504,50,4.899999999999999
505,50,4.899999999999999
506,50,4.899999999999999
507,50,4.899999999999999
508,50,4.899999999999999
509,50,4.899999999999999
510,50,4.899999999999999
511,50,4.899999999999999
512,50,4.899999999999999
513,50,4.899999999999999
514,50,4.899999999999999
515,50,4.899999999999999
516,50,4.899999999999999
517,50,4.899999999999999
518,50,4.899999999999999
519,50,4.899999999999999
520,50,4.899999999999999
521,50,4.899999999999999
522,50,4.899999999999999
523,50,4.899999999999999
524,50,4.899999999999999
525,50,4.899999999999999
526,50,4.899999999999999
527,50,4.899999999999999
528,50,4.899999999999999
529,50,4.899999999999999
530,50,4.899999999999999
531,50,4.899999999999999
532,50,4.899999999999999
533,50,4.899999999999999
534,50,4.899999999999999
535,50,4.899999999999999
536,50,4.899999999999999
537,50,4.899999999999999
538,50,4.899999999999999
539,50,4.899999999999999
540,50,4.899999999999999
541,50,4.899999999999999
542,50,4.899999999999999
543,50,4.899999999999999
544,50,4.899999999999999
545,50,4.899999999999999
546,50,4.899999999999999
547,50,4.899999999999999
548,50,4.899999999999999
549,50,4.899999999999999
550,50,4.899999999999999
551,50,4.899999999999999
552,50,4.899999999999999
553,50,4.899999999999999
554,50,4.899999999999999
555,50,4.899999999999999
556,50,4.899999999999999
557,50,4.899999999999999
558,50,4.899999999999999
559,50,4.899999999999999
560,50,4.899999999999999
561,50,4.899999999999999
562,50,4.899999999999999
563,50,4.899999999999999
564,50,4.899999999999999
565,50,4.899999999999999
566,50,4.899999999999999
567,50,4.899999999999999
568,50,4.899999999999999
569,50,4.899999999999999
570,50,4.899999999999999
571,50,4.899999999999999
572,50,4.899999999999999
573,50,4.899999999999999
574,50,4.899999999999999
575,50,4.899999999999999
576,50,4.899999999999999
577,50,4.899999999999999
578,50,4.899999999999999
579,50,4.899999999999999
580,50,4.899999999999999
581,50,4.899999999999999
582,50,4.899999999999999
583,50,4.899999999999999
584,50,4.899999999999999
585,50,4.899999999999999
586,50,4.899999999999999
587,50,4.899999999999999
588,50,4.899999999999999
589,50,4.899999999999999
590,50,4.899999999999999
591,50,4.899999999999999
592,50,4.899999999999999
593,50,4.899999999999999
594,50,4.899999999999999
595,50,4.899999999999999
596,50,4.899999999999999
597,50,4.899999999999999
598,50,4.899999999999999
599,50,4.899999999999999
600,50,4.899999999999999
601,50,4.899999999999999
602,50,4.899999999999999
603,50,4.899999999999999
604,50,4.899999999999999
605,50,4.899999999999999
606,50,4.899999999999999
607,50,4.899999999999999
608,50,4.899999999999999
609,50,4.899999999999999
610,50,4.899999999999999
611,50,4.899999999999999
612,50,4.899999999999999
613,50,4.899999999999999
614,50,4.899999999999999
615,50,4.899999999999999
616,50,4.899999999999999
617,50,4.899999999999999
618,50,4.899999999999999
619,50,4.899999999999999
620,50,4.899999999999999
621,50,4.899999999999999
622,50,4.899999999999999
623,50,4.899999999999999
624,50,4.899999999999999
625,50,4.899999999999999
626,50,4.899999999999999
627,50,4.899999999999999
628,50,4.899999999999999
629,50,4.899999999999999
630,50,4.899999999999999
631,50,4.899999999999999
632,50,4.899999999999999
633,50,4.899999999999999
634,50,4.899999999999999
635,50,4.899999999999999
636,50,4.899999999999999
637,50,4.899999999999999
638,50,4.899999999999999
639,50,4.899999999999999
640,50,4.899999999999999
641,50,4.899999999999999
642,50,4.899999999999999
643,50,4.899999999999999
644,50,4.899999999999999
645,50,4.899999999999999
646,50,4.899999999999999
647,50,4.899999999999999
648,50,4.899999999999999
649,50,4.899999999999999
650,50,4.899999999999999
651,50,4.899999999999999
652,50,4.899999999999999
653,50,4.899999999999999
654,50,4.899999999999999
655,50,4.899999999999999
656,50,4.899999999999999
657,50,4.899999999999999
658,50,4.899999999999999
659,50,4.899999999999999
660,50,4.899999999999999
661,50,4.899999999999999
662,50,4.899999999999999
663,50,4.899999999999999
664,50,4.899999999999999
665,50,4.899999999999999
666,50,4.899999999999999
667,50,4.899999999999999
668,50,4.899999999999999
669,50,4.899999999999999
670,50,4.899999999999999
671,50,4.899999999999999
672,50,4.899999999999999
673,50,4.899999999999999
674,50,4.899999999999999
675,50,4.899999999999999
676,50,4.899999999999999
677,50,4.899999999999999
678,50,4.899999999999999
679,50,4.899999999999999
680,50,4.899999999999999
681,50,4.899999999999999
682,50,4.899999999999999
683,50,4.899999999999999
684,50,4.899999999999999
685,50,4.899999999999999
686,50,4.899999999999999
687,50,4.899999999999999
688,50,4.899999999999999
689,50,4.899999999999999
690,50,4.899999999999999
691,50,4.899999999999999
692,50,4.899999999999999
693,50,4.899999999999999
694,50,4.899999999999999
695,50,4.899999999999999
696,50,4.899999999999999
697,50,4.899999999999999
698,50,4.899999999999999
699,50,4.899999999999999
700,50,4.899999999999999
701,50,4.899999999999999
702,50,4.899999999999999
703,50,4.899999999999999
704,50,4.899999999999999
705,50,4.899999999999999
706,50,4.899999999999999
707,50,4.899999999999999
708,50,4.899999999999999
709,50,4.899999999999999
710,50,4.899999999999999
711,50,4.899999999999999
712,50,4.899999999999999
713,50,4.899999999999999
714,50,4.899999999999999
715,50,4.899999999999999
716,50,4.899999999999999
717,50,4.899999999999999
718,50,4.899999999999999
719,50,4.899999999999999
720,50,4.899999999999999
721,50,4.899999999999999
722,50,4.899999999999999
723,50,4.899999999999999
724,50,4.899999999999999
725,50,4.899999999999999
726,50,4.899999999999999
727,50,4.899999999999999
728,50,4.899999999999999
729,50,4.899999999999999
730,50,4.899999999999999
731,50,4.899999999999999
732,50,4.899999999999999
733,50,4.899999999999999
734,50,4.899999999999999
735,50,4.899999999999999
736,50,4.899999999999999
737,50,4.899999999999999
738,50,4.899999999999999
739,50,4.899999999999999
740,50,4.899999999999999
741,50,4.899999999999999
742,50,4.899999999999999
743,50,4.899999999999999
744,50,4.899999999999999
745,50,4.899999999999999
746,50,4.899999999999999
747,50,4.899999999999999
748,50,4.899999999999999
749,50,4.899999999999999
750,50,4.899999999999999
751,50,4.899999999999999
752,50,4.899999999999999
753,50,4.899999999999999
754,50,4.899999999999999
755,50,4.899999999999999
756,50,4.899999999999999
757,50,4.899999999999999
758,50,4.899999999999999
759,50,4.899999999999999
760,50,4.899999999999999
761,50,4.899999999999999
762,50,4.899999999999999
763,50,4.899999999999999
764,50,4.899999999999999
765,50,4.899999999999999
766,50,4.899999999999999
767,50,4.899999999999999
768,50,4.899999999999999
769,50,4.899999999999999
770,50,4.899999999999999
771,50,4.899999999999999
772,50,4.899999999999999
773,50,4.899999999999999
774,50,4.899999999999999
775,50,4.899999999999999
776,50,4.899999999999999
777,50,4.899999999999999
778,50,4.899999999999999
779,50,4.899999999999999
780,50,4.899999999999999
781,50,4.899999999999999
782,50,4.899999999999999
783,50,4.899999999999999
784,50,4.899999999999999
785,50,4.899999999999999
786,50,4.899999999999999
787,50,4.899999999999999
788,50,4.899999999999999
789,50,4.899999999999999
790,50,4.899999999999999
791,50,4.899999999999999
792,50,4.899999999999999
793,50,4.899999999999999
794,50,4.899999999999999
795,50,4.899999999999999
796,50,4.899999999999999
797,50,4.899999999999999
798,50,4.899999999999999
799,50,4.899999999999999
800,50,4.899999999999999
801,50,4.899999999999999
802,50,4.899999999999999
803,50,4.899999999999999
804,50,4.899999999999999
805,50,4.899999999999999
806,50,4.899999999999999
807,50,4.899999999999999
808,50,4.899999999999999
809,50,4.899999999999999
810,50,4.899999999999999
811,50,4.899999999999999
812,50,4.899999999999999
813,50,4.899999999999999
814,50,4.899999999999999
815,50,4.899999999999999
816,50,4.899999999999999
817,50,4.899999999999999
818,50,4.899999999999999
819,50,4.899999999999999
820,50,4.899999999999999
821,50,4.899999999999999
822,50,4.899999999999999
823,50,4.899999999999999
824,50,4.899999999999999
825,50,4.899999999999999
826,50,4.899999999999999
827,50,4.899999999999999
828,50,4.899999999999999
829,50,4.899999999999999
830,50,4.899999999999999
831,50,4.899999999999999
832,50,4.899999999999999
833,50,4.899999999999999
834,50,4.899999999999999
835,50,4.899999999999999
836,50,4.899999999999999
837,50,4.899999999999999
838,50,4.899999999999999
839,50,4.899999999999999
840,50,4.899999999999999
841,50,4.899999999999999
842,50,4.899999999999999
843,50,4.899999999999999
844,50,4.899999999999999
845,50,4.899999999999999
846,50,4.899999999999999
847,50,4.899999999999999
848,50,4.899999999999999
849,50,4.899999999999999
850,50,4.899999999999999
851,50,4.899999999999999
852,50,4.899999999999999
853,50,4.899999999999999
854,50,4.899999999999999
855,50,4.899999999999999
856,50,4.899999999999999
857,50,4.899999999999999
858,50,4.899999999999999
859,50,4.899999999999999
860,50,4.899999999999999
861,50,4.899999999999999
862,50,4.899999999999999
863,50,4.899999999999999
864,50,4.899999999999999
865,50,4.899999999999999
866,50,4.899999999999999
867,50,4.899999999999999
868,50,4.899999999999999
869,50,4.899999999999999
870,50,4.899999999999999
871,50,4.899999999999999
872,50,4.899999999999999
873,50,4.899999999999999
874,50,4.899999999999999
875,50,4.899999999999999
876,50,4.899999999999999
877,50,4.899999999999999
878,50,4.899999999999999
879,50,4.899999999999999
880,50,4.899999999999999
881,50,4.899999999999999
882,50,4.899999999999999
883,50,4.899999999999999
884,50,4.899999999999999
885,50,4.899999999999999
886,50,4.899999999999999
887,50,4.899999999999999
888,50,4.899999999999999
889,50,4.899999999999999
890,50,4.899999999999999
891,50,4.899999999999999
892,50,4.899999999999999
893,50,4.899999999999999
894,50,4.899999999999999
895,50,4.899999999999999
896,50,4.899999999999999
897,50,4.899999999999999
898,50,4.899999999999999
899,50,4.899999999999999
900,50,4.899999999999999
901,50,4.899999999999999
902,50,4.899999999999999
903,50,4.899999999999999
904,50,4.899999999999999
905,50,4.899999999999999
906,50,4.899999999999999
907,50,4.899999999999999
908,50,4.899999999999999
909,50,4.899999999999999
910,50,4.899999999999999
911,50,4.899999999999999
912,50,4.899999999999999
913,50,4.899999999999999
914,50,4.899999999999999
915,50,4.899999999999999
916,50,4.899999999999999
917,50,4.899999999999999
918,50,4.899999999999999
919,50,4.899999999999999
920,50,4.899999999999999
921,50,4.899999999999999
922,50,4.899999999999999
923,50,4.899999999999999
924,50,4.899999999999999
925,50,4.899999999999999
926,50,4.899999999999999
927,50,4.899999999999999
928,50,4.899999999999999
929,50,4.899999999999999
930,50,4.899999999999999
931,50,4.899999999999999
932,50,4.899999999999999
933,50,4.899999999999999
934,50,4.899999999999999
935,50,4.899999999999999
936,50,4.899999999999999
937,50,4.899999999999999
938,50,4.899999999999999
939,50,4.899999999999999
940,50,4.899999999999999
941,50,4.899999999999999
942,51,4.999999999999998
943,50,4.899999999999999
944,50,4.899999999999999
945,50,4.899999999999999
946,50,4.899999999999999
947,50,4.899999999999999
948,50,4.899999999999999
949,50,4.899999999999999
950,50,4.899999999999999
951,50,4.899999999999999
952,50,4.899999999999999
953,50,4.899999999999999
954,50,4.899999999999999
955,50,4.899999999999999
956,50,4.899999999999999
957,50,4.899999999999999
958,50,4.899999999999999
959,50,4.899999999999999
960,50,4.899999999999999
961,50,4.899999999999999
962,50,4.899999999999999
963,50,4.899999999999999
964,50,4.899999999999999
965,50,4.899999999999999
966,50,4.899999999999999
967,50,4.899999999999999
968,50,4.899999999999999
969,50,4.899999999999999
970,50,4.899999999999999
971,50,4.899999999999999
972,50,4.899999999999999
973,50,4.899999999999999
974,50,4.899999999999999
975,50,4.899999999999999
976,50,4.899999999999999
977,50,4.899999999999999
978,50,4.899999999999999
979,50,4.899999999999999
980,50,4.899999999999999
981,50,4.899999999999999
982,50,4.899999999999999
983,50,4.899999999999999
984,50,4.899999999999999
985,50,4.899999999999999
986,50,4.899999999999999
987,50,4.899999999999999
988,50,4.899999999999999
989,50,4.899999999999999
990,50,4.899999999999999
991,50,4.899999999999999
992,50,4.899999999999999
993,50,4.899999999999999
994,50,4.899999999999999
995,50,4.899999999999999
996,50,4.899999999999999
997,50,4.899999999999999
998,50,4.899999999999999
999,50,4.899999999999999
1000,50,4.899999999999999
1001,50,4.899999999999999
1002,50,4.899999999999999
1003,50,4.899999999999999
1004,50,4.899999999999999
1005,50,4.899999999999999
1006,50,4.899999999999999
1007,50,4.899999999999999
1008,50,4.899999999999999
1009,50,4.899999999999999
1010,50,4.899999999999999
1011,50,4.899999999999999
1012,50,4.899999999999999
1013,50,4.899999999999999
1014,50,4.899999999999999
1015,50,4.899999999999999
1016,50,4.899999999999999
1017,50,4.899999999999999
1018,50,4.899999999999999
1019,50,4.899999999999999
1020,50,4.899999999999999
1021,50,4.899999999999999
1022,50,4.899999999999999
1023,50,4.899999999999999
1024,50,4.899999999999999
1025,50,4.899999999999999
1026,50,4.899999999999999
1027,50,4.899999999999999
1028,50,4.899999999999999
1029,50,4.899999999999999
1030,50,4.899999999999999
1031,50,4.899999999999999
1032,50,4.899999999999999
1033,50,4.899999999999999
1034,50,4.899999999999999
1035,50,4.899999999999999
1036,50,4.899999999999999
1037,50,4.899999999999999
1038,50,4.899999999999999
1039,50,4.899999999999999
1040,50,4.899999999999999
1041,50,4.899999999999999
1042,50,4.899999999999999
1043,50,4.899999999999999
1044,50,4.899999999999999
1045,50,4.899999999999999
1046,50,4.899999999999999
1047,50,4.899999999999999
1048,50,4.899999999999999
1049,50,4.899999999999999
1050,50,4.899999999999999
1051,50,4.899999999999999
1052,50,4.899999999999999
1053,50,4.899999999999999
1054,50,4.899999999999999
1055,50,4.899999999999999
1056,50,4.899999999999999
1057,50,4.899999999999999
1058,50,4.899999999999999
1059,50,4.899999999999999
1060,50,4.899999999999999
1061,50,4.899999999999999
1062,50,4.899999999999999
1063,50,4.899999999999999
1064,50,4.899999999999999
1065,50,4.899999999999999
1066,50,4.899999999999999
1067,50,4.899999999999999
1068,50,4.899999999999999
1069,50,4.899999999999999
1070,50,4.899999999999999
1071,50,4.899999999999999
1072,50,4.899999999999999
1073,50,4.899999999999999
1074,50,4.899999999999999
1075,50,4.899999999999999
1076,50,4.899999999999999
1077,50,4.899999999999999
1078,50,4.899999999999999
1079,50,4.899999999999999
1080,50,4.899999999999999
1081,50,4.899999999999999
1082,50,4.899999999999999
1083,50,4.899999999999999
1084,50,4.899999999999999
1085,50,4.899999999999999
1086,50,4.899999999999999
1087,50,4.899999999999999
1088,50,4.899999999999999
1089,50,4.899999999999999
1090,50,4.899999999999999
1091,50,4.899999999999999
1092,50,4.899999999999999
1093,50,4.899999999999999
1094,50,4.899999999999999
1095,50,4.899999999999999
1096,50,4.899999999999999
1097,50,4.899999999999999
1098,50,4.899999999999999
1099,50,4.899999999999999
1100,50,4.899999999999999
1101,50,4.899999999999999
1102,50,4.899999999999999
1103,50,4.899999999999999
1104,50,4.899999999999999
1105,50,4.899999999999999
1106,50,4.899999999999999
1107,50,4.899999999999999
1108,50,4.899999999999999
1109,50,4.899999999999999
1110,50,4.899999999999999
1111,50,4.899999999999999
1112,50,4.899999999999999
1113,50,4.899999999999999
1114,50,4.899999999999999
1115,50,4.899999999999999
1116,50,4.899999999999999
1117,50,4.899999999999999
1118,50,4.899999999999999
1119,50,4.899999999999999
1120,50,4.899999999999999
1121,50,4.899999999999999
1122,50,4.899999999999999
1123,50,4.899999999999999
1124,50,4.899999999999999
1125,50,4.899999999999999
1126,50,4.899999999999999
1127,50,4.899999999999999
1128,50,4.899999999999999
1129,50,4.899999999999999
1130,50,4.899999999999999
1131,50,4.899999999999999
1132,50,4.899999999999999
1133,50,4.899999999999999
1134,50,4.899999999999999
1135,50,4.899999999999999
1136,50,4.899999999999999
1137,50,4.899999999999999
1138,50,4.899999999999999
1139,50,4.899999999999999
1140,50,4.899999999999999
1141,50,4.899999999999999
1142,50,4.899999999999999
1143,50,4.899999999999999
1144,50,4.899999999999999
1145,50,4.899999999999999
1146,50,4.899999999999999
1147,50,4.899999999999999
1148,50,4.899999999999999
1149,50,4.899999999999999
1150,50,4.899999999999999
1151,50,4.899999999999999
1152,50,4.899999999999999
1153,50,4.899999999999999
1154,50,4.899999999999999
1155,50,4.899999999999999
1156,50,4.899999999999999
1157,50,4.899999999999999
1158,50,4.899999999999999
1159,50,4.899999999999999
1160,50,4.899999999999999
1161,50,4.899999999999999
1162,50,4.899999999999999
1163,50,4.899999999999999
1164,50,4.899999999999999
1165,50,4.899999999999999
1166,50,4.899999999999999
1167,50,4.899999999999999
1168,50,4.899999999999999
1169,50,4.899999999999999
1170,50,4.899999999999999
1171,50,4.899999999999999
1172,50,4.899999999999999
1173,50,4.899999999999999
1174,50,4.899999999999999
1175,50,4.899999999999999
1176,50,4.899999999999999
1177,50,4.899999999999999
1178,50,4.899999999999999
1179,50,4.899999999999999
1180,50,4.899999999999999
1181,50,4.899999999999999
1182,50,4.899999999999999
1183,50,4.899999999999999
1184,50,4.899999999999999
1185,50,4.899999999999999
1186,50,4.899999999999999
1187,50,4.899999999999999
1188,50,4.899999999999999
1189,50,4.899999999999999
1190,50,4.899999999999999
1191,50,4.899999999999999
1192,50,4.899999999999999
1193,50,4.899999999999999
1194,50,4.899999999999999
1195,50,4.899999999999999
1196,50,4.899999999999999
1197,50,4.899999999999999
1198,50,4.899999999999999
1199,50,4.899999999999999
1200,50,4.899999999999999
1201,50,4.899999999999999
1202,50,4.899999999999999
1203,50,4.899999999999999
1204,50,4.899999999999999
1205,50,4.899999999999999
1206,50,4.899999999999999
1207,50,4.899999999999999
1208,50,4.899999999999999
1209,50,4.899999999999999
1210,50,4.899999999999999
1211,50,4.899999999999999
1212,50,4.899999999999999
1213,50,4.899999999999999
1214,50,4.899999999999999
1215,50,4.899999999999999
1216,50,4.899999999999999
1217,50,4.899999999999999
1218,50,4.899999999999999
1219,50,4.899999999999999
1220,50,4.899999999999999
1221,50,4.899999999999999
1222,50,4.899999999999999
1223,50,4.899999999999999
1224,50,4.899999999999999
1225,50,4.899999999999999
1226,50,4.899999999999999
1227,50,4.899999999999999
1228,50,4.899999999999999
1229,50,4.899999999999999
1230,50,4.899999999999999
1231,50,4.899999999999999
1232,50,4.899999999999999
1233,50,4.899999999999999
1234,50,4.899999999999999
1235,50,4.899999999999999
1236,50,4.899999999999999
1237,50,4.899999999999999
1238,50,4.899999999999999
1239,50,4.899999999999999
1240,50,4.899999999999999
1241,50,4.899999999999999
1242,50,4.899999999999999
1243,50,4.899999999999999
1244,50,4.899999999999999
1245,50,4.899999999999999
1246,50,4.899999999999999
1247,50,4.899999999999999
1248,50,4.899999999999999
1249,50,4.899999999999999
1250,50,4.899999999999999
1251,50,4.899999999999999
1252,50,4.899999999999999
1253,50,4.899999999999999
1254,50,4.899999999999999
1255,50,4.899999999999999
1256,50,4.899999999999999
1257,53,5.1999999999999975
1258,50,4.899999999999999
1259,50,4.899999999999999
1260,50,4.899999999999999
1261,50,4.899999999999999
1262,50,4.899999999999999
1263,50,4.899999999999999
1264,50,4.899999999999999
1265,50,4.899999999999999
1266,50,4.899999999999999
1267,50,4.899999999999999
1268,50,4.899999999999999
1269,50,4.899999999999999
1270,50,4.899999999999999
1271,50,4.899999999999999
1272,50,4.899999999999999
1273,50,4.899999999999999
1274,50,4.899999999999999
1275,50,4.899999999999999
1276,50,4.899999999999999
1277,50,4.899999999999999
1278,50,4.899999999999999
1279,50,4.899999999999999
1280,50,4.899999999999999
1281,50,4.899999999999999
1282,50,4.899999999999999
1283,50,4.899999999999999
1284,50,4.899999999999999
1285,50,4.899999999999999
1286,50,4.899999999999999
1287,50,4.899999999999999
1288,50,4.899999999999999
1289,50,4.899999999999999
1290,50,4.899999999999999
1291,50,4.899999999999999
1292,50,4.899999999999999
1293,50,4.899999999999999
1294,50,4.899999999999999
1295,50,4.899999999999999
1296,50,4.899999999999999
1297,50,4.899999999999999
1298,50,4.899999999999999
1299,50,4.899999999999999
1300,50,4.899999999999999
1301,50,4.899999999999999
1302,50,4.899999999999999
1303,50,4.899999999999999
1304,50,4.899999999999999
1305,50,4.899999999999999
1306,50,4.899999999999999
1307,50,4.899999999999999
1308,50,4.899999999999999
1309,50,4.899999999999999
1310,50,4.899999999999999
1311,50,4.899999999999999
1312,50,4.899999999999999
1313,50,4.899999999999999
1314,50,4.899999999999999
1315,50,4.899999999999999
1316,50,4.899999999999999
1317,50,4.899999999999999
1318,50,4.899999999999999
1319,50,4.899999999999999
1320,50,4.899999999999999
1321,50,4.899999999999999
1322,50,4.899999999999999
1323,50,4.899999999999999
1324,50,4.899999999999999
1325,50,4.899999999999999
1326,50,4.899999999999999
1327,50,4.899999999999999
1328,50,4.899999999999999
1329,50,4.899999999999999
1330,50,4.899999999999999
1331,50,4.899999999999999
1332,50,4.899999999999999
1333,50,4.899999999999999
1334,50,4.899999999999999
1335,50,4.899999999999999
1336,50,4.899999999999999
1337,50,4.899999999999999
1338,50,4.899999999999999
1339,50,4.899999999999999
1340,50,4.899999999999999
1341,50,4.899999999999999
1342,50,4.899999999999999
1343,50,4.899999999999999
1344,50,4.899999999999999
1345,50,4.899999999999999
1346,50,4.899999999999999
1347,50,4.899999999999999
1348,50,4.899999999999999
1349,50,4.899999999999999
1350,50,4.899999999999999
1351,50,4.899999999999999
1352,50,4.899999999999999
1353,50,4.899999999999999
1354,50,4.899999999999999
1355,50,4.899999999999999
1356,50,4.899999999999999
1357,50,4.899999999999999
1358,50,4.899999999999999
1359,50,4.899999999999999
1360,50,4.899999999999999
1361,50,4.899999999999999
1362,50,4.899999999999999
1363,50,4.899999999999999
1364,50,4.899999999999999
1365,50,4.899999999999999
1366,50,4.899999999999999
1367,50,4.899999999999999
1368,50,4.899999999999999
1369,50,4.899999999999999
1370,50,4.899999999999999
1371,50,4.899999999999999
1372,50,4.899999999999999
1373,50,4.899999999999999
1374,50,4.899999999999999
1375,50,4.899999999999999
1376,50,4.899999999999999
1377,50,4.899999999999999
1378,50,4.899999999999999
1379,50,4.899999999999999
1380,50,4.899999999999999
1381,50,4.899999999999999
1382,50,4.899999999999999
1383,50,4.899999999999999
1384,50,4.899999999999999
1385,50,4.899999999999999
1386,50,4.899999999999999
1387,50,4.899999999999999
1388,50,4.899999999999999
1389,50,4.899999999999999
1390,50,4.899999999999999
1391,50,4.899999999999999
1392,50,4.899999999999999
1393,50,4.899999999999999
1394,50,4.899999999999999
1395,50,4.899999999999999
1396,50,4.899999999999999
1397,50,4.899999999999999
1398,50,4.899999999999999
1399,50,4.899999999999999
1400,50,4.899999999999999
1401,50,4.899999999999999
1402,50,4.899999999999999
1403,50,4.899999999999999
1404,50,4.899999999999999
1405,50,4.899999999999999
1406,50,4.899999999999999
1407,50,4.899999999999999
1408,50,4.899999999999999
1409,50,4.899999999999999
1410,50,4.899999999999999
1411,50,4.899999999999999
1412,50,4.899999999999999
1413,50,4.899999999999999
1414,50,4.899999999999999
1415,50,4.899999999999999
1416,50,4.899999999999999
1417,50,4.899999999999999
1418,50,4.899999999999999
1419,50,4.899999999999999
1420,50,4.899999999999999
1421,50,4.899999999999999
1422,50,4.899999999999999
1423,50,4.899999999999999
1424,50,4.899999999999999
1425,50,4.899999999999999
1426,50,4.899999999999999
1427,50,4.899999999999999
1428,50,4.899999999999999
1429,50,4.899999999999999
1430,50,4.899999999999999
1431,50,4.899999999999999
1432,50,4.899999999999999
1433,50,4.899999999999999
1434,50,4.899999999999999
1435,50,4.899999999999999
1436,50,4.899999999999999
1437,50,4.899999999999999
1438,50,4.899999999999999
1439,50,4.899999999999999
1440,50,4.899999999999999
1441,50,4.899999999999999
1442,50,4.899999999999999
1443,50,4.899999999999999
1444,50,4.899999999999999
1445,50,4.899999999999999
1446,50,4.899999999999999
1447,50,4.899999999999999
1448,50,4.899999999999999
1449,50,4.899999999999999
1450,50,4.899999999999999
1451,50,4.899999999999999
1452,50,4.899999999999999
1453,50,4.899999999999999
1454,50,4.899999999999999
1455,50,4.899999999999999
1456,50,4.899999999999999
1457,50,4.899999999999999
1458,50,4.899999999999999
1459,50,4.899999999999999
1460,50,4.899999999999999
1461,50,4.899999999999999
1462,50,4.899999999999999
1463,50,4.899999999999999
1464,50,4.899999999999999
1465,50,4.899999999999999
1466,50,4.899999999999999
1467,50,4.899999999999999
1468,50,4.899999999999999
1469,50,4.899999999999999
1470,50,4.899999999999999
1471,50,4.899999999999999
1472,50,4.899999999999999
1473,50,4.899999999999999
1474,50,4.899999999999999
1475,50,4.899999999999999
1476,50,4.899999999999999
1477,50,4.899999999999999
1478,50,4.899999999999999
1479,50,4.899999999999999
1480,50,4.899999999999999
1481,50,4.899999999999999
1482,50,4.899999999999999
1483,50,4.899999999999999
1484,50,4.899999999999999
1485,50,4.899999999999999
1486,50,4.899999999999999
1487,50,4.899999999999999
1488,50,4.899999999999999
1489,50,4.899999999999999
1490,50,4.899999999999999
1491,50,4.899999999999999
1492,50,4.899999999999999
1493,50,4.899999999999999
1494,50,4.899999999999999
1495,50,4.899999999999999
1496,50,4.899999999999999
1497,50,4.899999999999999
1498,50,4.899999999999999
1499,50,4.899999999999999
1500,50,4.899999999999999
1501,50,4.899999999999999
1502,50,4.899999999999999
1503,50,4.899999999999999
1504,50,4.899999999999999
1505,50,4.899999999999999
1506,50,4.899999999999999
1507,50,4.899999999999999
1508,50,4.899999999999999
1509,50,4.899999999999999
1510,50,4.899999999999999
1511,50,4.899999999999999
1512,50,4.899999999999999
1513,50,4.899999999999999
1514,50,4.899999999999999
1515,50,4.899999999999999
1516,50,4.899999999999999
1517,50,4.899999999999999
1518,50,4.899999999999999
1519,50,4.899999999999999
1520,50,4.899999999999999
1521,50,4.899999999999999
1522,50,4.899999999999999
1523,50,4.899999999999999
1524,50,4.899999999999999
1525,50,4.899999999999999
1526,50,4.899999999999999
1527,50,4.899999999999999
1528,50,4.899999999999999
1529,50,4.899999999999999
1530,50,4.899999999999999
1531,50,4.899999999999999
1532,50,4.899999999999999
1533,50,4.899999999999999
1534,50,4.899999999999999
1535,50,4.899999999999999
1536,50,4.899999999999999
1537,50,4.899999999999999
1538,50,4.899999999999999
1539,50,4.899999999999999
1540,50,4.899999999999999
1541,50,4.899999999999999
1542,50,4.899999999999999
1543,50,4.899999999999999
1544,50,4.899999999999999
1545,50,4.899999999999999
1546,50,4.899999999999999
1547,50,4.899999999999999
1548,50,4.899999999999999
1549,50,4.899999999999999
1550,50,4.899999999999999
1551,50,4.899999999999999
1552,50,4.899999999999999
1553,50,4.899999999999999
1554,50,4.899999999999999
1555,50,4.899999999999999
1556,50,4.899999999999999
1557,50,4.899999999999999
1558,50,4.899999999999999
1559,50,4.899999999999999
1560,50,4.899999999999999
1561,50,4.899999999999999
1562,50,4.899999999999999
1563,50,4.899999999999999
1564,50,4.899999999999999
1565,50,4.899999999999999
1566,50,4.899999999999999
1567,50,4.899999999999999
1568,50,4.899999999999999
1569,50,4.899999999999999
1570,50,4.899999999999999
1571,50,4.899999999999999
1572,50,4.899999999999999
1573,50,4.899999999999999
1574,50,4.899999999999999
1575,50,4.899999999999999
1576,50,4.899999999999999
1577,50,4.899999999999999
1578,50,4.899999999999999
1579,50,4.899999999999999
1580,50,4.899999999999999
1581,50,4.899999999999999
1582,50,4.899999999999999
1583,50,4.899999999999999
1584,50,4.899999999999999
1585,50,4.899999999999999
1586,50,4.899999999999999
1587,50,4.899999999999999
1588,50,4.899999999999999
1589,50,4.899999999999999
1590,50,4.899999999999999
1591,50,4.899999999999999
1592,50,4.899999999999999
1593,50,4.899999999999999
1594,50,4.899999999999999
1595,50,4.899999999999999
1596,50,4.899999999999999
1597,50,4.899999999999999
1598,50,4.899999999999999
1599,50,4.899999999999999
1600,50,4.899999999999999
1601,50,4.899999999999999
1602,50,4.899999999999999
1603,50,4.899999999999999
1604,50,4.899999999999999
1605,50,4.899999999999999
1606,50,4.899999999999999
1607,50,4.899999999999999
1608,50,4.899999999999999
1609,50,4.899999999999999
1610,50,4.899999999999999
1611,50,4.899999999999999
1612,50,4.899999999999999
1613,50,4.899999999999999
1614,50,4.899999999999999
1615,50,4.899999999999999
1616,50,4.899999999999999
1617,50,4.899999999999999
1618,50,4.899999999999999
1619,50,4.899999999999999
1620,50,4.899999999999999
1621,50,4.899999999999999
1622,50,4.899999999999999
1623,50,4.899999999999999
1624,50,4.899999999999999
1625,50,4.899999999999999
1626,50,4.899999999999999
1627,50,4.899999999999999
1628,50,4.899999999999999
1629,50,4.899999999999999
1630,50,4.899999999999999
1631,50,4.899999999999999
1632,50,4.899999999999999
1633,50,4.899999999999999
1634,50,4.899999999999999
1635,50,4.899999999999999
1636,50,4.899999999999999
1637,50,4.899999999999999
1638,50,4.899999999999999
1639,50,4.899999999999999
1640,50,4.899999999999999
1641,50,4.899999999999999
1642,50,4.899999999999999
1643,50,4.899999999999999
1644,50,4.899999999999999
1645,50,4.899999999999999
1646,50,4.899999999999999
1647,50,4.899999999999999
1648,50,4.899999999999999
1649,50,4.899999999999999
1650,50,4.899999999999999
1651,50,4.899999999999999
1652,50,4.899999999999999
1653,50,4.899999999999999
1654,50,4.899999999999999
1655,50,4.899999999999999
1656,50,4.899999999999999
1657,50,4.899999999999999
1658,50,4.899999999999999
1659,50,4.899999999999999
1660,50,4.899999999999999
1661,50,4.899999999999999
1662,50,4.899999999999999
1663,50,4.899999999999999
1664,50,4.899999999999999
1665,50,4.899999999999999
1666,50,4.899999999999999
1667,50,4.899999999999999
1668,50,4.899999999999999
1669,50,4.899999999999999
1670,50,4.899999999999999
1671,50,4.899999999999999
1672,50,4.899999999999999
1673,50,4.899999999999999
1674,50,4.899999999999999
1675,50,4.899999999999999
1676,50,4.899999999999999
1677,50,4.899999999999999
1678,50,4.899999999999999
1679,50,4.899999999999999
1680,50,4.899999999999999
1681,50,4.899999999999999
1682,50,4.899999999999999
1683,50,4.899999999999999
1684,50,4.899999999999999
1685,50,4.899999999999999
1686,50,4.899999999999999
1687,50,4.899999999999999
1688,50,4.899999999999999
1689,50,4.899999999999999
1690,50,4.899999999999999
1691,50,4.899999999999999
1692,50,4.899999999999999
1693,50,4.899999999999999
1694,50,4.899999999999999
1695,50,4.899999999999999
1696,50,4.899999999999999
1697,50,4.899999999999999
1698,50,4.899999999999999
1699,50,4.899999999999999
1700,50,4.899999999999999
1701,50,4.899999999999999
1702,50,4.899999999999999
1703,50,4.899999999999999
1704,50,4.899999999999999
1705,50,4.899999999999999
1706,50,4.899999999999999
1707,50,4.899999999999999
1708,50,4.899999999999999
1709,50,4.899999999999999
1710,50,4.899999999999999
1711,50,4.899999999999999
1712,50,4.899999999999999
1713,50,4.899999999999999
1714,50,4.899999999999999
1715,50,4.899999999999999
1716,50,4.899999999999999
1717,50,4.899999999999999
1718,50,4.899999999999999
1719,50,4.899999999999999
1720,50,4.899999999999999
1721,50,4.899999999999999
1722,50,4.899999999999999
1723,50,4.899999999999999
1724,50,4.899999999999999
1725,50,4.899999999999999
1726,50,4.899999999999999
1727,50,4.899999999999999
1728,50,4.899999999999999
1729,50,4.899999999999999
1730,50,4.899999999999999
1731,50,4.899999999999999
1732,50,4.899999999999999
1733,50,4.899999999999999
1734,50,4.899999999999999
1735,50,4.899999999999999
1736,50,4.899999999999999
1737,50,4.899999999999999
1738,50,4.899999999999999
1739,50,4.899999999999999
1740,50,4.899999999999999
1741,50,4.899999999999999
1742,50,4.899999999999999
1743,50,4.899999999999999
1744,50,4.899999999999999
1745,50,4.899999999999999
1746,50,4.899999999999999
1747,50,4.899999999999999
1748,50,4.899999999999999
1749,50,4.899999999999999
1750,50,4.899999999999999
1751,50,4.899999999999999
1752,50,4.899999999999999
1753,50,4.899999999999999
1754,50,4.899999999999999
1755,50,4.899999999999999
1756,50,4.899999999999999
1757,50,4.899999999999999
1758,50,4.899999999999999
1759,50,4.899999999999999
1760,50,4.899999999999999
1761,50,4.899999999999999
1762,50,4.899999999999999
1763,50,4.899999999999999
1764,50,4.899999999999999
1765,50,4.899999999999999
1766,50,4.899999999999999
1767,50,4.899999999999999
1768,50,4.899999999999999
1769,50,4.899999999999999
1770,50,4.899999999999999
1771,50,4.899999999999999
1772,50,4.899999999999999
1773,50,4.899999999999999
1774,50,4.899999999999999
1775,50,4.899999999999999
1776,50,4.899999999999999
1777,50,4.899999999999999
1778,50,4.899999999999999
1779,50,4.899999999999999
1780,50,4.899999999999999
1781,50,4.899999999999999
1782,50,4.899999999999999
1783,50,4.899999999999999
1784,50,4.899999999999999
1785,50,4.899999999999999
1786,50,4.899999999999999
1787,50,4.899999999999999
1788,50,4.899999999999999
1789,50,4.899999999999999
1790,50,4.899999999999999
1791,50,4.899999999999999
1792,50,4.899999999999999
1793,50,4.899999999999999
1794,50,4.899999999999999
1795,50,4.899999999999999
1796,50,4.899999999999999
1797,50,4.899999999999999
1798,50,4.899999999999999
1799,50,4.899999999999999
1800,50,4.899999999999999
1801,50,4.899999999999999
1802,50,4.899999999999999
1803,50,4.899999999999999
1804,50,4.899999999999999
1805,50,4.899999999999999
1806,50,4.899999999999999
1807,50,4.899999999999999
1808,50,4.899999999999999
1809,50,4.899999999999999
1810,50,4.899999999999999
1811,50,4.899999999999999
1812,50,4.899999999999999
1813,50,4.899999999999999
1814,50,4.899999999999999
1815,50,4.899999999999999
1816,50,4.899999999999999
1817,50,4.899999999999999
1818,50,4.899999999999999
1819,50,4.899999999999999
1820,50,4.899999999999999
1821,50,4.899999999999999
1822,50,4.899999999999999
1823,50,4.899999999999999
1824,50,4.899999999999999
1825,50,4.899999999999999
1826,50,4.899999999999999
1827,50,4.899999999999999
1828,50,4.899999999999999
1829,50,4.899999999999999
1830,50,4.899999999999999
1831,50,4.899999999999999
1832,50,4.899999999999999
1833,50,4.899999999999999
1834,50,4.899999999999999
1835,50,4.899999999999999
1836,50,4.899999999999999
1837,50,4.899999999999999
1838,50,4.899999999999999
1839,50,4.899999999999999
1840,50,4.899999999999999
1841,50,4.899999999999999
1842,50,4.899999999999999
1843,50,4.899999999999999
1844,50,4.899999999999999
1845,50,4.899999999999999
1846,50,4.899999999999999
1847,50,4.899999999999999
1848,50,4.899999999999999
1849,50,4.899999999999999
1850,50,4.899999999999999
1851,50,4.899999999999999
1852,50,4.899999999999999
1853,50,4.899999999999999
1854,50,4.899999999999999
1855,50,4.899999999999999
1856,50,4.899999999999999
1857,50,4.899999999999999
1858,50,4.899999999999999
1859,50,4.899999999999999
1860,50,4.899999999999999
1861,50,4.899999999999999
1862,50,4.899999999999999
1863,50,4.899999999999999
1864,50,4.899999999999999
1865,50,4.899999999999999
1866,50,4.899999999999999
1867,50,4.899999999999999
1868,50,4.899999999999999
1869,50,4.899999999999999
1870,50,4.899999999999999
1871,50,4.899999999999999
1872,50,4.899999999999999
1873,50,4.899999999999999
1874,50,4.899999999999999
1875,50,4.899999999999999
1876,50,4.899999999999999
1877,50,4.899999999999999
1878,50,4.899999999999999
1879,50,4.899999999999999
1880,50,4.899999999999999
1881,50,4.899999999999999
1882,50,4.899999999999999
1883,50,4.899999999999999
1884,50,4.899999999999999
1885,50,4.899999999999999
1886,50,4.899999999999999
1887,50,4.899999999999999
1888,50,4.899999999999999
1889,50,4.899999999999999
1890,50,4.899999999999999
1891,50,4.899999999999999
1892,50,4.899999999999999
1893,50,4.899999999999999
1894,50,4.899999999999999
1895,50,4.899999999999999
1896,50,4.899999999999999
1897,50,4.899999999999999
1898,50,4.899999999999999
1899,50,4.899999999999999
1900,50,4.899999999999999
1901,50,4.899999999999999
1902,50,4.899999999999999
1903,50,4.899999999999999
1904,50,4.899999999999999
1905,50,4.899999999999999
1906,50,4.899999999999999
1907,50,4.899999999999999
1,49,4.799999999999999
2,50,4.899999999999999
3,50,4.899999999999999
4,50,4.899999999999999
5,50,4.899999999999999
6,50,4.899999999999999
7,50,4.899999999999999
8,50,4.899999999999999
9,50,4.899999999999999
10,50,4.899999999999999
11,50,4.899999999999999
12,50,4.899999999999999
13,50,4.899999999999999
14,50,4.899999999999999
15,50,4.899999999999999
16,50,4.899999999999999
17,50,4.899999999999999
18,50,4.899999999999999
19,50,4.899999999999999
20,50,4.899999999999999
21,50,4.899999999999999
22,50,4.899999999999999
23,50,4.899999999999999
24,50,4.899999999999999
25,50,4.899999999999999
26,50,4.899999999999999
27,50,4.899999999999999
28,50,4.899999999999999
29,50,4.899999999999999
30,50,4.899999999999999
31,50,4.899999999999999
32,50,4.899999999999999
33,50,4.899999999999999
34,50,4.899999999999999
35,50,4.899999999999999
36,50,4.899999999999999
37,50,4.899999999999999
38,50,4.899999999999999
39,50,4.899999999999999
40,50,4.899999999999999
41,50,4.899999999999999
42,50,4.899999999999999
43,50,4.899999999999999
44,50,4.899999999999999
45,50,4.899999999999999
46,50,4.899999999999999
47,50,4.899999999999999
48,50,4.899999999999999
49,50,4.899999999999999
50,50,4.899999999999999
51,50,4.899999999999999
52,50,4.899999999999999
53,50,4.899999999999999
54,50,4.899999999999999
55,50,4.899999999999999
56,50,4.899999999999999
57,50,4.899999999999999
58,50,4.899999999999999
59,50,4.899999999999999
60,50,4.899999999999999
61,50,4.899999999999999
62,50,4.899999999999999
63,50,4.899999999999999
64,50,4.899999999999999
65,50,4.899999999999999
66,50,4.899999999999999
67,50,4.899999999999999
68,50,4.899999999999999
69,50,4.899999999999999
70,50,4.899999999999999
71,50,4.899999999999999
72,50,4.899999999999999
73,50,4.899999999999999
74,50,4.899999999999999
75,50,4.899999999999999
76,50,4.899999999999999
77,50,4.899999999999999
78,50,4.899999999999999
79,50,4.899999999999999
80,50,4.899999999999999
81,50,4.899999999999999
82,50,4.899999999999999
83,50,4.899999999999999
84,50,4.899999999999999
85,50,4.899999999999999
86,50,4.899999999999999
87,50,4.899999999999999
88,50,4.899999999999999
89,50,4.899999999999999
90,50,4.899999999999999
91,50,4.899999999999999
92,50,4.899999999999999
93,50,4.899999999999999
94,50,4.899999999999999
1,49,4.799999999999999
2,50,4.899999999999999
3,50,4.899999999999999
4,50,4.899999999999999
5,50,4.899999999999999
6,50,4.899999999999999
7,50,4.899999999999999
8,50,4.899999999999999
9,50,4.899999999999999
10,50,4.899999999999999
11,50,4.899999999999999
12,50,4.899999999999999
13,50,4.899999999999999
14,50,4.899999999999999
15,50,4.899999999999999
16,50,4.899999999999999
17,50,4.899999999999999
18,50,4.899999999999999
19,50,4.899999999999999
20,50,4.899999999999999
21,50,4.899999999999999
22,50,4.899999999999999
23,50,4.899999999999999
24,50,4.899999999999999
25,50,4.899999999999999
26,50,4.899999999999999
27,50,4.899999999999999
28,50,4.899999999999999
29,50,4.899999999999999
30,50,4.899999999999999
31,50,4.899999999999999
32,50,4.899999999999999
33,50,4.899999999999999
34,50,4.899999999999999
35,50,4.899999999999999
36,50,4.899999999999999
37,50,4.899999999999999
38,50,4.899999999999999
39,50,4.899999999999999
40,50,4.899999999999999
41,50,4.899999999999999
42,50,4.899999999999999
43,50,4.899999999999999
44,50,4.899999999999999
45,50,4.899999999999999
46,50,4.899999999999999
47,50,4.899999999999999
48,50,4.899999999999999
49,50,4.899999999999999
50,50,4.899999999999999
51,50,4.899999999999999
52,50,4.899999999999999
53,50,4.899999999999999
54,50,4.899999999999999
55,50,4.899999999999999
56,50,4.899999999999999
57,50,4.899999999999999
58,50,4.899999999999999
59,50,4.899999999999999
60,50,4.899999999999999
61,50,4.899999999999999
62,50,4.899999999999999
63,50,4.899999999999999
64,50,4.899999999999999
65,50,4.899999999999999
66,50,4.899999999999999
67,50,4.899999999999999
68,50,4.899999999999999
69,50,4.899999999999999
70,50,4.899999999999999
71,50,4.899999999999999
72,50,4.899999999999999
73,50,4.899999999999999
74,50,4.899999999999999
75,50,4.899999999999999
76,50,4.899999999999999
77,50,4.899999999999999
78,50,4.899999999999999
79,50,4.899999999999999
80,50,4.899999999999999
81,50,4.899999999999999
82,50,4.899999999999999
83,50,4.899999999999999
84,50,4.899999999999999
85,50,4.899999999999999
86,50,4.899999999999999
87,50,4.899999999999999
88,50,4.899999999999999
89,50,4.899999999999999
90,50,4.899999999999999
91,50,4.899999999999999
92,50,4.899999999999999
93,50,4.899999999999999
94,50,4.899999999999999
95,50,4.899999999999999
96,50,4.899999999999999
97,50,4.899999999999999
98,50,4.899999999999999
99,50,4.899999999999999
100,50,4.899999999999999
101,50,4.899999999999999
102,50,4.899999999999999
103,50,4.899999999999999
104,50,4.899999999999999
105,50,4.899999999999999
106,50,4.899999999999999
107,50,4.899999999999999
108,50,4.899999999999999
109,50,4.899999999999999
110,50,4.899999999999999
111,50,4.899999999999999
112,50,4.899999999999999
113,50,4.899999999999999
114,50,4.899999999999999
115,50,4.899999999999999
116,50,4.899999999999999
117,50,4.899999999999999
118,50,4.899999999999999
119,50,4.899999999999999
120,50,4.899999999999999
121,50,4.899999999999999
122,50,4.899999999999999
123,50,4.899999999999999
124,50,4.899999999999999
125,50,4.899999999999999
126,50,4.899999999999999
127,50,4.899999999999999
128,50,4.899999999999999
129,50,4.899999999999999
130,50,4.899999999999999
131,50,4.899999999999999
132,50,4.899999999999999
133,50,4.899999999999999
134,50,4.899999999999999
135,50,4.899999999999999
136,50,4.899999999999999
137,50,4.899999999999999
138,50,4.899999999999999
139,50,4.899999999999999
140,50,4.899999999999999
141,50,4.899999999999999
142,50,4.899999999999999
143,50,4.899999999999999
144,50,4.899999999999999
145,50,4.899999999999999
146,50,4.899999999999999
147,50,4.899999999999999
148,50,4.899999999999999
149,50,4.899999999999999
150,50,4.899999999999999
151,50,4.899999999999999
152,50,4.899999999999999
153,50,4.899999999999999
154,50,4.899999999999999
155,50,4.899999999999999
156,50,4.899999999999999
157,50,4.899999999999999
158,50,4.899999999999999
159,50,4.899999999999999
160,50,4.899999999999999
161,50,4.899999999999999
162,50,4.899999999999999
163,50,4.899999999999999
164,50,4.899999999999999
165,50,4.899999999999999
166,50,4.899999999999999
167,50,4.899999999999999
168,50,4.899999999999999
169,50,4.899999999999999
170,50,4.899999999999999
171,50,4.899999999999999
172,50,4.899999999999999
173,50,4.899999999999999
174,50,4.899999999999999
175,50,4.899999999999999
176,50,4.899999999999999
177,50,4.899999999999999
178,50,4.899999999999999
179,50,4.899999999999999
180,50,4.899999999999999
181,50,4.899999999999999
182,50,4.899999999999999
183,50,4.899999999999999
184,50,4.899999999999999
185,50,4.899999999999999
186,50,4.899999999999999
187,50,4.899999999999999
188,50,4.899999999999999
189,50,4.899999999999999
190,50,4.899999999999999
191,50,4.899999999999999
192,50,4.899999999999999
193,50,4.899999999999999
194,50,4.899999999999999
195,50,4.899999999999999
196,50,4.899999999999999
197,50,4.899999999999999
198,50,4.899999999999999
199,50,4.899999999999999
200,50,4.899999999999999
201,50,4.899999999999999
202,50,4.899999999999999
203,50,4.899999999999999
204,50,4.899999999999999
205,50,4.899999999999999
206,50,4.899999999999999
207,50,4.899999999999999
208,50,4.899999999999999
209,50,4.899999999999999
210,50,4.899999999999999
211,50,4.899999999999999
212,50,4.899999999999999
213,50,4.899999999999999
214,50,4.899999999999999
215,50,4.899999999999999
216,50,4.899999999999999
217,50,4.899999999999999
218,50,4.899999999999999
219,50,4.899999999999999
220,50,4.899999999999999
221,50,4.899999999999999
222,50,4.899999999999999
223,50,4.899999999999999
224,50,4.899999999999999
225,50,4.899999999999999
226,50,4.899999999999999
227,50,4.899999999999999
228,50,4.899999999999999
229,50,4.899999999999999
230,50,4.899999999999999
231,50,4.899999999999999
232,50,4.899999999999999
233,50,4.899999999999999
234,50,4.899999999999999
235,50,4.899999999999999
236,50,4.899999999999999
237,50,4.899999999999999
238,50,4.899999999999999
239,50,4.899999999999999
240,50,4.899999999999999
241,50,4.899999999999999
242,50,4.899999999999999
243,50,4.899999999999999
244,50,4.899999999999999
245,50,4.899999999999999
246,50,4.899999999999999
247,50,4.899999999999999
248,50,4.899999999999999
249,50,4.899999999999999
250,50,4.899999999999999
251,50,4.899999999999999
252,50,4.899999999999999
253,50,4.899999999999999
254,50,4.899999999999999
255,50,4.899999999999999
256,50,4.899999999999999
257,50,4.899999999999999
258,50,4.899999999999999
259,50,4.899999999999999
260,50,4.899999999999999
261,50,4.899999999999999
262,50,4.899999999999999
263,50,4.899999999999999
264,50,4.899999999999999
265,50,4.899999999999999
266,50,4.899999999999999
267,50,4.899999999999999
268,50,4.899999999999999
269,50,4.899999999999999
270,50,4.899999999999999
271,50,4.899999999999999
272,50,4.899999999999999
273,50,4.899999999999999
274,50,4.899999999999999
275,50,4.899999999999999
276,50,4.899999999999999
277,50,4.899999999999999
278,50,4.899999999999999
279,50,4.899999999999999
280,50,4.899999999999999
281,50,4.899999999999999
282,50,4.899999999999999
283,50,4.899999999999999
284,50,4.899999999999999
285,50,4.899999999999999
286,50,4.899999999999999
287,50,4.899999999999999
288,50,4.899999999999999
289,50,4.899999999999999
290,50,4.899999999999999
291,50,4.899999999999999
292,50,4.899999999999999
293,50,4.899999999999999
294,50,4.899999999999999
295,50,4.899999999999999
296,50,4.899999999999999
297,50,4.899999999999999
298,50,4.899999999999999
299,50,4.899999999999999
300,50,4.899999999999999
301,50,4.899999999999999
302,50,4.899999999999999
303,50,4.899999999999999
304,50,4.899999999999999
305,50,4.899999999999999
306,50,4.899999999999999
307,50,4.899999999999999
308,50,4.899999999999999
309,50,4.899999999999999
310,50,4.899999999999999
311,50,4.899999999999999
312,50,4.899999999999999
313,50,4.899999999999999
314,50,4.899999999999999
315,50,4.899999999999999
316,50,4.899999999999999
317,50,4.899999999999999
318,50,4.899999999999999
319,50,4.899999999999999
320,50,4.899999999999999
321,50,4.899999999999999
322,50,4.899999999999999
323,50,4.899999999999999
324,50,4.899999999999999
325,50,4.899999999999999
326,50,4.899999999999999
327,50,4.899999999999999
328,50,4.899999999999999
329,50,4.899999999999999
330,50,4.899999999999999
331,50,4.899999999999999
332,50,4.899999999999999
333,50,4.899999999999999
334,50,4.899999999999999
335,50,4.899999999999999
336,50,4.899999999999999
337,50,4.899999999999999
338,50,4.899999999999999
339,50,4.899999999999999
340,50,4.899999999999999
341,50,4.899999999999999
342,50,4.899999999999999
343,50,4.899999999999999
344,50,4.899999999999999
345,50,4.899999999999999
346,50,4.899999999999999
347,50,4.899999999999999
348,50,4.899999999999999
349,50,4.899999999999999
350,50,4.899999999999999
351,50,4.899999999999999
352,50,4.899999999999999
353,50,4.899999999999999
354,50,4.899999999999999
355,50,4.899999999999999
356,50,4.899999999999999
357,50,4.899999999999999
358,50,4.899999999999999
359,50,4.899999999999999
360,50,4.899999999999999
361,50,4.899999999999999
362,50,4.899999999999999
363,50,4.899999999999999
364,50,4.899999999999999
365,50,4.899999999999999
366,50,4.899999999999999
367,50,4.899999999999999
368,50,4.899999999999999
369,50,4.899999999999999
370,50,4.899999999999999
371,50,4.899999999999999
372,50,4.899999999999999
373,50,4.899999999999999
374,50,4.899999999999999
375,50,4.899999999999999
376,50,4.899999999999999
377,50,4.899999999999999
378,50,4.899999999999999
379,50,4.899999999999999
380,50,4.899999999999999
381,50,4.899999999999999
382,50,4.899999999999999
383,50,4.899999999999999
384,50,4.899999999999999
385,50,4.899999999999999
386,50,4.899999999999999
387,50,4.899999999999999
388,50,4.899999999999999
389,50,4.899999999999999
390,50,4.899999999999999
391,50,4.899999999999999
392,50,4.899999999999999
393,50,4.899999999999999
394,50,4.899999999999999
395,50,4.899999999999999
396,50,4.899999999999999
397,50,4.899999999999999
398,50,4.899999999999999
399,50,4.899999999999999
400,50,4.899999999999999
401,50,4.899999999999999
402,50,4.899999999999999
403,50,4.899999999999999
404,50,4.899999999999999
405,50,4.899999999999999
406,50,4.899999999999999
407,50,4.899999999999999
408,50,4.899999999999999
409,50,4.899999999999999
410,50,4.899999999999999
411,50,4.899999999999999
412,50,4.899999999999999
413,50,4.899999999999999
414,50,4.899999999999999
415,50,4.899999999999999
416,50,4.899999999999999
417,50,4.899999999999999
418,50,4.899999999999999
419,50,4.899999999999999
420,50,4.899999999999999
421,50,4.899999999999999
422,50,4.899999999999999
423,50,4.899999999999999
424,50,4.899999999999999
425,50,4.899999999999999
426,50,4.899999999999999
427,50,4.899999999999999
428,50,4.899999999999999
429,50,4.899999999999999
430,50,4.899999999999999
431,50,4.899999999999999
432,50,4.899999999999999
433,50,4.899999999999999
434,50,4.899999999999999
435,50,4.899999999999999
436,50,4.899999999999999
437,50,4.899999999999999
438,50,4.899999999999999
439,50,4.899999999999999
440,50,4.899999999999999
441,50,4.899999999999999
442,50,4.899999999999999
443,50,4.899999999999999
444,50,4.899999999999999
445,50,4.899999999999999
446,50,4.899999999999999
447,50,4.899999999999999
448,50,4.899999999999999
449,50,4.899999999999999
450,50,4.899999999999999
451,50,4.899999999999999
452,50,4.899999999999999
453,50,4.899999999999999
454,50,4.899999999999999
455,50,4.899999999999999
456,50,4.899999999999999
457,50,4.899999999999999
458,50,4.899999999999999
459,50,4.899999999999999
460,50,4.899999999999999
461,50,4.899999999999999
462,50,4.899999999999999
463,50,4.899999999999999
464,50,4.899999999999999
465,50,4.899999999999999
466,50,4.899999999999999
467,50,4.899999999999999
468,50,4.899999999999999
469,50,4.899999999999999
470,50,4.899999999999999
471,50,4.899999999999999
472,50,4.899999999999999
473,50,4.899999999999999
474,50,4.899999999999999
475,50,4.899999999999999
476,50,4.899999999999999
477,50,4.899999999999999
478,50,4.899999999999999
479,50,4.899999999999999
480,50,4.899999999999999
481,50,4.899999999999999
482,50,4.899999999999999
483,50,4.899999999999999
484,50,4.899999999999999
485,50,4.899999999999999
486,50,4.899999999999999
487,50,4.899999999999999
488,50,4.899999999999999
489,50,4.899999999999999
490,50,4.899999999999999
491,50,4.899999999999999
492,50,4.899999999999999
493,50,4.899999999999999
494,50,4.899999999999999
495,50,4.899999999999999
496,50,4.899999999999999
497,50,4.899999999999999
498,50,4.899999999999999
499,50,4.899999999999999
500,50,4.899999999999999
501,50,4.899999999999999
502,50,4.899999999999999
503,50,4.899999999999999
504,50,4.899999999999999
505,50,4.899999999999999
506,50,4.899999999999999
507,50,4.899999999999999
508,50,4.899999999999999
509,50,4.899999999999999
510,50,4.899999999999999
511,50,4.899999999999999
512,50,4.899999999999999
513,50,4.899999999999999
514,50,4.899999999999999
515,50,4.899999999999999
516,50,4.899999999999999
517,50,4.899999999999999
518,50,4.899999999999999
519,50,4.899999999999999
520,50,4.899999999999999
521,50,4.899999999999999
522,50,4.899999999999999
523,50,4.899999999999999
524,50,4.899999999999999
525,50,4.899999999999999
526,50,4.899999999999999
527,50,4.899999999999999
528,50,4.899999999999999
529,50,4.899999999999999
530,50,4.899999999999999
531,50,4.899999999999999
532,50,4.899999999999999
533,50,4.899999999999999
534,50,4.899999999999999
535,50,4.899999999999999
536,50,4.899999999999999
537,50,4.899999999999999
538,50,4.899999999999999
539,50,4.899999999999999
540,50,4.899999999999999
541,50,4.899999999999999
542,50,4.899999999999999
543,50,4.899999999999999
544,50,4.899999999999999
545,50,4.899999999999999
546,50,4.899999999999999
547,50,4.899999999999999
548,50,4.899999999999999
549,50,4.899999999999999
550,50,4.899999999999999
551,50,4.899999999999999
552,50,4.899999999999999
553,50,4.899999999999999
554,50,4.899999999999999
555,50,4.899999999999999
556,50,4.899999999999999
557,50,4.899999999999999
558,50,4.899999999999999
559,50,4.899999999999999
560,50,4.899999999999999
561,50,4.899999999999999
562,50,4.899999999999999
563,50,4.899999999999999
564,50,4.899999999999999
565,50,4.899999999999999
566,50,4.899999999999999
567,50,4.899999999999999
568,50,4.899999999999999
569,50,4.899999999999999
570,50,4.899999999999999
571,50,4.899999999999999
572,50,4.899999999999999
573,50,4.899999999999999
574,50,4.899999999999999
575,50,4.899999999999999
576,50,4.899999999999999
577,50,4.899999999999999
578,50,4.899999999999999
579,50,4.899999999999999
580,50,4.899999999999999
581,50,4.899999999999999
582,50,4.899999999999999
583,50,4.899999999999999
584,50,4.899999999999999
585,50,4.899999999999999
586,50,4.899999999999999
587,50,4.899999999999999
588,50,4.899999999999999
589,50,4.899999999999999
590,50,4.899999999999999
591,50,4.899999999999999
592,50,4.899999999999999
593,50,4.899999999999999
594,50,4.899999999999999
595,50,4.899999999999999
596,50,4.899999999999999
597,50,4.899999999999999
598,50,4.899999999999999
599,50,4.899999999999999
600,50,4.899999999999999
601,50,4.899999999999999
602,50,4.899999999999999
603,50,4.899999999999999
604,50,4.899999999999999
605,50,4.899999999999999
606,50,4.899999999999999
607,50,4.899999999999999
608,50,4.899999999999999
609,50,4.899999999999999
610,50,4.899999999999999
611,50,4.899999999999999
612,50,4.899999999999999
613,50,4.899999999999999
614,50,4.899999999999999
615,50,4.899999999999999
616,50,4.899999999999999
617,50,4.899999999999999
618,50,4.899999999999999
619,50,4.899999999999999
620,50,4.899999999999999
621,50,4.899999999999999
622,50,4.899999999999999
623,50,4.899999999999999
624,50,4.899999999999999
625,50,4.899999999999999
626,50,4.899999999999999
627,50,4.899999999999999
628,50,4.899999999999999
629,50,4.899999999999999
630,50,4.899999999999999
631,50,4.899999999999999
632,50,4.899999999999999
633,50,4.899999999999999
634,50,4.899999999999999
635,50,4.899999999999999
636,50,4.899999999999999
637,50,4.899999999999999
638,50,4.899999999999999
639,50,4.899999999999999
640,50,4.899999999999999
641,50,4.899999999999999
642,50,4.899999999999999
643,50,4.899999999999999
644,50,4.899999999999999
645,50,4.899999999999999
646,50,4.899999999999999
647,50,4.899999999999999
648,50,4.899999999999999
649,50,4.899999999999999
650,50,4.899999999999999
651,50,4.899999999999999
652,50,4.899999999999999
653,50,4.899999999999999
654,50,4.899999999999999
655,50,4.899999999999999
656,50,4.899999999999999
657,50,4.899999999999999
658,50,4.899999999999999
659,50,4.899999999999999
660,50,4.899999999999999
661,50,4.899999999999999
662,50,4.899999999999999
663,50,4.899999999999999
664,50,4.899999999999999
665,50,4.899999999999999
666,50,4.899999999999999
667,50,4.899999999999999
668,50,4.899999999999999
669,50,4.899999999999999
670,50,4.899999999999999
671,50,4.899999999999999
672,50,4.899999999999999
673,50,4.899999999999999
674,50,4.899999999999999
675,50,4.899999999999999
676,50,4.899999999999999
677,50,4.899999999999999
678,50,4.899999999999999
679,50,4.899999999999999
680,50,4.899999999999999
681,50,4.899999999999999
682,50,4.899999999999999
683,50,4.899999999999999
684,50,4.899999999999999
685,50,4.899999999999999
686,50,4.899999999999999
687,50,4.899999999999999
688,50,4.899999999999999
689,50,4.899999999999999
690,50,4.899999999999999
691,50,4.899999999999999
692,50,4.899999999999999
693,50,4.899999999999999
694,50,4.899999999999999
695,50,4.899999999999999
696,50,4.899999999999999
697,50,4.899999999999999
698,50,4.899999999999999
699,50,4.899999999999999
700,50,4.899999999999999
701,50,4.899999999999999
702,50,4.899999999999999
703,50,4.899999999999999
704,50,4.899999999999999
705,50,4.899999999999999
706,50,4.899999999999999
707,50,4.899999999999999
708,50,4.899999999999999
709,50,4.899999999999999
710,50,4.899999999999999
711,50,4.899999999999999
712,50,4.899999999999999
713,50,4.899999999999999
714,50,4.899999999999999
715,50,4.899999999999999
716,50,4.899999999999999
717,50,4.899999999999999
718,50,4.899999999999999
719,50,4.899999999999999
720,50,4.899999999999999
721,50,4.899999999999999
722,50,4.899999999999999
723,50,4.899999999999999
724,50,4.899999999999999
725,50,4.899999999999999
726,50,4.899999999999999
727,50,4.899999999999999
728,50,4.899999999999999
729,50,4.899999999999999
730,50,4.899999999999999
731,50,4.899999999999999
732,50,4.899999999999999
733,50,4.899999999999999
734,50,4.899999999999999
735,50,4.899999999999999
736,50,4.899999999999999
737,50,4.899999999999999
738,50,4.899999999999999
739,50,4.899999999999999
740,50,4.899999999999999
741,50,4.899999999999999
742,50,4.899999999999999
743,50,4.899999999999999
744,50,4.899999999999999
745,50,4.899999999999999
746,50,4.899999999999999
747,50,4.899999999999999
748,50,4.899999999999999
749,50,4.899999999999999
750,50,4.899999999999999
751,50,4.899999999999999
752,50,4.899999999999999
753,50,4.899999999999999
754,50,4.899999999999999
755,50,4.899999999999999
756,50,4.899999999999999
757,50,4.899999999999999
758,50,4.899999999999999
759,50,4.899999999999999
760,50,4.899999999999999
761,50,4.899999999999999
762,50,4.899999999999999
763,50,4.899999999999999
764,50,4.899999999999999
765,50,4.899999999999999
766,50,4.899999999999999
767,50,4.899999999999999
768,50,4.899999999999999
769,50,4.899999999999999
770,50,4.899999999999999
771,50,4.899999999999999
772,50,4.899999999999999
773,50,4.899999999999999
774,50,4.899999999999999
775,50,4.899999999999999
776,50,4.899999999999999
777,50,4.899999999999999
778,50,4.899999999999999
779,50,4.899999999999999
780,50,4.899999999999999
781,50,4.899999999999999
782,50,4.899999999999999
783,50,4.899999999999999
784,50,4.899999999999999
785,50,4.899999999999999
786,50,4.899999999999999
787,50,4.899999999999999
788,50,4.899999999999999
789,50,4.899999999999999
790,50,4.899999999999999
791,50,4.899999999999999
792,50,4.899999999999999
793,50,4.899999999999999
794,50,4.899999999999999
795,50,4.899999999999999
796,50,4.899999999999999
797,50,4.899999999999999
798,50,4.899999999999999
799,50,4.899999999999999
800,50,4.899999999999999
801,50,4.899999999999999
802,50,4.899999999999999
803,50,4.899999999999999
804,50,4.899999999999999
805,50,4.899999999999999
806,50,4.899999999999999
807,50,4.899999999999999
808,50,4.899999999999999
809,50,4.899999999999999
810,50,4.899999999999999
811,50,4.899999999999999
812,50,4.899999999999999
813,50,4.899999999999999
814,50,4.899999999999999
815,50,4.899999999999999
816,50,4.899999999999999
817,52,5.099999999999998
818,50,4.899999999999999
819,50,4.899999999999999
820,50,4.899999999999999
821,50,4.899999999999999
822,50,4.899999999999999
823,50,4.899999999999999
824,50,4.899999999999999
825,50,4.899999999999999
826,50,4.899999999999999
827,50,4.899999999999999
828,50,4.899999999999999
829,50,4.899999999999999
830,50,4.899999999999999
831,50,4.899999999999999
832,50,4.899999999999999
833,50,4.899999999999999
834,50,4.899999999999999
835,50,4.899999999999999
836,50,4.899999999999999
837,50,4.899999999999999
838,50,4.899999999999999
839,50,4.899999999999999
840,50,4.899999999999999
841,50,4.899999999999999
842,50,4.899999999999999
843,50,4.899999999999999
844,50,4.899999999999999
845,50,4.899999999999999
846,50,4.899999999999999
847,50,4.899999999999999
848,50,4.899999999999999
849,50,4.899999999999999
850,50,4.899999999999999
851,50,4.899999999999999
852,50,4.899999999999999
853,50,4.899999999999999
854,50,4.899999999999999
855,50,4.899999999999999
856,50,4.899999999999999
857,50,4.899999999999999
858,50,4.899999999999999
859,50,4.899999999999999
860,50,4.899999999999999
861,50,4.899999999999999
862,50,4.899999999999999
863,50,4.899999999999999
864,50,4.899999999999999
865,50,4.899999999999999
866,50,4.899999999999999
867,50,4.899999999999999
868,50,4.899999999999999
869,50,4.899999999999999
870,50,4.899999999999999
871,50,4.899999999999999
872,50,4.899999999999999
873,50,4.899999999999999
874,50,4.899999999999999
875,50,4.899999999999999
876,50,4.899999999999999
877,50,4.899999999999999
878,50,4.899999999999999
879,50,4.899999999999999
880,50,4.899999999999999
881,50,4.899999999999999
882,50,4.899999999999999
883,50,4.899999999999999
884,50,4.899999999999999
885,50,4.899999999999999
886,50,4.899999999999999
887,50,4.899999999999999
888,50,4.899999999999999
889,50,4.899999999999999
890,50,4.899999999999999
891,50,4.899999999999999
892,50,4.899999999999999
893,50,4.899999999999999
894,50,4.899999999999999
895,50,4.899999999999999
896,50,4.899999999999999
897,50,4.899999999999999
898,50,4.899999999999999
899,50,4.899999999999999
900,50,4.899999999999999
901,50,4.899999999999999
902,50,4.899999999999999
903,50,4.899999999999999
904,50,4.899999999999999
905,50,4.899999999999999
906,51,4.999999999999998
907,50,4.899999999999999
908,50,4.899999999999999
909,50,4.899999999999999
910,50,4.899999999999999
911,50,4.899999999999999
912,50,4.899999999999999
913,50,4.899999999999999
914,50,4.899999999999999
915,50,4.899999999999999
916,50,4.899999999999999
917,50,4.899999999999999
918,50,4.899999999999999
919,50,4.899999999999999
920,50,4.899999999999999
921,50,4.899999999999999
922,50,4.899999999999999
923,50,4.899999999999999
924,50,4.899999999999999
925,50,4.899999999999999
926,50,4.899999999999999
927,50,4.899999999999999
928,50,4.899999999999999
929,50,4.899999999999999
930,50,4.899999999999999
931,50,4.899999999999999
932,50,4.899999999999999
933,50,4.899999999999999
934,50,4.899999999999999
935,50,4.899999999999999
936,50,4.899999999999999
937,50,4.899999999999999
938,50,4.899999999999999
939,50,4.899999999999999
940,50,4.899999999999999
941,50,4.899999999999999
942,50,4.899999999999999
943,50,4.899999999999999
944,50,4.899999999999999
945,50,4.899999999999999
946,50,4.899999999999999
947,50,4.899999999999999
948,50,4.899999999999999
949,50,4.899999999999999
950,50,4.899999999999999
951,50,4.899999999999999
952,50,4.899999999999999
953,50,4.899999999999999
954,50,4.899999999999999
955,50,4.899999999999999
956,50,4.899999999999999
957,50,4.899999999999999
958,50,4.899999999999999
959,50,4.899999999999999
960,50,4.899999999999999
961,50,4.899999999999999
962,50,4.899999999999999
963,50,4.899999999999999
964,50,4.899999999999999
965,50,4.899999999999999
966,50,4.899999999999999
967,50,4.899999999999999
968,50,4.899999999999999
969,50,4.899999999999999
970,50,4.899999999999999
971,50,4.899999999999999
972,50,4.899999999999999
973,50,4.899999999999999
974,50,4.899999999999999
975,50,4.899999999999999
976,50,4.899999999999999
977,50,4.899999999999999
978,50,4.899999999999999
979,50,4.899999999999999
980,50,4.899999999999999
981,50,4.899999999999999
982,50,4.899999999999999
983,50,4.899999999999999
984,50,4.899999999999999
985,50,4.899999999999999
986,50,4.899999999999999
987,50,4.899999999999999
988,50,4.899999999999999
989,50,4.899999999999999
990,50,4.899999999999999
991,50,4.899999999999999
992,50,4.899999999999999
993,50,4.899999999999999
994,50,4.899999999999999
995,50,4.899999999999999
996,50,4.899999999999999
997,50,4.899999999999999
998,50,4.899999999999999
999,50,4.899999999999999
1000,50,4.899999999999999
1001,50,4.899999999999999
1002,50,4.899999999999999
1003,50,4.899999999999999
1004,50,4.899999999999999
1005,50,4.899999999999999
1006,50,4.899999999999999
1007,50,4.899999999999999
1008,50,4.899999999999999
1009,50,4.899999999999999
1010,50,4.899999999999999
1011,50,4.899999999999999
1012,50,4.899999999999999
1013,50,4.899999999999999
1014,50,4.899999999999999
1015,50,4.899999999999999
1016,50,4.899999999999999
1017,50,4.899999999999999
1018,50,4.899999999999999
1019,50,4.899999999999999
1020,50,4.899999999999999
1021,50,4.899999999999999
1022,50,4.899999999999999
1023,50,4.899999999999999
1024,50,4.899999999999999
1025,50,4.899999999999999
1026,50,4.899999999999999
1027,50,4.899999999999999
1028,50,4.899999999999999
1029,50,4.899999999999999
1030,50,4.899999999999999
1031,50,4.899999999999999
1032,50,4.899999999999999
1033,50,4.899999999999999
1034,50,4.899999999999999
1035,50,4.899999999999999
1036,50,4.899999999999999
1037,50,4.899999999999999
1038,50,4.899999999999999
1039,50,4.899999999999999
1040,50,4.899999999999999
1041,50,4.899999999999999
1042,50,4.899999999999999
1043,50,4.899999999999999
1044,50,4.899999999999999
1045,50,4.899999999999999
1046,50,4.899999999999999
1047,50,4.899999999999999
1048,50,4.899999999999999
1049,50,4.899999999999999
1050,50,4.899999999999999
1051,50,4.899999999999999
1052,50,4.899999999999999
1053,50,4.899999999999999
1054,50,4.899999999999999
1055,50,4.899999999999999
1056,50,4.899999999999999
1057,50,4.899999999999999
1058,50,4.899999999999999
1059,50,4.899999999999999
1060,50,4.899999999999999
1061,50,4.899999999999999
1062,56,5.4999999999999964
1063,50,4.899999999999999
1064,50,4.899999999999999
1065,50,4.899999999999999
1066,50,4.899999999999999
1067,50,4.899999999999999
1068,50,4.899999999999999
1069,50,4.899999999999999
1070,50,4.899999999999999
1071,50,4.899999999999999
1072,50,4.899999999999999
1073,50,4.899999999999999
1074,51,4.999999999999998
1075,50,4.899999999999999
1076,50,4.899999999999999
1077,50,4.899999999999999
1078,50,4.899999999999999
1079,50,4.899999999999999
1080,50,4.899999999999999
1081,51,4.999999999999998
1082,50,4.899999999999999
1083,50,4.899999999999999
1084,50,4.899999999999999
1085,50,4.899999999999999
1086,50,4.899999999999999
1087,50,4.899999999999999
1088,50,4.899999999999999
1089,50,4.899999999999999
1090,50,4.899999999999999
1091,50,4.899999999999999
1092,50,4.899999999999999
1093,51,4.999999999999998
1094,50,4.899999999999999
1095,50,4.899999999999999
1096,50,4.899999999999999
1097,50,4.899999999999999
1098,50,4.899999999999999
1099,50,4.899999999999999
1100,50,4.899999999999999
1101,50,4.899999999999999
1102,50,4.899999999999999
1103,50,4.899999999999999
1104,50,4.899999999999999
1105,50,4.899999999999999
1106,54,5.299999999999997
1107,50,4.899999999999999
1108,50,4.899999999999999
1109,50,4.899999999999999
1110,50,4.899999999999999
1111,50,4.899999999999999
1112,50,4.899999999999999
1113,50,4.899999999999999
1114,50,4.899999999999999
1115,50,4.899999999999999
1116,50,4.899999999999999
1117,50,4.899999999999999
1118,50,4.899999999999999
1119,50,4.899999999999999
1120,50,4.899999999999999
1121,50,4.899999999999999
1122,50,4.899999999999999
1123,50,4.899999999999999
1124,50,4.899999999999999
1125,50,4.899999999999999
1126,50,4.899999999999999
1127,50,4.899999999999999
1128,50,4.899999999999999
1129,50,4.899999999999999
1130,51,4.999999999999998
1131,50,4.899999999999999
1132,50,4.899999999999999
1133,50,4.899999999999999
1134,50,4.899999999999999
1135,50,4.899999999999999
1136,52,5.099999999999998
1137,50,4.899999999999999
1138,50,4.899999999999999
1139,50,4.899999999999999
1140,50,4.899999999999999
1141,58,5.699999999999996
1142,50,4.899999999999999
1143,50,4.899999999999999
1144,50,4.899999999999999
1145,50,4.899999999999999
1146,50,4.899999999999999
1147,50,4.899999999999999
1148,50,4.899999999999999
1149,50,4.899999999999999
1150,50,4.899999999999999
1151,50,4.899999999999999
1152,50,4.899999999999999
1153,50,4.899999999999999
1154,50,4.899999999999999
1155,50,4.899999999999999
1156,50,4.899999999999999
1157,50,4.899999999999999
1158,50,4.899999999999999
1159,50,4.899999999999999
1160,50,4.899999999999999
1161,50,4.899999999999999
1162,50,4.899999999999999
1163,50,4.899999999999999
1164,50,4.899999999999999
1165,50,4.899999999999999
1166,50,4.899999999999999
1167,50,4.899999999999999
1168,50,4.899999999999999
1169,50,4.899999999999999
1170,50,4.899999999999999
1171,50,4.899999999999999
1172,50,4.899999999999999
1173,50,4.899999999999999
1174,50,4.899999999999999
1175,50,4.899999999999999
1176,50,4.899999999999999
1177,50,4.899999999999999
1178,50,4.899999999999999
1179,50,4.899999999999999
1180,50,4.899999999999999
1181,54,5.299999999999997
1182,50,4.899999999999999
1183,50,4.899999999999999
1184,50,4.899999999999999
1185,50,4.899999999999999
1186,50,4.899999999999999
1187,51,4.999999999999998
1188,50,4.899999999999999
1189,50,4.899999999999999
1190,50,4.899999999999999
1191,50,4.899999999999999
1192,50,4.899999999999999
1193,50,4.899999999999999
1194,50,4.899999999999999
1195,50,4.899999999999999
1196,50,4.899999999999999
1197,50,4.899999999999999
1198,51,4.999999999999998
1199,50,4.899999999999999
1200,50,4.899999999999999
1201,50,4.899999999999999
1202,50,4.899999999999999
1203,50,4.899999999999999
1204,51,4.999999999999998
1205,50,4.899999999999999
1206,50,4.899999999999999
1207,50,4.899999999999999
1208,50,4.899999999999999
1209,50,4.899999999999999
1210,50,4.899999999999999
1211,50,4.899999999999999
1212,50,4.899999999999999
1213,50,4.899999999999999
1214,50,4.899999999999999
1215,50,4.899999999999999
1216,50,4.899999999999999
1217,50,4.899999999999999
1218,52,5.099999999999998
1219,50,4.899999999999999
1220,50,4.899999999999999
1221,50,4.899999999999999
1222,50,4.899999999999999
1223,50,4.899999999999999
1224,51,4.999999999999998
1225,50,4.899999999999999
1226,50,4.899999999999999
1227,50,4.899999999999999
1228,50,4.899999999999999
1229,50,4.899999999999999
1230,50,4.899999999999999
1231,50,4.899999999999999
1232,50,4.899999999999999
1233,50,4.899999999999999
1234,50,4.899999999999999
1235,50,4.899999999999999
1236,50,4.899999999999999
1237,51,4.999999999999998
1238,50,4.899999999999999
1239,50,4.899999999999999
1240,50,4.899999999999999
1241,50,4.899999999999999
1242,52,5.099999999999998
1243,50,4.899999999999999
1244,52,5.099999999999998
1245,50,4.899999999999999
1246,50,4.899999999999999
1247,50,4.899999999999999
1248,50,4.899999999999999
1249,50,4.899999999999999
1250,50,4.899999999999999
1251,50,4.899999999999999
1252,86,9.399999999999986
1253,51,4.999999999999998
1254,55,5.399999999999997
1255,50,4.899999999999999
1256,50,4.899999999999999
1257,50,4.899999999999999
1258,50,4.899999999999999
1259,50,4.899999999999999
1260,50,4.899999999999999
1261,50,4.899999999999999
1262,50,4.899999999999999
1263,50,4.899999999999999
1264,50,4.899999999999999
1265,50,4.899999999999999
1266,50,4.899999999999999
1267,50,4.899999999999999
1268,50,4.899999999999999
1269,50,4.899999999999999
1270,56,5.4999999999999964
1271,63,7.099999999999994
1272,50,4.899999999999999
1273,54,5.299999999999997
1274,50,4.899999999999999
1275,50,4.899999999999999
1276,54,5.299999999999997
1277,50,4.899999999999999
1278,50,4.899999999999999
1279,50,4.899999999999999
1280,50,4.899999999999999
1281,50,4.899999999999999
1282,50,4.899999999999999
1283,50,4.899999999999999
1284,50,4.899999999999999
1285,50,4.899999999999999
1286,68,7.5999999999999925
1287,50,4.899999999999999
1288,50,4.899999999999999
1289,50,4.899999999999999
1290,50,4.899999999999999
1291,50,4.899999999999999
1292,50,4.899999999999999
1293,50,4.899999999999999
1294,50,4.899999999999999
1295,56,5.4999999999999964
1296,50,4.899999999999999
1297,50,4.899999999999999
1298,50,4.899999999999999
1299,50,4.899999999999999
1300,50,4.899999999999999
1301,51,4.999999999999998
1302,50,4.899999999999999
1303,52,5.099999999999998
1304,50,4.899999999999999
1305,50,4.899999999999999
1306,53,5.1999999999999975
1307,50,4.899999999999999
1308,50,4.899999999999999
1309,50,4.899999999999999
1310,50,4.899999999999999
1311,50,4.899999999999999
1312,50,4.899999999999999
1313,52,5.099999999999998
1314,52,5.099999999999998
1315,50,4.899999999999999
1316,50,4.899999999999999
1317,50,4.899999999999999
1318,50,4.899999999999999
1319,50,4.899999999999999
1320,50,4.899999999999999
1321,50,4.899999999999999
1322,51,4.999999999999998
1323,50,4.899999999999999
1324,69,7.699999999999992
1325,50,4.899999999999999
1326,50,4.899999999999999
1327,50,4.899999999999999
1328,50,4.899999999999999
1329,68,7.5999999999999925
1330,50,4.899999999999999
1331,50,4.899999999999999
1332,66,7.399999999999993
1333,56,5.4999999999999964
1334,57,5.599999999999996
1335,50,4.899999999999999
1336,57,5.599999999999996
1337,50,4.899999999999999
1338,50,4.899999999999999
1339,50,4.899999999999999
1340,50,4.899999999999999
1341,50,4.899999999999999
1342,50,4.899999999999999
1343,51,4.999999999999998
1344,50,4.899999999999999
1345,50,4.899999999999999
1346,50,4.899999999999999
1347,50,4.899999999999999
1348,50,4.899999999999999
1349,50,4.899999999999999
1350,50,4.899999999999999
1351,50,4.899999999999999
1352,52,5.099999999999998
1353,50,4.899999999999999
1354,50,4.899999999999999
1355,65,7.299999999999994
1356,50,4.899999999999999
1357,50,4.899999999999999
1358,50,4.899999999999999
1359,50,4.899999999999999
1360,54,5.299999999999997
1361,50,4.899999999999999
1362,50,4.899999999999999
1363,51,4.999999999999998
1364,50,4.899999999999999
1365,50,4.899999999999999
1366,51,4.999999999999998
1367,50,4.899999999999999
1368,50,4.899999999999999
1369,50,4.899999999999999
1370,50,4.899999999999999
1371,50,4.899999999999999
1372,50,4.899999999999999
1373,50,4.899999999999999
1374,50,4.899999999999999
1375,58,5.699999999999996
1376,50,4.899999999999999
1377,50,4.899999999999999
1378,61,5.999999999999995
1379,50,4.899999999999999
1380,50,4.899999999999999
1381,50,4.899999999999999
1382,50,4.899999999999999
1383,51,4.999999999999998
1384,50,4.899999999999999
1385,50,4.899999999999999
1386,50,4.899999999999999
1387,50,4.899999999999999
1388,50,4.899999999999999
1389,60,5.899999999999995
1390,50,4.899999999999999
1391,50,4.899999999999999
1392,51,4.999999999999998
1393,50,4.899999999999999
1394,50,4.899999999999999
1395,50,4.899999999999999
1396,50,4.899999999999999
1397,50,4.899999999999999
1398,50,4.899999999999999
1399,56,5.4999999999999964
1400,50,4.899999999999999
1401,50,4.899999999999999
1402,59,5.799999999999995
1403,50,4.899999999999999
1404,50,4.899999999999999
1405,50,4.899999999999999
1406,50,4.899999999999999
1407,50,4.899999999999999
1408,54,5.299999999999997
1409,50,4.899999999999999
1410,50,4.899999999999999
1411,51,4.999999999999998
1412,54,5.299999999999997
1413,63,7.099999999999994
1414,50,4.899999999999999
1415,50,4.899999999999999
1416,50,4.899999999999999
1417,61,5.999999999999995
1418,53,5.1999999999999975
1419,50,4.899999999999999
1420,50,4.899999999999999
1421,59,5.799999999999995
1422,46,4.5
1423,60,5.899999999999995
1424,58,5.699999999999996
1425,50,4.899999999999999
1426,50,4.899999999999999
1427,50,4.899999999999999
1428,50,4.899999999999999
1429,50,4.899999999999999
1430,54,5.299999999999997
1431,50,4.899999999999999
1432,54,5.299999999999997
1433,86,9.399999999999986
1434,53,5.1999999999999975
1435,50,4.899999999999999
1436,53,5.1999999999999975
1437,50,4.899999999999999
1438,62,6.999999999999995
1439,59,5.799999999999995
1440,51,4.999999999999998
1441,50,4.899999999999999
1442,50,4.899999999999999
1443,50,4.899999999999999
1444,50,4.899999999999999
1445,52,5.099999999999998
1446,50,4.899999999999999
1447,50,4.899999999999999
1448,50,4.899999999999999
1449,50,4.899999999999999
1450,50,4.899999999999999
1451,50,4.899999999999999
1452,50,4.899999999999999
1453,65,7.299999999999994
1454,50,4.899999999999999
1455,55,5.399999999999997
1456,50,4.899999999999999
1457,57,5.599999999999996
1458,57,5.599999999999996
1459,57,5.599999999999996
1460,50,4.899999999999999
1461,86,9.399999999999986
1462,52,5.099999999999998
1463,56,5.4999999999999964
1464,61,5.999999999999995
1465,50,4.899999999999999
1466,50,4.899999999999999
1467,56,5.4999999999999964
1468,55,5.399999999999997
1469,50,4.899999999999999
1470,50,4.899999999999999
1471,50,4.899999999999999
1472,52,5.099999999999998
1473,50,4.899999999999999
1474,50,4.899999999999999
1475,50,4.899999999999999
1476,50,4.899999999999999
1477,50,4.899999999999999
1478,50,4.899999999999999
1479,50,4.899999999999999
1480,50,4.899999999999999
1481,58,5.699999999999996
1482,50,4.899999999999999
1483,50,4.899999999999999
1484,54,5.299999999999997
1485,50,4.899999999999999
1486,61,5.999999999999995
1487,56,5.4999999999999964
1488,50,4.899999999999999
1489,60,5.899999999999995
1490,86,9.399999999999986
1491,51,4.999999999999998
1492,50,4.899999999999999
1493,50,4.899999999999999
1494,51,4.999999999999998
1495,60,5.899999999999995
1496,50,4.899999999999999
1497,50,4.899999999999999
1498,52,5.099999999999998
1499,50,4.899999999999999
1500,50,4.899999999999999
1501,50,4.899999999999999
1502,50,4.899999999999999
1503,50,4.899999999999999
1504,50,4.899999999999999
1505,55,5.399999999999997
1506,50,4.899999999999999
1507,55,5.399999999999997
1508,58,5.699999999999996
1509,51,4.999999999999998
1510,56,5.4999999999999964
1511,51,4.999999999999998
1512,50,4.899999999999999
1513,58,5.699999999999996
1514,53,5.1999999999999975
1515,50,4.899999999999999
1516,50,4.899999999999999
1517,50,4.899999999999999
1518,50,4.899999999999999
1519,50,4.899999999999999
1520,52,5.099999999999998
1521,57,5.599999999999996
1522,50,4.899999999999999
1523,59,5.799999999999995
1524,50,4.899999999999999
1525,50,4.899999999999999
1526,59,5.799999999999995
1527,50,4.899999999999999
1528,53,5.1999999999999975
1529,55,5.399999999999997
1530,50,4.899999999999999
1531,50,4.899999999999999
1532,60,5.899999999999995
1533,50,4.899999999999999
1534,50,4.899999999999999
1535,54,5.299999999999997
1536,50,4.899999999999999
1537,59,5.799999999999995
1538,50,4.899999999999999
1539,58,5.699999999999996
1540,50,4.899999999999999
1541,59,5.799999999999995
1542,50,4.899999999999999
1543,50,4.899999999999999
1544,50,4.899999999999999
1545,50,4.899999999999999
1546,50,4.899999999999999
1547,50,4.899999999999999
1548,50,4.899999999999999
1549,51,4.999999999999998
1550,50,4.899999999999999
1551,68,7.5999999999999925
1552,56,5.4999999999999964
1553,55,5.399999999999997
1554,50,4.899999999999999
1555,50,4.899999999999999
1556,55,5.399999999999997
1557,50,4.899999999999999
1558,56,5.4999999999999964
1559,68,7.5999999999999925
1560,56,5.4999999999999964
1561,50,4.899999999999999
1562,50,4.899999999999999
1563,66,7.399999999999993
1564,66,7.399999999999993
1565,66,7.399999999999993
1566,65,7.299999999999994
1567,53,5.1999999999999975
1568,53,5.1999999999999975
1569,66,7.399999999999993
1570,54,5.299999999999997
1571,50,4.899999999999999
1572,65,7.299999999999994
1573,64,7.199999999999994
1574,65,7.299999999999994
1575,62,6.999999999999995
1576,63,7.099999999999994
1577,50,4.899999999999999
1578,50,4.899999999999999
1579,65,7.299999999999994
1580,66,7.399999999999993
1581,50,4.899999999999999
1582,65,7.299999999999994
1583,67,7.499999999999993
1584,50,4.899999999999999
1585,50,4.899999999999999
1586,64,7.199999999999994
1587,50,4.899999999999999
1588,50,4.899999999999999
1589,50,4.899999999999999
1590,50,4.899999999999999
1591,50,4.899999999999999
1592,50,4.899999999999999
1593,50,4.899999999999999
1594,50,4.899999999999999
1595,50,4.899999999999999
1596,50,4.899999999999999
1597,61,5.999999999999995
1598,64,7.199999999999994
1599,50,4.899999999999999
1600,64,7.199999999999994
1601,50,4.899999999999999
1602,66,7.399999999999993
1603,65,7.299999999999994
1604,50,4.899999999999999
1605,55,5.399999999999997
1606,61,5.999999999999995
1607,50,4.899999999999999
1608,63,7.099999999999994
1609,50,4.899999999999999
1610,50,4.899999999999999
1611,52,5.099999999999998
1612,50,4.899999999999999
1613,51,4.999999999999998
1614,64,7.199999999999994
1615,50,4.899999999999999
1616,63,7.099999999999994
1617,50,4.899999999999999
1618,62,6.999999999999995
1619,51,4.999999999999998
1620,52,5.099999999999998
1621,50,4.899999999999999
1622,50,4.899999999999999
1623,50,4.899999999999999
1624,50,4.899999999999999
1625,54,5.299999999999997
1626,50,4.899999999999999
1627,63,7.099999999999994
1628,65,7.299999999999994
1629,59,5.799999999999995
1630,50,4.899999999999999
1631,50,4.899999999999999
1632,52,5.099999999999998
1633,52,5.099999999999998
1634,65,7.299999999999994
1635,54,5.299999999999997
1636,50,4.899999999999999
1637,50,4.899999999999999
1638,59,5.799999999999995
1639,50,4.899999999999999
1640,51,4.999999999999998
1641,50,4.899999999999999
1642,50,4.899999999999999
1643,61,5.999999999999995
1644,50,4.899999999999999
1645,63,7.099999999999994
1646,58,5.699999999999996
1647,52,5.099999999999998
1648,64,7.199999999999994
1649,64,7.199999999999994
1650,50,4.899999999999999
1651,54,5.299999999999997
1652,63,7.099999999999994
1653,58,5.699999999999996
1654,58,5.699999999999996
1655,63,7.099999999999994
1656,60,5.899999999999995
1657,59,5.799999999999995
1658,50,4.899999999999999
1659,57,5.599999999999996
1660,51,4.999999999999998
1661,50,4.899999999999999
1662,50,4.899999999999999
1663,58,5.699999999999996
1664,65,7.299999999999994
1665,65,7.299999999999994
1666,50,4.899999999999999
1667,50,4.899999999999999
1668,50,4.899999999999999
1669,53,5.1999999999999975
1670,50,4.899999999999999
1671,50,4.899999999999999
1672,65,7.299999999999994
1673,50,4.899999999999999
1674,60,5.899999999999995
1675,52,5.099999999999998
1676,52,5.099999999999998
1677,64,7.199999999999994
1678,62,6.999999999999995
1679,61,5.999999999999995
1680,50,4.899999999999999
1681,63,7.099999999999994
1682,50,4.899999999999999
1683,50,4.899999999999999
1684,63,7.099999999999994
1685,50,4.899999999999999
1686,50,4.899999999999999
1687,50,4.899999999999999
1688,51,4.999999999999998
1689,50,4.899999999999999
1690,53,5.1999999999999975
1691,53,5.1999999999999975
1692,63,7.099999999999994
1693,50,4.899999999999999
1694,61,5.999999999999995
1695,63,7.099999999999994
1696,50,4.899999999999999
1697,50,4.899999999999999
1698,66,7.399999999999993
1699,50,4.899999999999999
1700,64,7.199999999999994
1701,65,7.299999999999994
1702,61,5.999999999999995
1703,66,7.399999999999993
1704,50,4.899999999999999
1705,50,4.899999999999999
1706,59,5.799999999999995
1707,53,5.1999999999999975
1708,50,4.899999999999999
1709,65,7.299999999999994
1710,63,7.099999999999994
1711,62,6.999999999999995
1712,52,5.099999999999998
1713,51,4.999999999999998
1714,50,4.899999999999999
1715,50,4.899999999999999
1716,59,5.799999999999995
1717,61,5.999999999999995
1718,51,4.999999999999998
1719,50,4.899999999999999
1720,63,7.099999999999994
1721,61,5.999999999999995
1722,50,4.899999999999999
1723,60,5.899999999999995
1724,60,5.899999999999995
1725,50,4.899999999999999
1726,63,7.099999999999994
1727,50,4.899999999999999
1728,50,4.899999999999999
1729,51,4.999999999999998
1730,60,5.899999999999995
1731,59,5.799999999999995
1732,62,6.999999999999995
1733,62,6.999999999999995
1734,64,7.199999999999994
1735,59,5.799999999999995
1736,50,4.899999999999999
1737,51,4.999999999999998
1738,59,5.799999999999995
1739,50,4.899999999999999
1740,50,4.899999999999999
1741,52,5.099999999999998
1742,62,6.999999999999995
1743,50,4.899999999999999
1744,64,7.199999999999994
1745,60,5.899999999999995
1746,51,4.999999999999998
1747,58,5.699999999999996
1748,50,4.899999999999999
1749,60,5.899999999999995
1750,59,5.799999999999995
1751,60,5.899999999999995
1752,58,5.699999999999996
1753,50,4.899999999999999
1754,50,4.899999999999999
1755,59,5.799999999999995
1756,64,7.199999999999994
1757,59,5.799999999999995
1758,60,5.899999999999995
1759,61,5.999999999999995
1760,64,7.199999999999994
1761,63,7.099999999999994
1762,59,5.799999999999995
1763,59,5.799999999999995
1764,59,5.799999999999995
1765,61,5.999999999999995
1766,60,5.899999999999995
1767,59,5.799999999999995
1768,50,4.899999999999999
1769,52,5.099999999999998
1770,62,6.999999999999995
1771,59,5.799999999999995
1772,64,7.199999999999994
1773,60,5.899999999999995
1774,60,5.899999999999995
1775,61,5.999999999999995
1776,60,5.899999999999995
1777,60,5.899999999999995
1778,61,5.999999999999995
1779,50,4.899999999999999
1780,59,5.799999999999995
1781,59,5.799999999999995
1782,59,5.799999999999995
1783,60,5.899999999999995
1784,57,5.599999999999996
1785,61,5.999999999999995
1786,62,6.999999999999995
1787,59,5.799999999999995
1788,56,5.4999999999999964
1789,57,5.599999999999996
1790,59,5.799999999999995
1791,50,4.899999999999999
1792,50,4.899999999999999
1793,61,5.999999999999995
1794,58,5.699999999999996
1795,58,5.699999999999996
1796,58,5.699999999999996
1797,63,7.099999999999994
1798,57,5.599999999999996
1799,56,5.4999999999999964
1800,62,6.999999999999995
1801,50,4.899999999999999
1802,61,5.999999999999995
1803,61,5.999999999999995
1804,50,4.899999999999999
1805,59,5.799999999999995
1806,123,13.999999999999973
1807,60,5.899999999999995
1808,61,5.999999999999995
1809,62,6.999999999999995
1810,62,6.999999999999995
1811,50,4.899999999999999
1812,64,7.199999999999994
1813,50,4.899999999999999
1814,50,4.899999999999999
1815,63,7.099999999999994
1816,50,4.899999999999999
1817,59,5.799999999999995
1818,61,5.999999999999995
1819,60,5.899999999999995
1820,92,9.999999999999984
1821,50,4.899999999999999
1822,61,5.999999999999995
1823,64,7.199999999999994
1824,56,5.4999999999999964
1825,62,6.999999999999995
1826,58,5.699999999999996
1827,59,5.799999999999995
1828,60,5.899999999999995
1829,61,5.999999999999995
1830,50,4.899999999999999
1831,59,5.799999999999995
1832,59,5.799999999999995
1833,59,5.799999999999995
1834,57,5.599999999999996
1835,60,5.899999999999995
1836,58,5.699999999999996
1837,62,6.999999999999995
1838,57,5.599999999999996
1839,57,5.599999999999996
1840,59,5.799999999999995
1841,50,4.899999999999999
1842,50,4.899999999999999
1843,50,4.899999999999999
1844,56,5.4999999999999964
1845,57,5.599999999999996
1846,59,5.799999999999995
1847,51,4.999999999999998
1848,57,5.599999999999996
1849,59,5.799999999999995
1850,62,6.999999999999995
1851,58,5.699999999999996
1852,50,4.899999999999999
1853,60,5.899999999999995
1854,58,5.699999999999996
1855,60,5.899999999999995
1856,61,5.999999999999995
1857,60,5.899999999999995
1858,59,5.799999999999995
1859,50,4.899999999999999
1860,59,5.799999999999995
1861,60,5.899999999999995
1862,61,5.999999999999995
1863,63,7.099999999999994
1864,60,5.899999999999995
1865,61,5.999999999999995
1866,59,5.799999999999995
1867,50,4.899999999999999
1868,57,5.599999999999996
1869,62,6.999999999999995
1870,60,5.899999999999995
1871,59,5.799999999999995
1872,59,5.799999999999995
1873,61,5.999999999999995
1874,57,5.599999999999996
1875,60,5.899999999999995
1876,61,5.999999999999995
1877,60,5.899999999999995
1878,62,6.999999999999995
1879,50,4.899999999999999
1880,59,5.799999999999995
1881,58,5.699999999999996
1882,58,5.699999999999996
1883,50,4.899999999999999
1884,57,5.599999999999996
1885,62,6.999999999999995
1886,57,5.599999999999996
1887,55,5.399999999999997
1888,58,5.699999999999996
1889,58,5.699999999999996
1890,61,5.999999999999995
1891,59,5.799999999999995
1892,50,4.899999999999999
1893,56,5.4999999999999964
1894,56,5.4999999999999964
1895,57,5.599999999999996
1896,59,5.799999999999995
1897,61,5.999999999999995
1898,50,4.899999999999999
1899,50,4.899999999999999
1900,57,5.599999999999996
1901,57,5.599999999999996
1902,61,5.999999999999995
1903,60,5.899999999999995
1904,58,5.699999999999996
1905,57,5.599999999999996
1906,59,5.799999999999995
1907,57,5.599999999999996
1908,57,5.599999999999996
1909,57,5.599999999999996
1910,59,5.799999999999995
1911,96,10.399999999999983
1912,57,5.599999999999996
1913,59,5.799999999999995
1914,56,5.4999999999999964
1915,59,5.799999999999995
1916,50,4.899999999999999
1917,53,5.1999999999999975
1918,61,5.999999999999995
1919,57,5.599999999999996
1920,97,10.499999999999982
1921,56,5.4999999999999964
1922,61,5.999999999999995
1923,50,4.899999999999999
1924,50,4.899999999999999
1925,50,4.899999999999999
1926,57,5.599999999999996
1927,59,5.799999999999995
1928,58,5.699999999999996
1929,58,5.699999999999996
1930,60,5.899999999999995
1931,57,5.599999999999996
1932,57,5.599999999999996
1933,57,5.599999999999996
1934,59,5.799999999999995
1935,58,5.699999999999996
1936,57,5.599999999999996
1937,61,5.999999999999995
1938,58,5.699999999999996
1939,62,6.999999999999995
1940,61,5.999999999999995
1941,50,4.899999999999999
1942,57,5.599999999999996
1943,57,5.599999999999996
1944,58,5.699999999999996
1945,58,5.699999999999996
1946,61,5.999999999999995
1947,55,5.399999999999997
1948,61,5.999999999999995
1949,58,5.699999999999996
1950,56,5.4999999999999964
1951,57,5.599999999999996
1952,57,5.599999999999996
1953,58,5.699999999999996
1954,60,5.899999999999995
1955,62,6.999999999999995
1956,61,5.999999999999995
1957,58,5.699999999999996
1958,62,6.999999999999995
1959,57,5.599999999999996
1960,51,4.999999999999998
1961,58,5.699999999999996
1962,56,5.4999999999999964
1963,58,5.699999999999996
1964,59,5.799999999999995
1965,50,4.899999999999999
1966,56,5.4999999999999964
1967,61,5.999999999999995
1968,50,4.899999999999999
1969,58,5.699999999999996
1970,51,4.999999999999998
1971,58,5.699999999999996
1972,50,4.899999999999999
1973,96,10.399999999999983
1974,58,5.699999999999996
1975,60,5.899999999999995
1976,58,5.699999999999996
1977,57,5.599999999999996
1978,88,9.599999999999985
1979,58,5.699999999999996
1980,58,5.699999999999996
1981,50,4.899999999999999
1982,55,5.399999999999997
1983,59,5.799999999999995
1984,95,10.299999999999983
1985,60,5.899999999999995
1986,62,6.999999999999995
1987,62,6.999999999999995
1988,60,5.899999999999995
1989,57,5.599999999999996
1990,58,5.699999999999996
1991,51,4.999999999999998
1992,54,5.299999999999997
1993,58,5.699999999999996
1994,57,5.599999999999996
1995,58,5.699999999999996
1996,60,5.899999999999995
1997,57,5.599999999999996
1998,58,5.699999999999996
1999,58,5.699999999999996
2000,50,4.899999999999999
2001,57,5.599999999999996
2002,56,5.4999999999999964
2003,58,5.699999999999996
2004,58,5.699999999999996
2005,58,5.699999999999996
2006,50,4.899999999999999
2007,59,5.799999999999995
2008,51,4.999999999999998
2009,57,5.599999999999996
2010,50,4.899999999999999
2011,56,5.4999999999999964
2012,51,4.999999999999998
2013,59,5.799999999999995
2014,50,4.899999999999999
2015,57,5.599999999999996
2016,57,5.599999999999996
2017,60,5.899999999999995
2018,54,5.299999999999997
2019,58,5.699999999999996
2020,57,5.599999999999996
2021,51,4.999999999999998
2022,57,5.599999999999996
2023,56,5.4999999999999964
2024,57,5.599999999999996
2025,51,4.999999999999998
2026,58,5.699999999999996
2027,55,5.399999999999997
2028,59,5.799999999999995
2029,57,5.599999999999996
2030,57,5.599999999999996
2031,58,5.699999999999996
2032,50,4.899999999999999
2033,53,5.1999999999999975
2034,50,4.899999999999999
2035,58,5.699999999999996
2036,57,5.599999999999996
2037,51,4.999999999999998
2038,57,5.599999999999996
2039,57,5.599999999999996
2040,58,5.699999999999996
2041,58,5.699999999999996
2042,60,5.899999999999995
2043,50,4.899999999999999
2044,51,4.999999999999998
2045,58,5.699999999999996
2046,57,5.599999999999996
2047,57,5.599999999999996
2048,58,5.699999999999996
2049,51,4.999999999999998
2050,61,5.999999999999995
2051,60,5.899999999999995
2052,59,5.799999999999995
2053,58,5.699999999999996
2054,58,5.699999999999996
2055,58,5.699999999999996
2056,66,7.399999999999993
2057,50,4.899999999999999
2058,50,4.899999999999999
2059,58,5.699999999999996
2060,50,4.899999999999999
2061,56,5.4999999999999964
2062,57,5.599999999999996
2063,59,5.799999999999995
2064,56,5.4999999999999964
2065,59,5.799999999999995
2066,56,5.4999999999999964
2067,60,5.899999999999995
2068,56,5.4999999999999964
2069,57,5.599999999999996
2070,57,5.599999999999996
2071,56,5.4999999999999964
2072,55,5.399999999999997
2073,57,5.599999999999996
2074,59,5.799999999999995
2075,59,5.799999999999995
2076,56,5.4999999999999964
2077,50,4.899999999999999
2078,56,5.4999999999999964
2079,60,5.899999999999995
2080,59,5.799999999999995
2081,59,5.799999999999995
2082,61,5.999999999999995
2083,60,5.899999999999995
2084,61,5.999999999999995
2085,59,5.799999999999995
2086,59,5.799999999999995
2087,54,5.299999999999997
2088,58,5.699999999999996
2089,50,4.899999999999999
2090,55,5.399999999999997
2091,61,5.999999999999995
2092,60,5.899999999999995
2093,56,5.4999999999999964
2094,54,5.299999999999997
2095,50,4.899999999999999
2096,60,5.899999999999995
2097,56,5.4999999999999964
2098,55,5.399999999999997
2099,61,5.999999999999995
2100,50,4.899999999999999
2101,58,5.699999999999996
2102,60,5.899999999999995
2103,50,4.899999999999999
2104,52,5.099999999999998
2105,50,4.899999999999999
2106,57,5.599999999999996
2107,56,5.4999999999999964
2108,50,4.899999999999999
2109,60,5.899999999999995
2110,50,4.899999999999999
2111,57,5.599999999999996
2112,58,5.699999999999996
2113,58,5.699999999999996
2114,56,5.4999999999999964
2115,58,5.699999999999996
2116,57,5.599999999999996
2117,55,5.399999999999997
2118,50,4.899999999999999
2119,58,5.699999999999996
2120,50,4.899999999999999
2121,50,4.899999999999999
2122,60,5.899999999999995
2123,59,5.799999999999995
2124,50,4.899999999999999
2125,56,5.4999999999999964
2126,50,4.899999999999999
2127,57,5.599999999999996
2128,60,5.899999999999995
2129,50,4.899999999999999
2130,55,5.399999999999997
2131,51,4.999999999999998
2132,60,5.899999999999995
2133,50,4.899999999999999
2134,56,5.4999999999999964
2135,58,5.699999999999996
2136,50,4.899999999999999
2137,56,5.4999999999999964
2138,50,4.899999999999999
2139,57,5.599999999999996
2140,56,5.4999999999999964
2141,61,5.999999999999995
2142,54,5.299999999999997
2143,60,5.899999999999995
2144,56,5.4999999999999964
2145,59,5.799999999999995
2146,60,5.899999999999995
2147,51,4.999999999999998
2148,62,6.999999999999995
2149,56,5.4999999999999964
2150,52,5.099999999999998
2151,61,5.999999999999995
2152,58,5.699999999999996
2153,50,4.899999999999999
2154,50,4.899999999999999
2155,58,5.699999999999996
2156,59,5.799999999999995
2157,58,5.699999999999996
2158,61,5.999999999999995
2159,50,4.899999999999999
2160,59,5.799999999999995
2161,50,4.899999999999999
2162,56,5.4999999999999964
2163,63,7.099999999999994
2164,58,5.699999999999996
2165,61,5.999999999999995
2166,58,5.699999999999996
2167,50,4.899999999999999
2168,59,5.799999999999995
2169,59,5.799999999999995
2170,57,5.599999999999996
2171,59,5.799999999999995
2172,50,4.899999999999999
2173,55,5.399999999999997
2174,52,5.099999999999998
2175,60,5.899999999999995
2176,61,5.999999999999995
2177,57,5.599999999999996
2178,60,5.899999999999995
2179,61,5.999999999999995
2180,57,5.599999999999996
2181,62,6.999999999999995
2182,57,5.599999999999996
2183,50,4.899999999999999
2184,51,4.999999999999998
2185,53,5.1999999999999975
2186,58,5.699999999999996
2187,50,4.899999999999999
2188,61,5.999999999999995
2189,62,6.999999999999995
2190,96,10.399999999999983
2191,60,5.899999999999995
2192,58,5.699999999999996
2193,59,5.799999999999995
2194,58,5.699999999999996
2195,50,4.899999999999999
2196,61,5.999999999999995
2197,60,5.899999999999995
2198,59,5.799999999999995
2199,60,5.899999999999995
2200,61,5.999999999999995
2201,51,4.999999999999998
2202,50,4.899999999999999
2203,57,5.599999999999996
2204,56,5.4999999999999964
2205,58,5.699999999999996
2206,53,5.1999999999999975
2207,57,5.599999999999996
2208,56,5.4999999999999964
2209,56,5.4999999999999964
2210,58,5.699999999999996
2211,57,5.599999999999996
2212,64,7.199999999999994
2213,57,5.599999999999996
2214,57,5.599999999999996
2215,58,5.699999999999996
2216,59,5.799999999999995
2217,86,9.399999999999986
2218,60,5.899999999999995
2219,51,4.999999999999998
2220,50,4.899999999999999
2221,59,5.799999999999995
2222,54,5.299999999999997
2223,57,5.599999999999996
2224,57,5.599999999999996
2225,63,7.099999999999994
2226,61,5.999999999999995
2227,64,7.199999999999994
2228,50,4.899999999999999
2229,50,4.899999999999999
2230,54,5.299999999999997
2231,50,4.899999999999999
2232,50,4.899999999999999
2233,50,4.899999999999999
2234,64,7.199999999999994
2235,57,5.599999999999996
2236,96,10.399999999999983
2237,63,7.099999999999994
2238,96,10.399999999999983
2239,97,10.499999999999982
2240,98,11.499999999999982
2241,96,10.399999999999983
2242,58,5.699999999999996
2243,60,5.899999999999995
2244,56,5.4999999999999964
2245,59,5.799999999999995
2246,64,7.199999999999994
2247,50,4.899999999999999
2248,50,4.899999999999999
2249,61,5.999999999999995
2250,64,7.199999999999994
2251,59,5.799999999999995
2252,61,5.999999999999995
2253,53,5.1999999999999975
2254,60,5.899999999999995
2255,95,10.299999999999983
2256,53,5.1999999999999975
2257,92,9.999999999999984
2258,64,7.199999999999994
2259,94,10.199999999999983
2260,50,4.899999999999999
2261,59,5.799999999999995
2262,62,6.999999999999995
2263,57,5.599999999999996
2264,50,4.899999999999999
2265,60,5.899999999999995
2266,58,5.699999999999996
2267,61,5.999999999999995
2268,64,7.199999999999994
2269,62,6.999999999999995
2270,60,5.899999999999995
2271,56,5.4999999999999964
2272,56,5.4999999999999964
2273,50,4.899999999999999
2274,50,4.899999999999999
2275,59,5.799999999999995
2276,63,7.099999999999994
2277,61,5.999999999999995
2278,60,5.899999999999995
2279,93,10.099999999999984
2280,65,7.299999999999994
2281,50,4.899999999999999
2282,86,9.399999999999986
2283,64,7.199999999999994
2284,55,5.399999999999997
2285,97,10.499999999999982
2286,95,10.299999999999983
2287,60,5.899999999999995
2288,62,6.999999999999995
2289,50,4.899999999999999
2290,96,10.399999999999983
2291,64,7.199999999999994
2292,60,5.899999999999995
2293,50,4.899999999999999
2294,50,4.899999999999999
2295,63,7.099999999999994
2296,56,5.4999999999999964
2297,50,4.899999999999999
2298,62,6.999999999999995
2299,64,7.199999999999994
2300,50,4.899999999999999
2301,64,7.199999999999994
2302,63,7.099999999999994
2303,90,9.799999999999985
2304,93,10.099999999999984
2305,62,6.999999999999995
2306,50,4.899999999999999
2307,50,4.899999999999999
2308,86,9.399999999999986
2309,64,7.199999999999994
2310,50,4.899999999999999
2311,50,4.899999999999999
2312,62,6.999999999999995
2313,60,5.899999999999995
2314,87,9.499999999999986
2315,60,5.899999999999995
2316,50,4.899999999999999
2317,61,5.999999999999995
2318,61,5.999999999999995
2319,50,4.899999999999999
2320,59,5.799999999999995
2321,59,5.799999999999995
2322,98,11.499999999999982
2323,59,5.799999999999995
2324,50,4.899999999999999
2325,59,5.799999999999995
2326,50,4.899999999999999
2327,60,5.899999999999995
2328,58,5.699999999999996
2329,59,5.799999999999995
2330,56,5.4999999999999964
2331,50,4.899999999999999
2332,62,6.999999999999995
2333,87,9.499999999999986
2334,93,10.099999999999984
2335,52,5.099999999999998
2336,50,4.899999999999999
2337,61,5.999999999999995
2338,63,7.099999999999994
2339,50,4.899999999999999
2340,64,7.199999999999994
2341,51,4.999999999999998
2342,65,7.299999999999994
2343,64,7.199999999999994
2344,62,6.999999999999995
2345,50,4.899999999999999
2346,64,7.199999999999994
2347,50,4.899999999999999
2348,50,4.899999999999999
2349,57,5.599999999999996
2350,61,5.999999999999995
2351,50,4.899999999999999
2352,50,4.899999999999999
2353,61,5.999999999999995
2354,51,4.999999999999998
2355,50,4.899999999999999
2356,97,10.499999999999982
2357,62,6.999999999999995
2358,94,10.199999999999983
2359,60,5.899999999999995
2360,63,7.099999999999994
2361,63,7.099999999999994
2362,50,4.899999999999999
2363,87,9.499999999999986
2364,60,5.899999999999995
2365,61,5.999999999999995
2366,62,6.999999999999995
2367,50,4.899999999999999
2368,58,5.699999999999996
2369,50,4.899999999999999
2370,95,10.299999999999983
2371,56,5.4999999999999964
2372,50,4.899999999999999
2373,86,9.399999999999986
2374,50,4.899999999999999
2375,57,5.599999999999996
2376,61,5.999999999999995
2377,61,5.999999999999995
2378,50,4.899999999999999
2379,50,4.899999999999999
2380,59,5.799999999999995
2381,64,7.199999999999994
2382,101,11.799999999999981
2383,58,5.699999999999996
2384,56,5.4999999999999964
2385,92,9.999999999999984
2386,50,4.899999999999999
2387,58,5.699999999999996
2388,61,5.999999999999995
2389,95,10.299999999999983
2390,86,9.399999999999986
2391,86,9.399999999999986
2392,92,9.999999999999984
2393,60,5.899999999999995
2394,86,9.399999999999986
2395,94,10.199999999999983
2396,62,6.999999999999995
2397,62,6.999999999999995
2398,50,4.899999999999999
2399,97,10.499999999999982
2400,87,9.499999999999986
2401,63,7.099999999999994
2402,86,9.399999999999986
2403,46,4.5
2404,86,9.399999999999986
2405,86,9.399999999999986
2406,50,4.899999999999999
2407,95,10.299999999999983
2408,86,9.399999999999986
2409,61,5.999999999999995
2410,62,6.999999999999995
2411,98,11.499999999999982
2412,60,5.899999999999995
2413,50,4.899999999999999
2414,64,7.199999999999994
2415,86,9.399999999999986
2416,54,5.299999999999997
2417,50,4.899999999999999
2418,50,4.899999999999999
2419,63,7.099999999999994
2420,58,5.699999999999996
2421,95,10.299999999999983
2422,62,6.999999999999995
2423,86,9.399999999999986
2424,50,4.899999999999999
2425,60,5.899999999999995
2426,63,7.099999999999994
2427,87,9.499999999999986
2428,46,4.5
2429,63,7.099999999999994
2430,64,7.199999999999994
2431,62,6.999999999999995
2432,164,19.000000000000007
2433,91,9.899999999999984
2434,60,5.899999999999995
2435,50,4.899999999999999
2436,61,5.999999999999995
2437,86,9.399999999999986
2438,50,4.899999999999999
2439,46,4.5
2440,86,9.399999999999986
2441,64,7.199999999999994
2442,50,4.899999999999999
2443,62,6.999999999999995
2444,59,5.799999999999995
2445,62,6.999999999999995
2446,50,4.899999999999999
2447,86,9.399999999999986
2448,61,5.999999999999995
2449,62,6.999999999999995
2450,50,4.899999999999999
2451,47,4.6
2452,50,4.899999999999999
2453,64,7.199999999999994
2454,96,10.399999999999983
2455,124,14.099999999999973
2456,61,5.999999999999995
2457,60,5.899999999999995
2458,51,4.999999999999998
2459,59,5.799999999999995
2460,61,5.999999999999995
2461,86,9.399999999999986
2462,50,4.899999999999999
2463,46,4.5
2464,51,4.999999999999998
2465,86,9.399999999999986
2466,59,5.799999999999995
2467,50,4.899999999999999
2468,54,5.299999999999997
2469,50,4.899999999999999
2470,50,4.899999999999999
2471,52,5.099999999999998
2472,56,5.4999999999999964
2473,59,5.799999999999995
2474,100,11.699999999999982
2475,50,4.899999999999999
2476,58,5.699999999999996
2477,46,4.5
2478,47,4.6
2479,87,9.499999999999986
2480,88,9.599999999999985
2481,102,11.89999999999998
2482,56,5.4999999999999964
2483,91,9.899999999999984
2484,50,4.899999999999999
2485,98,11.499999999999982
2486,98,11.499999999999982
2487,99,11.599999999999982
2488,51,4.999999999999998
2489,93,10.099999999999984
2490,50,4.899999999999999
2491,60,5.899999999999995
2492,159,18.5
2493,50,4.899999999999999
2494,50,4.899999999999999
2495,60,5.899999999999995
2496,50,4.899999999999999
2497,50,4.899999999999999
2498,105,12.19999999999998
2499,54,5.299999999999997
2500,63,7.099999999999994
2501,50,4.899999999999999
2502,50,4.899999999999999
2503,50,4.899999999999999
2504,61,5.999999999999995
2505,50,4.899999999999999
2506,60,5.899999999999995
2507,63,7.099999999999994
2508,59,5.799999999999995
2509,88,9.599999999999985
2510,101,11.799999999999981
2511,58,5.699999999999996
2512,58,5.699999999999996
2513,50,4.899999999999999
2514,50,4.899999999999999
2515,46,4.5
2516,57,5.599999999999996
2517,59,5.799999999999995
2518,50,4.899999999999999
2519,63,7.099999999999994
2520,50,4.899999999999999
2521,163,18.900000000000006
2522,104,12.09999999999998
2523,87,9.499999999999986
2524,86,9.399999999999986
2525,95,10.299999999999983
2526,57,5.599999999999996
2527,87,9.499999999999986
2528,88,9.599999999999985
2529,56,5.4999999999999964
2530,50,4.899999999999999
2531,59,5.799999999999995
2532,54,5.299999999999997
2533,50,4.899999999999999
2534,58,5.699999999999996
2535,90,9.799999999999985
2536,86,9.399999999999986
2537,106,12.29999999999998
2538,58,5.699999999999996
2539,62,6.999999999999995
2540,59,5.799999999999995
2541,61,5.999999999999995
2542,69,7.699999999999992
2543,67,7.499999999999993
2544,101,11.799999999999981
2545,51,4.999999999999998
2546,58,5.699999999999996
2547,60,5.899999999999995
2548,86,9.399999999999986
2549,62,6.999999999999995
2550,59,5.799999999999995
2551,62,6.999999999999995
2552,86,9.399999999999986
2553,50,4.899999999999999
2554,50,4.899999999999999
2555,69,7.699999999999992
2556,50,4.899999999999999
2557,53,5.1999999999999975
2558,61,5.999999999999995
2559,70,7.799999999999992
2560,100,11.699999999999982
2561,52,5.099999999999998
2562,59,5.799999999999995
2563,86,9.399999999999986
2564,54,5.299999999999997
2565,58,5.699999999999996
2566,58,5.699999999999996
2567,61,5.999999999999995
2568,50,4.899999999999999
2569,65,7.299999999999994
2570,50,4.899999999999999
2571,56,5.4999999999999964
2572,86,9.399999999999986
2573,56,5.4999999999999964
2574,63,7.099999999999994
2575,50,4.899999999999999
2576,56,5.4999999999999964
2577,50,4.899999999999999
2578,62,6.999999999999995
2579,54,5.299999999999997
2580,62,6.999999999999995
2581,60,5.899999999999995
2582,60,5.899999999999995
2583,62,6.999999999999995
2584,86,9.399999999999986
2585,58,5.699999999999996
2586,51,4.999999999999998
2587,59,5.799999999999995
2588,86,9.399999999999986
2589,60,5.899999999999995
2590,50,4.899999999999999
2591,62,6.999999999999995
2592,61,5.999999999999995
2593,60,5.899999999999995
2594,59,5.799999999999995
2595,59,5.799999999999995
2596,86,9.399999999999986
2597,50,4.899999999999999
2598,62,6.999999999999995
2599,62,6.999999999999995
2600,62,6.999999999999995
2601,63,7.099999999999994
2602,59,5.799999999999995
2603,59,5.799999999999995
2604,54,5.299999999999997
2605,59,5.799999999999995
2606,61,5.999999999999995
2607,50,4.899999999999999
2608,61,5.999999999999995
2609,57,5.599999999999996
2610,64,7.199999999999994
2611,59,5.799999999999995
2612,60,5.899999999999995
2613,50,4.899999999999999
2614,62,6.999999999999995
2615,60,5.899999999999995
2616,86,9.399999999999986
2617,50,4.899999999999999
2618,63,7.099999999999994
2619,50,4.899999999999999
2620,64,7.199999999999994
2621,60,5.899999999999995
2622,99,11.599999999999982
2623,52,5.099999999999998
2624,70,7.799999999999992
2625,61,5.999999999999995
2626,59,5.799999999999995
2627,61,5.999999999999995
2628,62,6.999999999999995
2629,50,4.899999999999999
2630,50,4.899999999999999
2631,62,6.999999999999995
2632,57,5.599999999999996
2633,62,6.999999999999995
2634,59,5.799999999999995
2635,62,6.999999999999995
2636,64,7.199999999999994
2637,50,4.899999999999999
2638,96,10.399999999999983
2639,60,5.899999999999995
2640,62,6.999999999999995
2641,63,7.099999999999994
2642,60,5.899999999999995
2643,63,7.099999999999994
2644,50,4.899999999999999
2645,56,5.4999999999999964
2646,50,4.899999999999999
2647,97,10.499999999999982
2648,57,5.599999999999996
2649,57,5.599999999999996
2650,58,5.699999999999996
2651,63,7.099999999999994
2652,63,7.099999999999994
2653,60,5.899999999999995
2654,50,4.899999999999999
2655,50,4.899999999999999
2656,50,4.899999999999999
2657,59,5.799999999999995
2658,69,7.699999999999992
2659,63,7.099999999999994
2660,62,6.999999999999995
2661,52,5.099999999999998
2662,60,5.899999999999995
2663,60,5.899999999999995
2664,50,4.899999999999999
2665,96,10.399999999999983
2666,61,5.999999999999995
2667,57,5.599999999999996
2668,62,6.999999999999995
2669,60,5.899999999999995
2670,50,4.899999999999999
2671,62,6.999999999999995
2672,68,7.5999999999999925
2673,70,7.799999999999992
2674,63,7.099999999999994
2675,62,6.999999999999995
2676,57,5.599999999999996
2677,94,10.199999999999983
2678,96,10.399999999999983
2679,95,10.299999999999983
2680,51,4.999999999999998
2681,86,9.399999999999986
2682,63,7.099999999999994
2683,50,4.899999999999999
2684,60,5.899999999999995
2685,89,9.699999999999985
2686,50,4.899999999999999
2687,50,4.899999999999999
2688,58,5.699999999999996
2689,50,4.899999999999999
2690,63,7.099999999999994
2691,50,4.899999999999999
2692,95,10.299999999999983
2693,51,4.999999999999998
2694,62,6.999999999999995
2695,52,5.099999999999998
2696,99,11.599999999999982
2697,51,4.999999999999998
2698,50,4.899999999999999
2699,50,4.899999999999999
2700,59,5.799999999999995
2701,62,6.999999999999995
2702,57,5.599999999999996
2703,50,4.899999999999999
2704,60,5.899999999999995
2705,63,7.099999999999994
2706,50,4.899999999999999
2707,50,4.899999999999999
2708,60,5.899999999999995
2709,61,5.999999999999995
2710,159,18.5
2711,58,5.699999999999996
2712,50,4.899999999999999
2713,86,9.399999999999986
2714,86,9.399999999999986
2715,95,10.299999999999983
2716,86,9.399999999999986
2717,64,7.199999999999994
2718,51,4.999999999999998
2719,62,6.999999999999995
2720,95,10.299999999999983
2721,52,5.099999999999998
2722,93,10.099999999999984
2723,58,5.699999999999996
2724,96,10.399999999999983
2725,62,6.999999999999995
2726,53,5.1999999999999975
2727,60,5.899999999999995
2728,51,4.999999999999998
2729,50,4.899999999999999
2730,61,5.999999999999995
2731,88,9.599999999999985
2732,50,4.899999999999999
2733,53,5.1999999999999975
2734,57,5.599999999999996
2735,50,4.899999999999999
2736,58,5.699999999999996
2737,64,7.199999999999994
2738,94,10.199999999999983
2739,59,5.799999999999995
2740,63,7.099999999999994
2741,166,19.20000000000001
2742,58,5.699999999999996
2743,51,4.999999999999998
2744,70,7.799999999999992
2745,50,4.899999999999999
2746,50,4.899999999999999
2747,96,10.399999999999983
2748,62,6.999999999999995
2749,50,4.899999999999999
2750,51,4.999999999999998
2751,64,7.199999999999994
2752,50,4.899999999999999
2753,60,5.899999999999995
2754,86,9.399999999999986
2755,131,14.79999999999997
2756,87,9.499999999999986
2757,64,7.199999999999994
2758,86,9.399999999999986
2759,55,5.399999999999997
2760,86,9.399999999999986
2761,63,7.099999999999994
2762,51,4.999999999999998
2763,50,4.899999999999999
2764,50,4.899999999999999
2765,63,7.099999999999994
2766,136,16.199999999999967
2767,50,4.899999999999999
2768,57,5.599999999999996
2769,61,5.999999999999995
2770,133,14.99999999999997
2771,52,5.099999999999998
2772,63,7.099999999999994
2773,50,4.899999999999999
2774,62,6.999999999999995
2775,51,4.999999999999998
2776,50,4.899999999999999
2777,50,4.899999999999999
2778,64,7.199999999999994
2779,50,4.899999999999999
2780,160,18.6
2781,63,7.099999999999994
2782,51,4.999999999999998
2783,61,5.999999999999995
2784,164,19.000000000000007
2785,51,4.999999999999998
2786,64,7.199999999999994
2787,99,11.599999999999982
2788,52,5.099999999999998
2789,96,10.399999999999983
2790,86,9.399999999999986
2791,63,7.099999999999994
2792,86,9.399999999999986
2793,86,9.399999999999986
2794,52,5.099999999999998
2795,51,4.999999999999998
2796,59,5.799999999999995
2797,60,5.899999999999995
2798,50,4.899999999999999
2799,87,9.499999999999986
2800,98,11.499999999999982
2801,67,7.499999999999993
2802,53,5.1999999999999975
2803,55,5.399999999999997
2804,50,4.899999999999999
2805,50,4.899999999999999
2806,50,4.899999999999999
2807,96,10.399999999999983
2808,86,9.399999999999986
2809,234,27.800000000000104
2810,50,4.899999999999999
2811,64,7.199999999999994
2812,96,10.399999999999983
2813,100,11.699999999999982
2814,97,10.499999999999982
2815,60,5.899999999999995
2816,63,7.099999999999994
2817,86,9.399999999999986
2818,50,4.899999999999999
2819,55,5.399999999999997
2820,123,13.999999999999973
2821,123,13.999999999999973
2822,62,6.999999999999995
2823,60,5.899999999999995
2824,86,9.399999999999986
2825,62,6.999999999999995
2826,50,4.899999999999999
2827,51,4.999999999999998
2828,50,4.899999999999999
2829,50,4.899999999999999
2830,53,5.1999999999999975
2831,159,18.5
2832,86,9.399999999999986
2833,96,10.399999999999983
2834,64,7.199999999999994
2835,96,10.399999999999983
2836,124,14.099999999999973
2837,97,10.499999999999982
2838,69,7.699999999999992
2839,50,4.899999999999999
2840,51,4.999999999999998
2841,62,6.999999999999995
2842,62,6.999999999999995
2843,51,4.999999999999998
2844,62,6.999999999999995
2845,86,9.399999999999986
2846,50,4.899999999999999
2847,64,7.199999999999994
2848,199,23.400000000000055
2849,51,4.999999999999998
2850,246,29.90000000000012
2851,54,5.299999999999997
2852,61,5.999999999999995
2853,70,7.799999999999992
2854,160,18.6
2855,50,4.899999999999999
2856,98,11.499999999999982
2857,162,18.800000000000004
2858,171,19.700000000000017
2859,50,4.899999999999999
2860,50,4.899999999999999
2861,62,6.999999999999995
2862,159,18.5
2863,62,6.999999999999995
2864,61,5.999999999999995
2865,64,7.199999999999994
2866,160,18.6
2867,69,7.699999999999992
2868,65,7.299999999999994
2869,56,5.4999999999999964
2870,134,15.09999999999997
2871,61,5.999999999999995
2872,51,4.999999999999998
2873,50,4.899999999999999
2874,68,7.5999999999999925
2875,233,27.700000000000102
2876,51,4.999999999999998
2877,62,6.999999999999995
2878,64,7.199999999999994
2879,86,9.399999999999986
2880,50,4.899999999999999
2881,50,4.899999999999999
2882,64,7.199999999999994
2883,86,9.399999999999986
2884,132,14.89999999999997
2885,50,4.899999999999999
2886,51,4.999999999999998
2887,124,14.099999999999973
2888,61,5.999999999999995
2889,51,4.999999999999998
2890,50,4.899999999999999
2891,50,4.899999999999999
2892,60,5.899999999999995
2893,50,4.899999999999999
2894,124,14.099999999999973
2895,53,5.1999999999999975
2896,90,9.799999999999985
2897,125,14.199999999999973
2898,52,5.099999999999998
2899,124,14.099999999999973
2900,124,14.099999999999973
2901,53,5.1999999999999975
2902,86,9.399999999999986
2903,64,7.199999999999994
2904,64,7.199999999999994
2905,62,6.999999999999995
2906,54,5.299999999999997
2907,52,5.099999999999998
2908,126,14.299999999999972
2909,52,5.099999999999998
2910,64,7.199999999999994
2911,51,4.999999999999998
2912,86,9.399999999999986
2913,178,21.300000000000026
2914,50,4.899999999999999
2915,50,4.899999999999999
2916,64,7.199999999999994
2917,51,4.999999999999998
2918,124,14.099999999999973
2919,87,9.499999999999986
2920,52,5.099999999999998
2921,51,4.999999999999998
2922,54,5.299999999999997
2923,272,32.500000000000156
2924,87,9.499999999999986
2925,55,5.399999999999997
2926,63,7.099999999999994
2927,53,5.1999999999999975
2928,86,9.399999999999986
2929,86,9.399999999999986
2930,86,9.399999999999986
2931,65,7.299999999999994
2932,65,7.299999999999994
2933,52,5.099999999999998
2934,86,9.399999999999986
2935,159,18.5
2936,50,4.899999999999999
2937,64,7.199999999999994
2938,64,7.199999999999994
2939,57,5.599999999999996
2940,54,5.299999999999997
2941,50,4.899999999999999
2942,88,9.599999999999985
2943,51,4.999999999999998
2944,56,5.4999999999999964
2945,86,9.399999999999986
2946,62,6.999999999999995
2947,124,14.099999999999973
2948,86,9.399999999999986
2949,50,4.899999999999999
2950,86,9.399999999999986
2951,52,5.099999999999998
2952,50,4.899999999999999
2953,53,5.1999999999999975
2954,50,4.899999999999999
2955,50,4.899999999999999
2956,50,4.899999999999999
2957,88,9.599999999999985
2958,51,4.999999999999998
2959,86,9.399999999999986
2960,58,5.699999999999996
2961,96,10.399999999999983
2962,61,5.999999999999995
2963,50,4.899999999999999
2964,64,7.199999999999994
2965,60,5.899999999999995
2966,55,5.399999999999997
2967,86,9.399999999999986
2968,50,4.899999999999999
2969,51,4.999999999999998
2970,53,5.1999999999999975
2971,50,4.899999999999999
2972,128,14.499999999999972
2973,65,7.299999999999994
2974,86,9.399999999999986
2975,65,7.299999999999994
2976,50,4.899999999999999
2977,50,4.899999999999999
2978,50,4.899999999999999
2979,66,7.399999999999993
2980,50,4.899999999999999
2981,50,4.899999999999999
2982,51,4.999999999999998
2983,86,9.399999999999986
2984,57,5.599999999999996
2985,57,5.599999999999996
2986,56,5.4999999999999964
2987,89,9.699999999999985
2988,50,4.899999999999999
2989,197,23.200000000000053
2990,86,9.399999999999986
2991,52,5.099999999999998
2992,50,4.899999999999999
2993,54,5.299999999999997
2994,87,9.499999999999986
2995,131,14.79999999999997
2996,86,9.399999999999986
2997,96,10.399999999999983
2998,96,10.399999999999983
2999,94,10.199999999999983
3000,57,5.599999999999996
3001,64,7.199999999999994
3002,50,4.899999999999999
3003,87,9.499999999999986
3004,86,9.399999999999986
3005,86,9.399999999999986
3006,65,7.299999999999994
3007,101,11.799999999999981
3008,65,7.299999999999994
3009,51,4.999999999999998
3010,124,14.099999999999973
3011,93,10.099999999999984
3012,50,4.899999999999999
3013,60,5.899999999999995
3014,125,14.199999999999973
3015,57,5.599999999999996
3016,133,14.99999999999997
3017,50,4.899999999999999
3018,50,4.899999999999999
3019,58,5.699999999999996
3020,50,4.899999999999999
3021,87,9.499999999999986
3022,58,5.699999999999996
3023,132,14.89999999999997
3024,124,14.099999999999973
3025,86,9.399999999999986
3026,124,14.099999999999973
3027,50,4.899999999999999
3028,50,4.899999999999999
3029,50,4.899999999999999
3030,65,7.299999999999994
3031,50,4.899999999999999
3032,88,9.599999999999985
3033,56,5.4999999999999964
3034,89,9.699999999999985
3035,50,4.899999999999999
3036,50,4.899999999999999
3037,95,10.299999999999983
3038,96,10.399999999999983
3039,50,4.899999999999999
3040,57,5.599999999999996
3041,50,4.899999999999999
3042,65,7.299999999999994
3043,50,4.899999999999999
3044,86,9.399999999999986
3045,88,9.599999999999985
3046,97,10.499999999999982
3047,50,4.899999999999999
3048,96,10.399999999999983
3049,51,4.999999999999998
3050,96,10.399999999999983
3051,94,10.199999999999983
3052,52,5.099999999999998
3053,50,4.899999999999999
3054,63,7.099999999999994
3055,55,5.399999999999997
3056,86,9.399999999999986
3057,56,5.4999999999999964
3058,86,9.399999999999986
3059,88,9.599999999999985
3060,86,9.399999999999986
3061,160,18.6
3062,95,10.299999999999983
3063,56,5.4999999999999964
3064,59,5.799999999999995
3065,58,5.699999999999996
3066,63,7.099999999999994
3067,50,4.899999999999999
3068,236,28.000000000000107
3069,161,18.700000000000003
3070,86,9.399999999999986
3071,50,4.899999999999999
3072,51,4.999999999999998
3073,60,5.899999999999995
3074,52,5.099999999999998
3075,60,5.899999999999995
3076,96,10.399999999999983
3077,126,14.299999999999972
3078,52,5.099999999999998
3079,50,4.899999999999999
3080,59,5.799999999999995
3081,51,4.999999999999998
3082,62,6.999999999999995
3083,51,4.999999999999998
3084,50,4.899999999999999
3085,90,9.799999999999985
3086,50,4.899999999999999
3087,58,5.699999999999996
3088,88,9.599999999999985
3089,86,9.399999999999986
3090,50,4.899999999999999
3091,60,5.899999999999995
3092,86,9.399999999999986
3093,60,5.899999999999995
3094,50,4.899999999999999
3095,123,13.999999999999973
3096,51,4.999999999999998
3097,50,4.899999999999999
3098,87,9.499999999999986
3099,50,4.899999999999999
3100,169,19.500000000000014
3101,59,5.799999999999995
3102,51,4.999999999999998
3103,88,9.599999999999985
3104,50,4.899999999999999
3105,60,5.899999999999995
3106,87,9.499999999999986
3107,88,9.599999999999985
3108,50,4.899999999999999
3109,51,4.999999999999998
3110,51,4.999999999999998
3111,51,4.999999999999998
3112,58,5.699999999999996
3113,94,10.199999999999983
3114,65,7.299999999999994
3115,127,14.399999999999972
3116,123,13.999999999999973
3117,61,5.999999999999995
3118,103,11.99999999999998
3119,86,9.399999999999986
3120,86,9.399999999999986
3121,198,23.300000000000054
3122,51,4.999999999999998
3123,50,4.899999999999999
3124,200,23.500000000000057
3125,161,18.700000000000003
3126,51,4.999999999999998
3127,88,9.599999999999985
3128,86,9.399999999999986
3129,61,5.999999999999995
3130,50,4.899999999999999
3131,132,14.89999999999997
3132,94,10.199999999999983
3133,87,9.499999999999986
3134,92,9.999999999999984
3135,64,7.199999999999994
3136,86,9.399999999999986
3137,50,4.899999999999999
3138,50,4.899999999999999
3139,163,18.900000000000006
3140,65,7.299999999999994
3141,52,5.099999999999998
3142,125,14.199999999999973
3143,59,5.799999999999995
3144,62,6.999999999999995
3145,50,4.899999999999999
3146,50,4.899999999999999
3147,50,4.899999999999999
3148,50,4.899999999999999
3149,51,4.999999999999998
3150,124,14.099999999999973
3151,50,4.899999999999999
3152,128,14.499999999999972
3153,53,5.1999999999999975
3154,129,14.599999999999971
3155,50,4.899999999999999
3156,86,9.399999999999986
3157,87,9.499999999999986
3158,123,13.999999999999973
3159,136,16.199999999999967
3160,132,14.89999999999997
3161,58,5.699999999999996
3162,87,9.499999999999986
3163,86,9.399999999999986
3164,50,4.899999999999999
3165,86,9.399999999999986
3166,51,4.999999999999998
3167,57,5.599999999999996
3168,50,4.899999999999999
3169,202,23.70000000000006
3170,86,9.399999999999986
3171,50,4.899999999999999
3172,160,18.6
3173,97,10.499999999999982
3174,130,14.69999999999997
3175,92,9.999999999999984
3176,87,9.499999999999986
3177,50,4.899999999999999
3178,65,7.299999999999994
3179,50,4.899999999999999
3180,51,4.999999999999998
3181,59,5.799999999999995
3182,92,9.999999999999984
3183,235,27.900000000000105
3184,87,9.499999999999986
3185,50,4.899999999999999
3186,50,4.899999999999999
3187,87,9.499999999999986
3188,50,4.899999999999999
3189,86,9.399999999999986
3190,50,4.899999999999999
3191,129,14.599999999999971
3192,50,4.899999999999999
3193,52,5.099999999999998
3194,87,9.499999999999986
3195,86,9.399999999999986
3196,69,7.699999999999992
3197,50,4.899999999999999
3198,52,5.099999999999998
3199,89,9.699999999999985
3200,51,4.999999999999998
3201,94,10.199999999999983
3202,50,4.899999999999999
3203,129,14.599999999999971
3204,125,14.199999999999973
3205,51,4.999999999999998
3206,51,4.999999999999998
3207,129,14.599999999999971
3208,86,9.399999999999986
3209,51,4.999999999999998
3210,86,9.399999999999986
3211,51,4.999999999999998
3212,89,9.699999999999985
3213,87,9.499999999999986
3214,132,14.89999999999997
3215,51,4.999999999999998
3216,90,9.799999999999985
3217,50,4.899999999999999
3218,167,19.30000000000001
3219,50,4.899999999999999
3220,50,4.899999999999999
3221,103,11.99999999999998
3222,69,7.699999999999992
3223,50,4.899999999999999
3224,128,14.499999999999972
3225,161,18.700000000000003
3226,234,27.800000000000104
3227,50,4.899999999999999
3228,50,4.899999999999999
3229,93,10.099999999999984
3230,50,4.899999999999999
3231,87,9.499999999999986
3232,50,4.899999999999999
3233,125,14.199999999999973
3234,124,14.099999999999973
3235,50,4.899999999999999
3236,50,4.899999999999999
3237,50,4.899999999999999
3238,50,4.899999999999999
3239,124,14.099999999999973
3240,124,14.099999999999973
3241,51,4.999999999999998
3242,163,18.900000000000006
3243,52,5.099999999999998
3244,164,19.000000000000007
3245,131,14.79999999999997
3246,50,4.899999999999999
3247,50,4.899999999999999
3248,124,14.099999999999973
3249,86,9.399999999999986
3250,131,14.79999999999997
3251,142,16.799999999999976
3252,50,4.899999999999999
3253,277,33.00000000000016
3254,50,4.899999999999999
3255,160,18.6
3256,51,4.999999999999998
3257,50,4.899999999999999
3258,54,5.299999999999997
3259,63,7.099999999999994
3260,87,9.499999999999986
3261,87,9.499999999999986
3262,103,11.99999999999998
3263,50,4.899999999999999
3264,86,9.399999999999986
3265,94,10.199999999999983
3266,86,9.399999999999986
3267,51,4.999999999999998
3268,162,18.800000000000004
3269,123,13.999999999999973
3270,50,4.899999999999999
3271,50,4.899999999999999
3272,286,34.800000000000175
3273,90,9.799999999999985
3274,86,9.399999999999986
3275,63,7.099999999999994
3276,124,14.099999999999973
3277,51,4.999999999999998
3278,86,9.399999999999986
3279,51,4.999999999999998
3280,50,4.899999999999999
3281,87,9.499999999999986
3282,50,4.899999999999999
3283,50,4.899999999999999
3284,50,4.899999999999999
3285,51,4.999999999999998
3286,50,4.899999999999999
3287,93,10.099999999999984
3288,51,4.999999999999998
3289,126,14.299999999999972
3290,50,4.899999999999999
3291,125,14.199999999999973
3292,50,4.899999999999999
3293,50,4.899999999999999
3294,142,16.799999999999976
3295,197,23.200000000000053
3296,50,4.899999999999999
3297,50,4.899999999999999
3298,50,4.899999999999999
3299,52,5.099999999999998
3300,125,14.199999999999973
3301,160,18.6
3302,51,4.999999999999998
3303,51,4.999999999999998
3304,86,9.399999999999986
3305,124,14.099999999999973
3306,50,4.899999999999999
3307,123,13.999999999999973
3308,87,9.499999999999986
3309,50,4.899999999999999
3310,50,4.899999999999999
3311,50,4.899999999999999
3312,123,13.999999999999973
3313,91,9.899999999999984
3314,86,9.399999999999986
3315,87,9.499999999999986
3316,159,18.5
3317,86,9.399999999999986
3318,51,4.999999999999998
1,158,18.400000000000002
2,61,5.999999999999995
3,50,4.899999999999999
4,50,4.899999999999999
5,86,9.399999999999986
6,50,4.899999999999999
7,165,19.10000000000001
8,86,9.399999999999986
9,86,9.399999999999986
10,50,4.899999999999999
1,49,4.799999999999999
2,130,14.69999999999997
3,50,4.899999999999999
4,124,14.099999999999973
5,91,9.899999999999984
6,86,9.399999999999986
7,205,24.000000000000064
8,50,4.899999999999999
9,124,14.099999999999973
10,160,18.6
11,50,4.899999999999999
12,86,9.399999999999986
13,50,4.899999999999999
14,50,4.899999999999999
15,50,4.899999999999999
16,51,4.999999999999998
17,50,4.899999999999999
18,86,9.399999999999986
19,123,13.999999999999973
20,87,9.499999999999986
21,70,7.799999999999992
22,127,14.399999999999972
23,50,4.899999999999999
24,50,4.899999999999999
25,50,4.899999999999999
26,50,4.899999999999999
27,50,4.899999999999999
28,61,5.999999999999995
29,50,4.899999999999999
30,50,4.899999999999999
31,52,5.099999999999998
32,127,14.399999999999972
33,50,4.899999999999999
34,50,4.899999999999999
35,86,9.399999999999986
36,70,7.799999999999992
37,51,4.999999999999998
38,51,4.999999999999998
39,86,9.399999999999986
40,50,4.899999999999999
41,131,14.79999999999997
42,86,9.399999999999986
43,50,4.899999999999999
44,50,4.899999999999999
45,123,13.999999999999973
46,87,9.499999999999986
47,211,25.50000000000007
48,86,9.399999999999986
49,50,4.899999999999999
50,87,9.499999999999986
51,86,9.399999999999986
52,50,4.899999999999999
53,87,9.499999999999986
54,86,9.399999999999986
55,50,4.899999999999999
56,87,9.499999999999986
57,86,9.399999999999986
58,64,7.199999999999994
59,86,9.399999999999986
60,86,9.399999999999986
61,124,14.099999999999973
62,86,9.399999999999986
63,87,9.499999999999986
64,88,9.599999999999985
65,51,4.999999999999998
66,50,4.899999999999999
67,131,14.79999999999997
68,131,14.79999999999997
69,50,4.899999999999999
70,50,4.899999999999999
71,142,16.799999999999976
72,197,23.200000000000053
73,160,18.6
74,86,9.399999999999986
75,62,6.999999999999995
76,88,9.599999999999985
77,91,9.899999999999984
78,52,5.099999999999998
79,86,9.399999999999986
80,86,9.399999999999986
81,86,9.399999999999986
82,50,4.899999999999999
83,50,4.899999999999999
84,124,14.099999999999973
85,50,4.899999999999999
86,50,4.899999999999999
87,51,4.999999999999998
88,123,13.999999999999973
89,52,5.099999999999998
90,50,4.899999999999999
91,50,4.899999999999999
92,161,18.700000000000003
93,93,10.099999999999984
94,128,14.499999999999972
95,53,5.1999999999999975
96,51,4.999999999999998
97,86,9.399999999999986
98,51,4.999999999999998
99,86,9.399999999999986
100,50,4.899999999999999
101,124,14.099999999999973
102,52,5.099999999999998
103,123,13.999999999999973
104,50,4.899999999999999
105,159,18.5
106,69,7.699999999999992
107,124,14.099999999999973
108,123,13.999999999999973
109,124,14.099999999999973
110,86,9.399999999999986
111,86,9.399999999999986
112,87,9.499999999999986
113,124,14.099999999999973
114,51,4.999999999999998
115,50,4.899999999999999
116,88,9.599999999999985
117,126,14.299999999999972
118,88,9.599999999999985
119,87,9.499999999999986
120,124,14.099999999999973
121,50,4.899999999999999
122,52,5.099999999999998
123,50,4.899999999999999
124,86,9.399999999999986
125,160,18.6
126,50,4.899999999999999
127,50,4.899999999999999
128,124,14.099999999999973
129,86,9.399999999999986
130,86,9.399999999999986
131,199,23.400000000000055
132,123,13.999999999999973
133,197,23.200000000000053
134,86,9.399999999999986
135,87,9.499999999999986
136,86,9.399999999999986
137,135,15.199999999999969
138,164,19.000000000000007
139,50,4.899999999999999
140,50,4.899999999999999
141,123,13.999999999999973
142,50,4.899999999999999
143,159,18.5
144,166,19.20000000000001
145,87,9.499999999999986
146,51,4.999999999999998
147,51,4.999999999999998
148,235,27.900000000000105
149,50,4.899999999999999
150,51,4.999999999999998
151,52,5.099999999999998
152,159,18.5
153,54,5.299999999999997
154,50,4.899999999999999
155,50,4.899999999999999
156,105,12.19999999999998
157,159,18.5
158,124,14.099999999999973
159,128,14.499999999999972
160,50,4.899999999999999
161,50,4.899999999999999
162,123,13.999999999999973
163,123,13.999999999999973
164,50,4.899999999999999
165,105,12.19999999999998
166,51,4.999999999999998
167,70,7.799999999999992
168,50,4.899999999999999
169,210,25.40000000000007
170,159,18.5
171,50,4.899999999999999
172,53,5.1999999999999975
173,86,9.399999999999986
174,50,4.899999999999999
175,86,9.399999999999986
176,159,18.5
177,50,4.899999999999999
178,50,4.899999999999999
179,88,9.599999999999985
180,125,14.199999999999973
181,87,9.499999999999986
182,52,5.099999999999998
183,100,11.699999999999982
184,86,9.399999999999986
185,50,4.899999999999999
186,87,9.499999999999986
187,142,16.799999999999976
188,86,9.399999999999986
189,86,9.399999999999986
190,51,4.999999999999998
191,50,4.899999999999999
192,86,9.399999999999986
193,86,9.399999999999986
194,86,9.399999999999986
195,50,4.899999999999999
196,50,4.899999999999999
197,273,32.60000000000016
198,50,4.899999999999999
199,52,5.099999999999998
200,123,13.999999999999973
201,123,13.999999999999973
202,68,7.5999999999999925
203,50,4.899999999999999
204,104,12.09999999999998
205,123,13.999999999999973
206,51,4.999999999999998
207,137,16.29999999999997
208,56,5.4999999999999964
209,50,4.899999999999999
210,68,7.5999999999999925
211,87,9.499999999999986
212,159,18.5
213,50,4.899999999999999
214,87,9.499999999999986
215,86,9.399999999999986
216,87,9.499999999999986
217,140,16.599999999999973
218,86,9.399999999999986
219,124,14.099999999999973
220,214,25.800000000000075
221,123,13.999999999999973
222,87,9.499999999999986
223,86,9.399999999999986
224,86,9.399999999999986
225,86,9.399999999999986
226,86,9.399999999999986
227,68,7.5999999999999925
228,50,4.899999999999999
229,141,16.699999999999974
230,65,7.299999999999994
231,86,9.399999999999986
232,87,9.499999999999986
233,51,4.999999999999998
234,50,4.899999999999999
235,214,25.800000000000075
236,139,16.49999999999997
237,53,5.1999999999999975
238,50,4.899999999999999
239,89,9.699999999999985
240,87,9.499999999999986
241,67,7.499999999999993
242,86,9.399999999999986
243,50,4.899999999999999
244,163,18.900000000000006
245,55,5.399999999999997
246,123,13.999999999999973
247,87,9.499999999999986
248,88,9.599999999999985
249,214,25.800000000000075
250,50,4.899999999999999
251,90,9.799999999999985
252,159,18.5
253,50,4.899999999999999
254,50,4.899999999999999
255,69,7.699999999999992
256,139,16.49999999999997
257,51,4.999999999999998
258,197,23.200000000000053
259,51,4.999999999999998
260,67,7.499999999999993
261,86,9.399999999999986
262,53,5.1999999999999975
263,54,5.299999999999997
264,51,4.999999999999998
265,198,23.300000000000054
266,51,4.999999999999998
267,86,9.399999999999986
268,68,7.5999999999999925
269,140,16.599999999999973
270,124,14.099999999999973
271,50,4.899999999999999
272,124,14.099999999999973
273,124,14.099999999999973
274,123,13.999999999999973
275,90,9.799999999999985
276,197,23.200000000000053
277,50,4.899999999999999
278,50,4.899999999999999
279,51,4.999999999999998
280,159,18.5
281,50,4.899999999999999
282,50,4.899999999999999
283,86,9.399999999999986
284,67,7.499999999999993
285,86,9.399999999999986
286,86,9.399999999999986
287,125,14.199999999999973
288,197,23.200000000000053
289,197,23.200000000000053
290,87,9.499999999999986
291,51,4.999999999999998
292,53,5.1999999999999975
293,52,5.099999999999998
294,67,7.499999999999993
295,66,7.399999999999993
296,51,4.999999999999998
297,160,18.6
298,125,14.199999999999973
299,53,5.1999999999999975
300,234,27.800000000000104
301,123,13.999999999999973
302,54,5.299999999999997
303,50,4.899999999999999
304,123,13.999999999999973
305,86,9.399999999999986
306,87,9.499999999999986
307,86,9.399999999999986
308,55,5.399999999999997
309,50,4.899999999999999
310,86,9.399999999999986
311,51,4.999999999999998
312,86,9.399999999999986
313,55,5.399999999999997
314,86,9.399999999999986
315,50,4.899999999999999
316,86,9.399999999999986
317,87,9.499999999999986
318,52,5.099999999999998
319,101,11.799999999999981
320,55,5.399999999999997
321,50,4.899999999999999
322,123,13.999999999999973
323,125,14.199999999999973
324,140,16.599999999999973
325,67,7.499999999999993
326,50,4.899999999999999
327,64,7.199999999999994
328,124,14.099999999999973
329,86,9.399999999999986
330,123,13.999999999999973
331,64,7.199999999999994
332,125,14.199999999999973
333,56,5.4999999999999964
334,52,5.099999999999998
335,310,37.20000000000021
336,56,5.4999999999999964
337,140,16.599999999999973
338,123,13.999999999999973
339,50,4.899999999999999
340,160,18.6
341,50,4.899999999999999
342,161,18.700000000000003
343,160,18.6
344,64,7.199999999999994
345,200,23.500000000000057
346,127,14.399999999999972
347,123,13.999999999999973
348,66,7.399999999999993
349,86,9.399999999999986
350,86,9.399999999999986
351,50,4.899999999999999
352,86,9.399999999999986
353,52,5.099999999999998
354,175,21.00000000000002
355,88,9.599999999999985
356,51,4.999999999999998
357,50,4.899999999999999
358,67,7.499999999999993
359,101,11.799999999999981
360,65,7.299999999999994
361,53,5.1999999999999975
362,88,9.599999999999985
363,124,14.099999999999973
364,86,9.399999999999986
365,64,7.199999999999994
366,54,5.299999999999997
367,87,9.499999999999986
368,51,4.999999999999998
369,86,9.399999999999986
370,86,9.399999999999986
371,86,9.399999999999986
372,123,13.999999999999973
373,66,7.399999999999993
374,50,4.899999999999999
375,55,5.399999999999997
376,88,9.599999999999985
377,69,7.699999999999992
378,51,4.999999999999998
379,54,5.299999999999997
380,50,4.899999999999999
381,86,9.399999999999986
382,64,7.199999999999994
383,50,4.899999999999999
384,56,5.4999999999999964
385,123,13.999999999999973
386,213,25.700000000000074
387,214,25.800000000000075
388,104,12.09999999999998
389,140,16.599999999999973
390,140,16.599999999999973
391,50,4.899999999999999
392,51,4.999999999999998
393,65,7.299999999999994
394,51,4.999999999999998
395,65,7.299999999999994
396,50,4.899999999999999
397,50,4.899999999999999
398,139,16.49999999999997
399,65,7.299999999999994
400,67,7.499999999999993
401,55,5.399999999999997
402,100,11.699999999999982
403,51,4.999999999999998
404,67,7.499999999999993
405,86,9.399999999999986
406,52,5.099999999999998
407,64,7.199999999999994
408,50,4.899999999999999
409,51,4.999999999999998
410,88,9.599999999999985
411,52,5.099999999999998
412,64,7.199999999999994
413,50,4.899999999999999
414,51,4.999999999999998
415,133,14.99999999999997
416,87,9.499999999999986
417,66,7.399999999999993
418,140,16.599999999999973
419,54,5.299999999999997
420,104,12.09999999999998
421,66,7.399999999999993
422,65,7.299999999999994
423,59,5.799999999999995
424,58,5.699999999999996
425,65,7.299999999999994
426,88,9.599999999999985
427,138,16.39999999999997
428,276,32.90000000000016
429,59,5.799999999999995
430,52,5.099999999999998
431,50,4.899999999999999
432,125,14.199999999999973
433,90,9.799999999999985
434,160,18.6
435,87,9.499999999999986
436,64,7.199999999999994
437,67,7.499999999999993
438,125,14.199999999999973
439,88,9.599999999999985
440,176,21.100000000000023
441,86,9.399999999999986
442,88,9.599999999999985
443,51,4.999999999999998
444,57,5.599999999999996
445,102,11.89999999999998
446,50,4.899999999999999
447,86,9.399999999999986
448,52,5.099999999999998
449,124,14.099999999999973
450,67,7.499999999999993
451,86,9.399999999999986
452,51,4.999999999999998
453,55,5.399999999999997
454,87,9.499999999999986
455,65,7.299999999999994
456,66,7.399999999999993
457,19,1.8000000000000005
458,64,7.199999999999994
459,102,11.89999999999998
460,67,7.499999999999993
461,55,5.399999999999997
462,86,9.399999999999986
463,51,4.999999999999998
464,212,25.600000000000072
465,88,9.599999999999985
466,52,5.099999999999998
467,51,4.999999999999998
468,100,11.699999999999982
469,95,10.299999999999983
470,87,9.499999999999986
471,54,5.299999999999997
472,123,13.999999999999973
473,102,11.89999999999998
474,67,7.499999999999993
475,66,7.399999999999993
476,100,11.699999999999982
477,66,7.399999999999993
478,102,11.89999999999998
479,88,9.599999999999985
480,65,7.299999999999994
481,66,7.399999999999993
482,102,11.89999999999998
483,54,5.299999999999997
484,65,7.299999999999994
485,51,4.999999999999998
486,65,7.299999999999994
487,52,5.099999999999998
488,65,7.299999999999994
489,65,7.299999999999994
490,123,13.999999999999973
491,66,7.399999999999993
492,50,4.899999999999999
493,102,11.89999999999998
494,64,7.199999999999994
495,160,18.6
496,86,9.399999999999986
497,53,5.1999999999999975
498,87,9.499999999999986
499,176,21.100000000000023
500,139,16.49999999999997
501,86,9.399999999999986
502,95,10.299999999999983
503,56,5.4999999999999964
504,64,7.199999999999994
505,51,4.999999999999998
506,65,7.299999999999994
507,124,14.099999999999973
508,52,5.099999999999998
509,65,7.299999999999994
510,52,5.099999999999998
511,67,7.499999999999993
512,52,5.099999999999998
513,52,5.099999999999998
514,86,9.399999999999986
515,65,7.299999999999994
516,57,5.599999999999996
517,103,11.99999999999998
518,64,7.199999999999994
519,160,18.6
520,197,23.200000000000053
521,123,13.999999999999973
522,55,5.399999999999997
523,126,14.299999999999972
524,61,5.999999999999995
525,60,5.899999999999995
526,87,9.499999999999986
527,86,9.399999999999986
528,54,5.299999999999997
529,50,4.899999999999999
530,86,9.399999999999986
531,67,7.499999999999993
532,210,25.40000000000007
533,159,18.5
534,86,9.399999999999986
535,139,16.49999999999997
536,50,4.899999999999999
537,62,6.999999999999995
538,96,10.399999999999983
539,67,7.499999999999993
540,50,4.899999999999999
541,86,9.399999999999986
542,67,7.499999999999993
543,67,7.499999999999993
544,86,9.399999999999986
545,51,4.999999999999998
546,102,11.89999999999998
547,50,4.899999999999999
548,102,11.89999999999998
549,86,9.399999999999986
550,93,10.099999999999984
551,52,5.099999999999998
552,54,5.299999999999997
553,67,7.499999999999993
554,67,7.499999999999993
555,66,7.399999999999993
556,50,4.899999999999999
557,63,7.099999999999994
558,124,14.099999999999973
559,96,10.399999999999983
560,55,5.399999999999997
561,52,5.099999999999998
562,86,9.399999999999986
563,141,16.699999999999974
564,53,5.1999999999999975
565,64,7.199999999999994
566,57,5.599999999999996
567,52,5.099999999999998
568,137,16.29999999999997
569,51,4.999999999999998
570,88,9.599999999999985
571,52,5.099999999999998
572,66,7.399999999999993
573,55,5.399999999999997
574,127,14.399999999999972
575,100,11.699999999999982
576,65,7.299999999999994
577,53,5.1999999999999975
578,67,7.499999999999993
579,50,4.899999999999999
580,54,5.299999999999997
581,52,5.099999999999998
582,65,7.299999999999994
583,64,7.199999999999994
584,163,18.900000000000006
585,54,5.299999999999997
586,93,10.099999999999984
587,52,5.099999999999998
588,54,5.299999999999997
589,50,4.899999999999999
590,98,11.499999999999982
591,58,5.699999999999996
592,86,9.399999999999986
593,64,7.199999999999994
594,87,9.499999999999986
595,53,5.1999999999999975
596,125,14.199999999999973
597,51,4.999999999999998
598,64,7.199999999999994
599,65,7.299999999999994
600,52,5.099999999999998
601,53,5.1999999999999975
602,50,4.899999999999999
603,52,5.099999999999998
604,51,4.999999999999998
605,55,5.399999999999997
606,53,5.1999999999999975
607,102,11.89999999999998
608,65,7.299999999999994
609,51,4.999999999999998
610,50,4.899999999999999
611,55,5.399999999999997
612,93,10.099999999999984
613,50,4.899999999999999
614,51,4.999999999999998
615,86,9.399999999999986
616,100,11.699999999999982
617,65,7.299999999999994
618,102,11.89999999999998
619,161,18.700000000000003
620,159,18.5
621,65,7.299999999999994
622,86,9.399999999999986
623,53,5.1999999999999975
624,62,6.999999999999995
625,64,7.199999999999994
626,54,5.299999999999997
627,55,5.399999999999997
628,93,10.099999999999984
629,86,9.399999999999986
630,179,21.400000000000027
631,65,7.299999999999994
632,86,9.399999999999986
633,94,10.199999999999983
634,128,14.499999999999972
635,86,9.399999999999986
636,64,7.199999999999994
637,86,9.399999999999986
638,87,9.499999999999986
639,91,9.899999999999984
640,52,5.099999999999998
641,89,9.699999999999985
642,50,4.899999999999999
643,141,16.699999999999974
644,200,23.500000000000057
645,51,4.999999999999998
646,86,9.399999999999986
647,86,9.399999999999986
648,51,4.999999999999998
649,89,9.699999999999985
650,91,9.899999999999984
651,162,18.800000000000004
652,105,12.19999999999998
653,51,4.999999999999998
654,52,5.099999999999998
655,96,10.399999999999983
656,90,9.799999999999985
657,95,10.299999999999983
658,91,9.899999999999984
659,64,7.199999999999994
660,126,14.299999999999972
661,63,7.099999999999994
662,53,5.1999999999999975
663,57,5.599999999999996
664,126,14.299999999999972
665,62,6.999999999999995
666,51,4.999999999999998
667,161,18.700000000000003
668,51,4.999999999999998
669,180,21.50000000000003
670,62,6.999999999999995
671,50,4.899999999999999
672,54,5.299999999999997
673,88,9.599999999999985
674,63,7.099999999999994
675,126,14.299999999999972
676,161,18.700000000000003
677,63,7.099999999999994
678,66,7.399999999999993
679,104,12.09999999999998
680,100,11.699999999999982
681,51,4.999999999999998
682,123,13.999999999999973
683,55,5.399999999999997
684,61,5.999999999999995
685,175,21.00000000000002
686,161,18.700000000000003
687,142,16.799999999999976
688,51,4.999999999999998
689,51,4.999999999999998
690,51,4.999999999999998
691,52,5.099999999999998
692,92,9.999999999999984
693,51,4.999999999999998
694,103,11.99999999999998
695,61,5.999999999999995
696,50,4.899999999999999
697,248,30.100000000000122
698,100,11.699999999999982
699,50,4.899999999999999
700,86,9.399999999999986
701,54,5.299999999999997
702,52,5.099999999999998
703,173,20.80000000000002
704,51,4.999999999999998
705,134,15.09999999999997
706,105,12.19999999999998
707,66,7.399999999999993
708,179,21.400000000000027
709,51,4.999999999999998
710,87,9.499999999999986
711,52,5.099999999999998
712,93,10.099999999999984
713,101,11.799999999999981
714,60,5.899999999999995
715,86,9.399999999999986
716,51,4.999999999999998
717,88,9.599999999999985
718,95,10.299999999999983
719,90,9.799999999999985
720,53,5.1999999999999975
721,92,9.999999999999984
722,89,9.699999999999985
723,51,4.999999999999998
724,90,9.799999999999985
725,51,4.999999999999998
726,143,16.899999999999977
727,125,14.199999999999973
728,52,5.099999999999998
729,52,5.099999999999998
730,143,16.899999999999977
731,61,5.999999999999995
732,88,9.599999999999985
733,126,14.299999999999972
734,143,16.899999999999977
735,86,9.399999999999986
736,51,4.999999999999998
737,125,14.199999999999973
738,54,5.299999999999997
739,51,4.999999999999998
740,88,9.599999999999985
741,94,10.199999999999983
742,51,4.999999999999998
743,54,5.299999999999997
744,125,14.199999999999973
745,91,9.899999999999984
746,50,4.899999999999999
747,68,7.5999999999999925
748,125,14.199999999999973
749,50,4.899999999999999
750,132,14.89999999999997
751,199,23.400000000000055
752,86,9.399999999999986
753,55,5.399999999999997
754,159,18.5
755,50,4.899999999999999
756,198,23.300000000000054
757,50,4.899999999999999
758,52,5.099999999999998
759,126,14.299999999999972
760,62,6.999999999999995
761,52,5.099999999999998
762,60,5.899999999999995
763,126,14.299999999999972
764,106,12.29999999999998
765,163,18.900000000000006
766,272,32.500000000000156
767,51,4.999999999999998
768,58,5.699999999999996
769,54,5.299999999999997
770,125,14.199999999999973
771,143,16.899999999999977
772,61,5.999999999999995
773,68,7.5999999999999925
774,90,9.799999999999985
775,52,5.099999999999998
776,125,14.199999999999973
777,67,7.499999999999993
778,65,7.299999999999994
779,61,5.999999999999995
780,91,9.899999999999984
781,96,10.399999999999983
782,52,5.099999999999998
783,254,30.70000000000013
784,61,5.999999999999995
785,62,6.999999999999995
786,51,4.999999999999998
787,51,4.999999999999998
788,59,5.799999999999995
789,67,7.499999999999993
790,172,20.700000000000017
791,51,4.999999999999998
792,51,4.999999999999998
793,54,5.299999999999997
794,142,16.799999999999976
795,88,9.599999999999985
796,59,5.799999999999995
797,86,9.399999999999986
798,202,23.70000000000006
799,160,18.6
800,68,7.5999999999999925
801,89,9.699999999999985
802,86,9.399999999999986
803,53,5.1999999999999975
804,127,14.399999999999972
805,55,5.399999999999997
806,62,6.999999999999995
807,64,7.199999999999994
808,86,9.399999999999986
809,161,18.700000000000003
810,51,4.999999999999998
811,55,5.399999999999997
812,91,9.899999999999984
813,51,4.999999999999998
814,127,14.399999999999972
815,63,7.099999999999994
816,67,7.499999999999993
817,51,4.999999999999998
818,51,4.999999999999998
819,62,6.999999999999995
820,52,5.099999999999998
821,160,18.6
822,54,5.299999999999997
823,66,7.399999999999993
824,124,14.099999999999973
825,54,5.299999999999997
826,53,5.1999999999999975
827,92,9.999999999999984
828,50,4.899999999999999
829,237,28.100000000000108
830,56,5.4999999999999964
831,52,5.099999999999998
832,67,7.499999999999993
833,131,14.79999999999997
834,51,4.999999999999998
835,68,7.5999999999999925
836,67,7.499999999999993
837,234,27.800000000000104
838,125,14.199999999999973
839,53,5.1999999999999975
840,53,5.1999999999999975
841,52,5.099999999999998
842,54,5.299999999999997
843,105,12.19999999999998
844,163,18.900000000000006
845,51,4.999999999999998
846,87,9.499999999999986
847,59,5.799999999999995
848,52,5.099999999999998
849,51,4.999999999999998
850,66,7.399999999999993
851,159,18.5
852,86,9.399999999999986
853,53,5.1999999999999975
854,50,4.899999999999999
855,88,9.599999999999985
856,53,5.1999999999999975
857,54,5.299999999999997
858,53,5.1999999999999975
859,55,5.399999999999997
860,52,5.099999999999998
861,88,9.599999999999985
862,64,7.199999999999994
863,65,7.299999999999994
864,50,4.899999999999999
865,51,4.999999999999998
866,61,5.999999999999995
867,97,10.499999999999982
868,162,18.800000000000004
869,164,19.000000000000007
870,51,4.999999999999998
871,51,4.999999999999998
872,50,4.899999999999999
873,123,13.999999999999973
874,70,7.799999999999992
875,64,7.199999999999994
876,62,6.999999999999995
877,125,14.199999999999973
878,96,10.399999999999983
879,87,9.499999999999986
880,52,5.099999999999998
881,68,7.5999999999999925
882,44,4.300000000000001
883,124,14.099999999999973
884,161,18.700000000000003
885,205,24.000000000000064
886,52,5.099999999999998
887,67,7.499999999999993
888,51,4.999999999999998
889,87,9.499999999999986
890,50,4.899999999999999
891,248,30.100000000000122
892,237,28.100000000000108
893,52,5.099999999999998
894,91,9.899999999999984
895,197,23.200000000000053
896,127,14.399999999999972
897,63,7.099999999999994
898,68,7.5999999999999925
899,70,7.799999999999992
900,67,7.499999999999993
901,53,5.1999999999999975
902,87,9.499999999999986
903,54,5.299999999999997
904,58,5.699999999999996
905,125,14.199999999999973
906,59,5.799999999999995
907,106,12.29999999999998
908,51,4.999999999999998
909,87,9.499999999999986
910,91,9.899999999999984
911,199,23.400000000000055
912,52,5.099999999999998
913,57,5.599999999999996
914,56,5.4999999999999964
915,51,4.999999999999998
916,66,7.399999999999993
917,91,9.899999999999984
918,51,4.999999999999998
919,55,5.399999999999997
920,51,4.999999999999998
921,50,4.899999999999999
922,124,14.099999999999973
923,51,4.999999999999998
924,123,13.999999999999973
925,89,9.699999999999985
926,51,4.999999999999998
927,124,14.099999999999973
928,51,4.999999999999998
929,90,9.799999999999985
930,124,14.099999999999973
931,89,9.699999999999985
932,100,11.699999999999982
933,198,23.300000000000054
934,124,14.099999999999973
935,86,9.399999999999986
936,139,16.49999999999997
937,86,9.399999999999986
938,51,4.999999999999998
939,126,14.299999999999972
940,54,5.299999999999997
941,58,5.699999999999996
942,69,7.699999999999992
943,55,5.399999999999997
944,142,16.799999999999976
945,55,5.399999999999997
946,91,9.899999999999984
947,54,5.299999999999997
948,44,4.300000000000001
949,55,5.399999999999997
950,68,7.5999999999999925
951,123,13.999999999999973
952,55,5.399999999999997
953,52,5.099999999999998
954,62,6.999999999999995
955,51,4.999999999999998
956,51,4.999999999999998
957,130,14.69999999999997
958,90,9.799999999999985
959,62,6.999999999999995
960,91,9.899999999999984
961,65,7.299999999999994
962,94,10.199999999999983
963,88,9.599999999999985
964,57,5.599999999999996
965,87,9.499999999999986
966,55,5.399999999999997
967,86,9.399999999999986
968,124,14.099999999999973
969,51,4.999999999999998
970,125,14.199999999999973
971,125,14.199999999999973
972,163,18.900000000000006
973,50,4.899999999999999
974,91,9.899999999999984
975,68,7.5999999999999925
976,56,5.4999999999999964
977,124,14.099999999999973
978,165,19.10000000000001
979,139,16.49999999999997
980,125,14.199999999999973
981,51,4.999999999999998
982,95,10.299999999999983
983,106,12.29999999999998
984,45,4.4
985,66,7.399999999999993
986,144,16.99999999999998
987,123,13.999999999999973
988,159,18.5
989,68,7.5999999999999925
990,51,4.999999999999998
991,141,16.699999999999974
992,52,5.099999999999998
993,104,12.09999999999998
994,141,16.699999999999974
995,66,7.399999999999993
996,51,4.999999999999998
997,50,4.899999999999999
998,96,10.399999999999983
999,104,12.09999999999998
1000,44,4.300000000000001
1001,124,14.099999999999973
1002,54,5.299999999999997
1003,131,14.79999999999997
1004,65,7.299999999999994
1005,160,18.6
1006,160,18.6
1007,54,5.299999999999997
1008,51,4.999999999999998
1009,64,7.199999999999994
1010,66,7.399999999999993
1011,52,5.099999999999998
1012,51,4.999999999999998
1013,66,7.399999999999993
1014,99,11.599999999999982
1015,87,9.499999999999986
1016,52,5.099999999999998
1017,65,7.299999999999994
1018,52,5.099999999999998
1019,62,6.999999999999995
1020,70,7.799999999999992
1021,125,14.199999999999973
1022,68,7.5999999999999925
1023,86,9.399999999999986
1024,180,21.50000000000003
1025,52,5.099999999999998
1026,103,11.99999999999998
1027,68,7.5999999999999925
1028,161,18.700000000000003
1029,51,4.999999999999998
1030,273,32.60000000000016
1031,199,23.400000000000055
1032,199,23.400000000000055
1033,52,5.099999999999998
1034,160,18.6
1035,67,7.499999999999993
1036,51,4.999999999999998
1037,51,4.999999999999998
1038,61,5.999999999999995
1039,200,23.500000000000057
1040,65,7.299999999999994
1041,62,6.999999999999995
1042,141,16.699999999999974
1043,51,4.999999999999998
1044,52,5.099999999999998
1045,94,10.199999999999983
1046,87,9.499999999999986
1047,198,23.300000000000054
1048,61,5.999999999999995
1049,290,35.20000000000018
1050,215,25.900000000000077
1051,198,23.300000000000054
1052,51,4.999999999999998
1053,54,5.299999999999997
1054,106,12.29999999999998
1055,143,16.899999999999977
1056,134,15.09999999999997
1057,52,5.099999999999998
1058,52,5.099999999999998
1059,51,4.999999999999998
1060,87,9.499999999999986
1061,127,14.399999999999972
1062,52,5.099999999999998
1063,65,7.299999999999994
1064,67,7.499999999999993
1065,124,14.099999999999973
1066,54,5.299999999999997
1067,52,5.099999999999998
1068,142,16.799999999999976
1069,363,44.30000000000028
1070,126,14.299999999999972
1071,101,11.799999999999981
1072,54,5.299999999999997
1073,141,16.699999999999974
1074,67,7.499999999999993
1075,104,12.09999999999998
1076,68,7.5999999999999925
1077,100,11.699999999999982
1078,68,7.5999999999999925
1079,95,10.299999999999983
1080,138,16.39999999999997
1081,63,7.099999999999994
1082,92,9.999999999999984
1083,52,5.099999999999998
1084,88,9.599999999999985
1085,138,16.39999999999997
1086,52,5.099999999999998
1087,126,14.299999999999972
1088,65,7.299999999999994
1089,53,5.1999999999999975
1090,127,14.399999999999972
1091,51,4.999999999999998
1092,99,11.599999999999982
1093,92,9.999999999999984
1094,89,9.699999999999985
1095,127,14.399999999999972
1096,214,25.800000000000075
1097,88,9.599999999999985
1098,100,11.699999999999982
1099,164,19.000000000000007
1100,65,7.299999999999994
1101,52,5.099999999999998
1102,142,16.799999999999976
1103,53,5.1999999999999975
1104,53,5.1999999999999975
1105,125,14.199999999999973
1106,127,14.399999999999972
1107,53,5.1999999999999975
1108,51,4.999999999999998
1109,125,14.199999999999973
1110,128,14.499999999999972
1111,52,5.099999999999998
1112,89,9.699999999999985
1113,52,5.099999999999998
1114,603,73.70000000000006
1115,101,11.799999999999981
1116,52,5.099999999999998
1117,101,11.799999999999981
1118,124,14.099999999999973
1119,68,7.5999999999999925
1120,89,9.699999999999985
1121,61,5.999999999999995
1122,65,7.299999999999994
1123,62,6.999999999999995
1124,51,4.999999999999998
1125,61,5.999999999999995
1126,99,11.599999999999982
1127,199,23.400000000000055
1128,247,30.00000000000012
1129,125,14.199999999999973
1130,89,9.699999999999985
1131,90,9.799999999999985
1132,65,7.299999999999994
1133,101,11.799999999999981
1134,61,5.999999999999995
1135,210,25.40000000000007
1136,170,19.600000000000016
1137,53,5.1999999999999975
1138,162,18.800000000000004
1139,88,9.599999999999985
1140,52,5.099999999999998
1141,53,5.1999999999999975
1142,50,4.899999999999999
1143,166,19.20000000000001
1144,60,5.899999999999995
1145,104,12.09999999999998
1146,89,9.699999999999985
1147,239,28.30000000000011
1148,125,14.199999999999973
1149,125,14.199999999999973
1150,212,25.600000000000072
1151,125,14.199999999999973
1152,102,11.89999999999998
1153,88,9.599999999999985
1154,199,23.400000000000055
1155,234,27.800000000000104
1156,160,18.6
1157,56,5.4999999999999964
1158,53,5.1999999999999975
1159,94,10.199999999999983
1160,91,9.899999999999984
1161,98,11.499999999999982
1162,162,18.800000000000004
1163,456,55.40000000000041
1164,387,46.700000000000315
1165,86,9.399999999999986
1166,209,24.40000000000007
1167,215,25.900000000000077
1168,61,5.999999999999995
1169,89,9.699999999999985
1170,167,19.30000000000001
1171,233,27.700000000000102
1172,216,26.000000000000078
1173,87,9.499999999999986
1174,86,9.399999999999986
1175,57,5.599999999999996
1176,86,9.399999999999986
1177,160,18.6
1178,61,5.999999999999995
1179,61,5.999999999999995
1180,209,24.40000000000007
1181,61,5.999999999999995
1182,57,5.599999999999996
1183,234,27.800000000000104
1184,244,28.800000000000118
1185,86,9.399999999999986
1186,288,35.00000000000018
1187,56,5.4999999999999964
1188,86,9.399999999999986
1189,213,25.700000000000074
1190,101,11.799999999999981
1191,680,83.19999999999963
1192,58,5.699999999999996
1193,100,11.699999999999982
1194,57,5.599999999999996
1195,90,9.799999999999985
1196,58,5.699999999999996
1197,163,18.900000000000006
1198,138,16.39999999999997
1199,204,23.900000000000063
1200,213,25.700000000000074
1201,124,14.099999999999973
1202,179,21.400000000000027
1203,105,12.19999999999998
1204,69,7.699999999999992
1205,160,18.6
1206,67,7.499999999999993
1207,140,16.599999999999973
1208,86,9.399999999999986
1209,97,10.499999999999982
1210,161,18.700000000000003
1211,125,14.199999999999973
1212,95,10.299999999999983
1213,60,5.899999999999995
1214,88,9.599999999999985
1215,245,28.90000000000012
1216,127,14.399999999999972
1217,87,9.499999999999986
1218,58,5.699999999999996
1219,92,9.999999999999984
1220,68,7.5999999999999925
1221,97,10.499999999999982
1222,213,25.700000000000074
1223,103,11.99999999999998
1224,215,25.900000000000077
1225,89,9.699999999999985
1226,64,7.199999999999994
1227,67,7.499999999999993
1228,168,19.400000000000013
1229,138,16.39999999999997
1230,162,18.800000000000004
1231,65,7.299999999999994
1232,53,5.1999999999999975
1233,67,7.499999999999993
1234,58,5.699999999999996
1235,66,7.399999999999993
1236,346,41.70000000000026
1237,135,15.199999999999969
1238,287,34.900000000000176
1239,95,10.299999999999983
1240,66,7.399999999999993
1241,207,24.200000000000067
1242,126,14.299999999999972
1243,60,5.899999999999995
1244,58,5.699999999999996
1245,67,7.499999999999993
1246,60,5.899999999999995
1247,67,7.499999999999993
1248,58,5.699999999999996
1249,65,7.299999999999994
1250,211,25.50000000000007
1251,65,7.299999999999994
1252,135,15.199999999999969
1253,57,5.599999999999996
1254,88,9.599999999999985
1255,64,7.199999999999994
1256,214,25.800000000000075
1257,234,27.800000000000104
1258,59,5.799999999999995
1259,65,7.299999999999994
1260,140,16.599999999999973
1261,212,25.600000000000072
1262,58,5.699999999999996
1263,235,27.900000000000105
1264,58,5.699999999999996
1265,67,7.499999999999993
1266,103,11.99999999999998
1267,280,33.30000000000017
1268,137,16.29999999999997
1269,236,28.000000000000107
1270,309,37.10000000000021
1271,199,23.400000000000055
1272,88,9.599999999999985
1273,99,11.599999999999982
1274,64,7.199999999999994
1275,285,34.70000000000017
1276,64,7.199999999999994
1277,57,5.599999999999996
1278,68,7.5999999999999925
1279,67,7.499999999999993
1280,137,16.29999999999997
1281,70,7.799999999999992
1282,88,9.599999999999985
1283,64,7.199999999999994
1284,63,7.099999999999994
1285,58,5.699999999999996
1286,60,5.899999999999995
1287,101,11.799999999999981
1288,64,7.199999999999994
1289,66,7.399999999999993
1290,62,6.999999999999995
1291,100,11.699999999999982
1292,98,11.499999999999982
1293,136,16.199999999999967
1294,140,16.599999999999973
1295,133,14.99999999999997
1296,66,7.399999999999993
1297,161,18.700000000000003
1298,199,23.400000000000055
1299,235,27.900000000000105
1300,427,51.60000000000037
1301,69,7.699999999999992
1302,99,11.599999999999982
1303,318,38.00000000000022
1304,92,9.999999999999984
1305,64,7.199999999999994
1306,363,44.30000000000028
1307,394,48.300000000000324
1308,57,5.599999999999996
1309,582,71.60000000000018
1310,198,23.300000000000054
1311,355,42.60000000000027
1312,438,53.600000000000385
1313,66,7.399999999999993
1314,274,32.70000000000016
1315,139,16.49999999999997
1316,346,41.70000000000026
1317,178,21.300000000000026
1318,285,34.70000000000017
1319,161,18.700000000000003
1320,198,23.300000000000054
1321,216,26.000000000000078
1322,128,14.499999999999972
1323,62,6.999999999999995
1324,104,12.09999999999998
1325,65,7.299999999999994
1326,136,16.199999999999967
1327,162,18.800000000000004
1328,67,7.499999999999993
1329,212,25.600000000000072
1330,103,11.99999999999998
1331,660,81.19999999999975
1332,64,7.199999999999994
1333,95,10.299999999999983
1334,138,16.39999999999997
1335,99,11.599999999999982
1336,58,5.699999999999996
1337,101,11.799999999999981
1338,95,10.299999999999983
1339,139,16.49999999999997
1340,96,10.399999999999983
1341,140,16.599999999999973
1342,64,7.199999999999994
1343,99,11.599999999999982
1344,211,25.50000000000007
1345,62,6.999999999999995
1346,214,25.800000000000075
1347,63,7.099999999999994
1348,65,7.299999999999994
1349,64,7.199999999999994
1350,286,34.800000000000175
1351,62,6.999999999999995
1352,138,16.39999999999997
1353,327,39.80000000000023
1354,199,23.400000000000055
1355,89,9.699999999999985
1356,140,16.599999999999973
1357,467,56.500000000000426
1358,62,6.999999999999995
1359,64,7.199999999999994
1360,88,9.599999999999985
1361,64,7.199999999999994
1362,142,16.799999999999976
1363,95,10.299999999999983
1364,63,7.099999999999994
1365,99,11.599999999999982
1366,60,5.899999999999995
1367,87,9.499999999999986
1368,138,16.39999999999997
1369,308,37.000000000000206
1370,61,5.999999999999995
1371,61,5.999999999999995
1372,161,18.700000000000003
1373,385,46.50000000000031
1374,136,16.199999999999967
1375,200,23.500000000000057
1376,131,14.79999999999997
1377,544,66.90000000000039
1378,61,5.999999999999995
1379,139,16.49999999999997
1380,757,92.6999999999992
1381,323,39.400000000000226
1382,135,15.199999999999969
1383,211,25.50000000000007
1384,58,5.699999999999996
1385,63,7.099999999999994
1386,60,5.899999999999995
1387,58,5.699999999999996
1388,68,7.5999999999999925
1389,605,73.90000000000005
1390,87,9.499999999999986
1391,61,5.999999999999995
1392,169,19.500000000000014
1393,137,16.29999999999997
1394,235,27.900000000000105
1395,102,11.89999999999998
1396,90,9.799999999999985
1397,164,19.000000000000007
1398,211,25.50000000000007
1399,207,24.200000000000067
1400,63,7.099999999999994
1401,63,7.099999999999994
1402,136,16.199999999999967
1403,59,5.799999999999995
1404,61,5.999999999999995
1405,61,5.999999999999995
1406,383,46.30000000000031
1407,650,79.2999999999998
1408,197,23.200000000000053
1409,103,11.99999999999998
1410,215,25.900000000000077
1411,91,9.899999999999984
1412,315,37.700000000000216
1413,60,5.899999999999995
1414,99,11.599999999999982
1415,97,10.499999999999982
1416,217,26.10000000000008
1417,463,56.10000000000042
1418,96,10.399999999999983
1419,106,12.29999999999998
1420,55,5.399999999999997
1421,61,5.999999999999995
1422,61,5.999999999999995
1423,58,5.699999999999996
1424,198,23.300000000000054
1425,95,10.299999999999983
1426,56,5.4999999999999964
1427,95,10.299999999999983
1428,136,16.199999999999967
1429,354,42.50000000000027
1430,290,35.20000000000018
1431,60,5.899999999999995
1432,392,47.20000000000032
1433,62,6.999999999999995
1434,317,37.90000000000022
1435,59,5.799999999999995
1436,355,42.60000000000027
1437,318,38.00000000000022
1438,399,48.80000000000033
1439,133,14.99999999999997
1440,93,10.099999999999984
1441,178,21.300000000000026
1442,90,9.799999999999985
1443,175,21.00000000000002
1444,126,14.299999999999972
1445,208,24.300000000000068
1446,103,11.99999999999998
1447,207,24.200000000000067
1448,127,14.399999999999972
1449,59,5.799999999999995
1450,57,5.599999999999996
1451,96,10.399999999999983
1452,280,33.30000000000017
1453,178,21.300000000000026
1454,132,14.89999999999997
1455,142,16.799999999999976
1456,132,14.89999999999997
1457,103,11.99999999999998
1458,346,41.70000000000026
1459,135,15.199999999999969
1460,98,11.499999999999982
1461,315,37.700000000000216
1462,236,28.000000000000107
1463,90,9.799999999999985
1464,327,39.80000000000023
1465,176,21.100000000000023
1466,133,14.99999999999997
1467,280,33.30000000000017
1468,96,10.399999999999983
1469,58,5.699999999999996
1470,61,5.999999999999995
1471,128,14.499999999999972
1472,95,10.299999999999983
1473,160,18.6
1474,102,11.89999999999998
1475,19,1.8000000000000005
1476,65,7.299999999999994
1477,578,70.3000000000002
1478,101,11.799999999999981
1479,362,44.20000000000028
1480,283,33.60000000000017
1481,136,16.199999999999967
1482,399,48.80000000000033
1483,212,25.600000000000072
1484,103,11.99999999999998
1485,694,85.49999999999956
1486,243,28.700000000000117
1487,131,14.79999999999997
1488,67,7.499999999999993
1489,533,64.90000000000045
1490,202,23.70000000000006
1491,179,21.400000000000027
1492,104,12.09999999999998
1493,97,10.499999999999982
1494,139,16.49999999999997
1495,609,74.30000000000003
1496,272,32.500000000000156
1497,59,5.799999999999995
1498,206,24.100000000000065
1499,427,51.60000000000037
1500,254,30.70000000000013
1501,136,16.199999999999967
1502,19,1.8000000000000005
1503,19,1.8000000000000005
1504,357,42.800000000000274
1505,587,72.10000000000015
1506,62,6.999999999999995
1507,287,34.900000000000176
1508,179,21.400000000000027
1509,436,53.40000000000038
1510,62,6.999999999999995
1511,382,46.20000000000031
1512,198,23.300000000000054
1513,128,14.499999999999972
1514,366,44.600000000000286
1515,170,19.600000000000016
1516,252,30.500000000000128
1517,69,7.699999999999992
1518,88,9.599999999999985
1519,199,23.400000000000055
1520,63,7.099999999999994
1521,309,37.10000000000021
1522,132,14.89999999999997
1523,104,12.09999999999998
1524,472,57.90000000000043
1525,363,44.30000000000028
1526,143,16.899999999999977
1527,309,37.10000000000021
1528,199,23.400000000000055
1529,276,32.90000000000016
1530,843,103.99999999999874
1531,472,57.90000000000043
1532,57,5.599999999999996
1533,124,14.099999999999973
1534,537,65.30000000000042
1535,359,43.900000000000276
1536,129,14.599999999999971
1537,160,18.6
1538,544,66.90000000000039
1539,546,67.10000000000038
1540,106,12.29999999999998
1541,56,5.4999999999999964
1542,98,11.499999999999982
1543,548,67.30000000000037
1544,99,11.599999999999982
1545,87,9.499999999999986
1546,209,24.40000000000007
1547,19,1.8000000000000005
1548,19,1.8000000000000005
1549,69,7.699999999999992
1550,323,39.400000000000226
1551,19,1.8000000000000005
1552,100,11.699999999999982
1553,19,1.8000000000000005
1554,662,81.39999999999974
1555,163,18.900000000000006
1556,136,16.199999999999967
1557,19,1.8000000000000005
1558,19,1.8000000000000005
1559,19,1.8000000000000005
1560,250,30.300000000000125
1561,326,39.70000000000023
1562,508,62.40000000000048
1563,696,85.69999999999955
1564,249,30.200000000000124
1565,313,37.50000000000021
1566,100,11.699999999999982
1567,91,9.899999999999984
1568,685,83.6999999999996
1569,93,10.099999999999984
1570,86,9.399999999999986
1571,724,88.49999999999939
1572,718,87.89999999999942
1573,60,5.899999999999995
1574,283,33.60000000000017
1575,100,11.699999999999982
1576,579,70.40000000000019
1577,171,19.700000000000017
1578,837,102.49999999999876
1579,141,16.699999999999974
1580,792,97.09999999999901
1581,911,111.69999999999835
1582,545,67.00000000000038
1583,63,7.099999999999994
1584,19,1.8000000000000005
1585,105,12.19999999999998
1586,801,97.99999999999896
1587,143,16.899999999999977
1588,550,67.50000000000036
1589,239,28.30000000000011
1590,540,65.6000000000004
1591,209,24.40000000000007
1592,93,10.099999999999984
1593,471,57.80000000000043
1594,177,21.200000000000024
1595,508,62.40000000000048
1596,98,11.499999999999982
1597,69,7.699999999999992
1598,394,48.300000000000324
1599,319,38.10000000000022
1600,318,38.00000000000022
1601,59,5.799999999999995
1602,387,46.700000000000315
1603,61,5.999999999999995
1604,239,28.30000000000011
1605,96,10.399999999999983
1606,505,61.20000000000048
1607,440,53.80000000000039
1608,169,19.500000000000014
1609,762,93.19999999999918
1610,171,19.700000000000017
1611,139,16.49999999999997
1612,64,7.199999999999994
1613,276,32.90000000000016
1614,473,58.00000000000043
1615,356,42.70000000000027
1616,1172,144.99999999999693
1617,140,16.599999999999973
1618,1550,191.79999999999484
1619,209,24.40000000000007
1620,535,65.10000000000043
1621,870,106.69999999999858
1622,318,38.00000000000022
1623,175,21.00000000000002
1624,504,61.10000000000048
1625,281,33.40000000000017
1626,175,21.00000000000002
1627,213,25.700000000000074
1628,164,19.000000000000007
1629,722,88.2999999999994
1630,396,48.50000000000033
1631,136,16.199999999999967
1632,89,9.699999999999985
1633,285,34.70000000000017
1634,246,29.90000000000012
1635,165,19.10000000000001
1636,469,57.60000000000043
1637,363,44.30000000000028
1638,729,89.89999999999937
1639,578,70.3000000000002
1640,311,37.30000000000021
1641,92,9.999999999999984
1642,467,56.500000000000426
1643,310,37.20000000000021
1644,99,11.599999999999982
1645,57,5.599999999999996
1646,385,46.50000000000031
1647,164,19.000000000000007
1648,100,11.699999999999982
1649,364,44.40000000000028
1650,176,21.100000000000023
1651,132,14.89999999999997
1652,99,11.599999999999982
1653,503,61.000000000000476
1654,218,26.20000000000008
1655,274,32.70000000000016
1656,50,4.899999999999999
1657,1211,149.79999999999671
1658,830,101.7999999999988
1659,135,15.199999999999969
1660,203,23.80000000000006
1661,431,52.00000000000038
1662,204,23.900000000000063
1663,88,9.599999999999985
1664,471,57.80000000000043
1665,102,11.89999999999998
1666,511,62.700000000000486
1667,325,39.60000000000023
1668,100,11.699999999999982
1669,828,101.59999999999881
1670,359,43.900000000000276
1671,133,14.99999999999997
1672,89,9.699999999999985
1673,252,30.500000000000128
1674,99,11.599999999999982
1675,88,9.599999999999985
1676,88,9.599999999999985
1677,216,26.000000000000078
1678,129,14.599999999999971
1679,177,21.200000000000024
1680,170,19.600000000000016
1681,141,16.699999999999974
1682,174,20.90000000000002
1683,217,26.10000000000008
1684,165,19.10000000000001
1685,456,55.40000000000041
1686,288,35.00000000000018
1687,245,28.90000000000012
1688,98,11.499999999999982
1689,546,67.10000000000038
1690,101,11.799999999999981
1691,198,23.300000000000054
1692,165,19.10000000000001
1693,100,11.699999999999982
1694,176,21.100000000000023
1695,243,28.700000000000117
1696,96,10.399999999999983
1697,322,39.300000000000225
1698,251,30.400000000000126
1699,142,16.799999999999976
1700,128,14.499999999999972
1701,58,5.699999999999996
1702,214,25.800000000000075
1703,249,30.200000000000124
1704,215,25.900000000000077
1705,138,16.39999999999997
1706,135,15.199999999999969
1707,200,23.500000000000057
1708,133,14.99999999999997
1709,139,16.49999999999997
1710,101,11.799999999999981
1711,391,47.10000000000032
1712,88,9.599999999999985
1713,288,35.00000000000018
1714,277,33.00000000000016
1715,542,66.7000000000004
1716,249,30.200000000000124
1717,207,24.200000000000067
1718,474,58.100000000000435
1719,309,37.10000000000021
1720,91,9.899999999999984
1721,160,18.6
1722,68,7.5999999999999925
1723,288,35.00000000000018
1724,63,7.099999999999994
1725,169,19.500000000000014
1726,144,16.99999999999998
1727,101,11.799999999999981
1728,141,16.699999999999974
1729,134,15.09999999999997
1730,100,11.699999999999982
1731,132,14.89999999999997
1732,238,28.20000000000011
1733,174,20.90000000000002
1734,65,7.299999999999994
1735,60,5.899999999999995
1736,213,25.700000000000074
1737,101,11.799999999999981
1738,102,11.89999999999998
1739,142,16.799999999999976
1740,129,14.599999999999971
1741,462,56.00000000000042
1742,170,19.600000000000016
1743,99,11.599999999999982
1744,163,18.900000000000006
1745,57,5.599999999999996
1746,241,28.500000000000114
1747,286,34.800000000000175
1748,281,33.40000000000017
1749,167,19.30000000000001
1750,55,5.399999999999997
1751,353,42.40000000000027
1752,57,5.599999999999996
1753,132,14.89999999999997
1754,59,5.799999999999995
1755,355,42.60000000000027
1756,98,11.499999999999982
1757,354,42.50000000000027
1758,57,5.599999999999996
1759,131,14.79999999999997
1760,207,24.200000000000067
1761,240,28.400000000000112
1762,57,5.599999999999996
1763,90,9.799999999999985
1764,100,11.699999999999982
1765,91,9.899999999999984
1766,315,37.700000000000216
1767,135,15.199999999999969
1768,621,76.39999999999996
1769,241,28.500000000000114
1770,100,11.699999999999982
1771,202,23.70000000000006
1772,53,5.1999999999999975
1773,59,5.799999999999995
1774,93,10.099999999999984
1775,289,35.10000000000018
1776,57,5.599999999999996
1777,89,9.699999999999985
1778,131,14.79999999999997
1779,57,5.599999999999996
1780,101,11.799999999999981
1781,57,5.599999999999996
1782,172,20.700000000000017
1783,102,11.89999999999998
1784,350,42.100000000000264
1785,133,14.99999999999997
1786,244,28.800000000000118
1787,161,18.700000000000003
1788,101,11.799999999999981
1789,95,10.299999999999983
1790,142,16.799999999999976
1791,211,25.50000000000007
1792,200,23.500000000000057
1793,70,7.799999999999992
1794,133,14.99999999999997
1795,62,6.999999999999995
1796,202,23.70000000000006
1797,172,20.700000000000017
1798,429,51.800000000000374
1799,88,9.599999999999985
1800,91,9.899999999999984
1801,101,11.799999999999981
1802,94,10.199999999999983
1803,353,42.40000000000027
1804,55,5.399999999999997
1805,64,7.199999999999994
1806,243,28.700000000000117
1807,138,16.39999999999997
1808,57,5.599999999999996
1809,239,28.30000000000011
1810,276,32.90000000000016
1811,55,5.399999999999997
1812,98,11.499999999999982
1813,392,47.20000000000032
1814,130,14.69999999999997
1815,54,5.299999999999997
1816,132,14.89999999999997
1817,92,9.999999999999984
1818,168,19.400000000000013
1819,90,9.799999999999985
1820,133,14.99999999999997
1821,87,9.499999999999986
1822,213,25.700000000000074
1823,162,18.800000000000004
1824,209,24.40000000000007
1825,216,26.000000000000078
1826,55,5.399999999999997
1827,430,51.900000000000375
1828,160,18.6
1829,208,24.300000000000068
1830,348,41.90000000000026
1831,93,10.099999999999984
1832,142,16.799999999999976
1833,292,35.40000000000018
1834,169,19.500000000000014
1835,62,6.999999999999995
1836,87,9.499999999999986
1837,132,14.89999999999997
1838,91,9.899999999999984
1839,91,9.899999999999984
1840,140,16.599999999999973
1841,54,5.299999999999997
1842,201,23.60000000000006
1843,57,5.599999999999996
1844,199,23.400000000000055
1845,285,34.70000000000017
1846,70,7.799999999999992
1847,94,10.199999999999983
1848,55,5.399999999999997
1849,432,53.00000000000038
1850,91,9.899999999999984
1851,87,9.499999999999986
1852,164,19.000000000000007
1853,316,37.80000000000022
1854,310,37.20000000000021
1855,308,37.000000000000206
1856,243,28.700000000000117
1857,125,14.199999999999973
1858,106,12.29999999999998
1859,87,9.499999999999986
1860,200,23.500000000000057
1861,133,14.99999999999997
1862,70,7.799999999999992
1863,131,14.79999999999997
1864,133,14.99999999999997
1865,242,28.600000000000115
1866,89,9.699999999999985
1867,352,42.30000000000027
1868,317,37.90000000000022
1869,87,9.499999999999986
1870,127,14.399999999999972
1871,462,56.00000000000042
1872,366,44.600000000000286
1873,169,19.500000000000014
1874,126,14.299999999999972
1875,250,30.300000000000125
1876,132,14.89999999999997
1877,162,18.800000000000004
1878,92,9.999999999999984
1879,134,15.09999999999997
1880,88,9.599999999999985
1881,215,25.900000000000077
1882,55,5.399999999999997
1883,236,28.000000000000107
1884,52,5.099999999999998
1885,199,23.400000000000055
1886,165,19.10000000000001
1887,57,5.599999999999996
1888,128,14.499999999999972
1889,86,9.399999999999986
1890,100,11.699999999999982
1891,86,9.399999999999986
1892,275,32.80000000000016
1893,100,11.699999999999982
1894,199,23.400000000000055
1895,238,28.20000000000011
1896,311,37.30000000000021
1897,87,9.499999999999986
1898,61,5.999999999999995
1899,235,27.900000000000105
1900,55,5.399999999999997
1901,92,9.999999999999984
1902,215,25.900000000000077
1903,59,5.799999999999995
1904,127,14.399999999999972
1905,102,11.89999999999998
1906,201,23.60000000000006
1907,172,20.700000000000017
1908,238,28.20000000000011
1909,63,7.099999999999994
1910,54,5.299999999999997
1911,57,5.599999999999996
1912,234,27.800000000000104
1913,134,15.09999999999997
1914,140,16.599999999999973
1915,86,9.399999999999986
1916,167,19.30000000000001
1917,128,14.499999999999972
1918,206,24.100000000000065
1919,90,9.799999999999985
1920,167,19.30000000000001
1921,53,5.1999999999999975
1922,308,37.000000000000206
1923,125,14.199999999999973
1924,216,26.000000000000078
1925,245,28.90000000000012
1926,89,9.699999999999985
1927,679,83.09999999999964
1928,88,9.599999999999985
1929,202,23.70000000000006
1930,59,5.799999999999995
1931,199,23.400000000000055
1932,96,10.399999999999983
1933,387,46.700000000000315
1934,56,5.4999999999999964
1935,503,61.000000000000476
1936,165,19.10000000000001
1937,161,18.700000000000003
1938,128,14.499999999999972
1939,243,28.700000000000117
1940,310,37.20000000000021
1941,61,5.999999999999995
1942,89,9.699999999999985
1943,88,9.599999999999985
1944,89,9.699999999999985
1945,89,9.699999999999985
1946,254,30.70000000000013
1947,102,11.89999999999998
1948,162,18.800000000000004
1949,57,5.599999999999996
1950,127,14.399999999999972
1951,53,5.1999999999999975
1952,125,14.199999999999973
1953,53,5.1999999999999975
1954,307,36.900000000000205
1955,144,16.99999999999998
1956,313,37.50000000000021
1957,52,5.099999999999998
1958,52,5.099999999999998
1959,160,18.6
1960,163,18.900000000000006
1961,87,9.499999999999986
1962,57,5.599999999999996
1963,51,4.999999999999998
1964,56,5.4999999999999964
1965,52,5.099999999999998
1966,534,65.00000000000044
1967,511,62.700000000000486
1968,128,14.499999999999972
1969,89,9.699999999999985
1970,545,67.00000000000038
1971,59,5.799999999999995
1972,92,9.999999999999984
1973,237,28.100000000000108
1974,129,14.599999999999971
1975,97,10.499999999999982
1976,235,27.900000000000105
1977,56,5.4999999999999964
1978,385,46.50000000000031
1979,494,60.10000000000046
1980,53,5.1999999999999975
1981,272,32.500000000000156
1982,586,72.00000000000016
1983,55,5.399999999999997
1984,423,51.200000000000365
1985,95,10.299999999999983
1986,138,16.39999999999997
1987,125,14.199999999999973
1988,354,42.50000000000027
1989,99,11.599999999999982
1990,239,28.30000000000011
1991,54,5.299999999999997
1992,198,23.300000000000054
1993,456,55.40000000000041
1994,207,24.200000000000067
1995,280,33.30000000000017
1996,160,18.6
1997,200,23.500000000000057
1998,719,87.99999999999942
1999,129,14.599999999999971
2000,505,61.20000000000048
2001,52,5.099999999999998
2002,199,23.400000000000055
2003,199,23.400000000000055
2004,199,23.400000000000055
2005,160,18.6
2006,456,55.40000000000041
2007,53,5.1999999999999975
2008,462,56.00000000000042
2009,87,9.499999999999986
2010,272,32.500000000000156
2011,54,5.299999999999997
2012,87,9.499999999999986
2013,106,12.29999999999998
2014,864,106.09999999999862
2015,209,24.40000000000007
2016,198,23.300000000000054
2017,460,55.800000000000416
2018,134,15.09999999999997
2019,53,5.1999999999999975
2020,242,28.600000000000115
2021,383,46.30000000000031
2022,90,9.799999999999985
2023,166,19.20000000000001
2024,61,5.999999999999995
2025,86,9.399999999999986
2026,420,50.90000000000036
2027,88,9.599999999999985
2028,54,5.299999999999997
2029,429,51.800000000000374
2030,91,9.899999999999984
2031,139,16.49999999999997
2032,353,42.40000000000027
2033,273,32.60000000000016
2034,124,14.099999999999973
2035,646,78.89999999999982
2036,89,9.699999999999985
2037,346,41.70000000000026
2038,87,9.499999999999986
2039,308,37.000000000000206
2040,53,5.1999999999999975
2041,316,37.80000000000022
2042,764,94.29999999999917
2043,56,5.4999999999999964
2044,578,70.3000000000002
2045,92,9.999999999999984
2046,651,79.39999999999979
2047,273,32.60000000000016
2048,53,5.1999999999999975
2049,91,9.899999999999984
2050,96,10.399999999999983
2051,52,5.099999999999998
2052,288,35.00000000000018
2053,236,28.000000000000107
2054,251,30.400000000000126
2055,234,27.800000000000104
2056,87,9.499999999999986
2057,606,74.00000000000004
2058,161,18.700000000000003
2059,52,5.099999999999998
2060,98,11.499999999999982
2061,160,18.6
2062,54,5.299999999999997
2063,54,5.299999999999997
2064,53,5.1999999999999975
2065,135,15.199999999999969
2066,140,16.599999999999973
2067,100,11.699999999999982
2068,98,11.499999999999982
2069,53,5.1999999999999975
2070,54,5.299999999999997
2071,50,4.899999999999999
2072,494,60.10000000000046
2073,347,41.80000000000026
2074,395,48.400000000000325
2075,52,5.099999999999998
2076,508,62.40000000000048
2077,399,48.80000000000033
2078,130,14.69999999999997
2079,390,47.00000000000032
2080,272,32.500000000000156
2081,470,57.70000000000043
2082,54,5.299999999999997
2083,901,110.69999999999841
2084,234,27.800000000000104
2085,53,5.1999999999999975
2086,507,62.30000000000048
2087,234,27.800000000000104
2088,355,42.60000000000027
2089,242,28.600000000000115
2090,88,9.599999999999985
2091,54,5.299999999999997
2092,308,37.000000000000206
2093,53,5.1999999999999975
2094,177,21.200000000000024
2095,128,14.499999999999972
2096,399,48.80000000000033
2097,465,56.30000000000042
2098,353,42.40000000000027
2099,54,5.299999999999997
2100,273,32.60000000000016
2101,126,14.299999999999972
2102,67,7.499999999999993
2103,169,19.500000000000014
2104,271,32.400000000000155
2105,234,27.800000000000104
2106,359,43.900000000000276
2107,164,19.000000000000007
2108,277,33.00000000000016
2109,279,33.200000000000166
2110,166,19.20000000000001
2111,52,5.099999999999998
2112,140,16.599999999999973
2113,252,30.500000000000128
2114,354,42.50000000000027
2115,198,23.300000000000054
2116,127,14.399999999999972
2117,139,16.49999999999997
2118,323,39.400000000000226
2119,385,46.50000000000031
2120,67,7.499999999999993
2121,161,18.700000000000003
2122,580,71.40000000000019
2123,101,11.799999999999981
2124,355,42.60000000000027
2125,88,9.599999999999985
2126,98,11.499999999999982
2127,62,6.999999999999995
2128,208,24.300000000000068
2129,142,16.799999999999976
2130,54,5.299999999999997
2131,50,4.899999999999999
2132,243,28.700000000000117
2133,235,27.900000000000105
2134,52,5.099999999999998
2135,54,5.299999999999997
2136,140,16.599999999999973
2137,170,19.600000000000016
2138,287,34.900000000000176
2139,137,16.29999999999997
2140,346,41.70000000000026
2141,124,14.099999999999973
2142,207,24.200000000000067
2143,53,5.1999999999999975
2144,281,33.40000000000017
2145,179,21.400000000000027
2146,580,71.40000000000019
2147,206,24.100000000000065
2148,67,7.499999999999993
2149,235,27.900000000000105
2150,397,48.60000000000033
2151,279,33.200000000000166
2152,501,60.80000000000047
2153,357,42.800000000000274
2154,138,16.39999999999997
2155,132,14.89999999999997
2156,317,37.90000000000022
2157,495,60.200000000000465
2158,61,5.999999999999995
2159,213,25.700000000000074
2160,432,53.00000000000038
2161,290,35.20000000000018
2162,328,39.90000000000023
2163,135,15.199999999999969
2164,96,10.399999999999983
2165,206,24.100000000000065
2166,94,10.199999999999983
2167,581,71.50000000000018
2168,878,108.39999999999854
2169,250,30.300000000000125
2170,94,10.199999999999983
2171,168,19.400000000000013
2172,289,35.10000000000018
2173,511,62.700000000000486
2174,67,7.499999999999993
2175,577,70.2000000000002
2176,56,5.4999999999999964
2177,468,57.500000000000426
2178,209,24.40000000000007
2179,906,111.19999999999838
2180,177,21.200000000000024
2181,175,21.00000000000002
2182,205,24.000000000000064
2183,133,14.99999999999997
2184,213,25.700000000000074
2185,140,16.599999999999973
2186,494,60.10000000000046
2187,677,82.89999999999965
2188,509,62.50000000000048
2189,568,69.30000000000025
2190,97,10.499999999999982
2191,209,24.40000000000007
2192,133,14.99999999999997
2193,797,97.59999999999899
2194,97,10.499999999999982
2195,509,62.50000000000048
2196,578,70.3000000000002
2197,209,24.40000000000007
2198,174,20.90000000000002
2199,140,16.599999999999973
2200,247,30.00000000000012
2201,278,33.100000000000165
2202,164,19.000000000000007
2203,1844,228.3999999999932
2204,171,19.700000000000017
2205,618,76.09999999999998
2206,170,19.600000000000016
2207,1318,162.29999999999612
2208,546,67.10000000000038
2209,1175,145.2999999999969
2210,754,92.39999999999922
2211,436,53.40000000000038
2212,725,88.59999999999938
2213,134,15.09999999999997
2214,103,11.99999999999998
2215,1363,168.59999999999587
2216,137,16.29999999999997
2217,724,88.49999999999939
2218,1060,131.09999999999755
2219,284,34.60000000000017
2220,390,47.00000000000032
2221,284,34.60000000000017
2222,732,90.19999999999935
2223,460,55.800000000000416
2224,236,28.000000000000107
2225,2173,269.39999999999435
2226,323,39.400000000000226
2227,250,30.300000000000125
2228,242,28.600000000000115
2229,805,99.29999999999895
2230,1096,134.69999999999735
2231,386,46.600000000000314
2232,385,46.50000000000031
2233,124,14.099999999999973
2234,210,25.40000000000007
2235,504,61.10000000000048
2236,248,30.100000000000122
2237,174,20.90000000000002
2238,100,11.699999999999982
2239,242,28.600000000000115
2240,613,74.7
2241,280,33.30000000000017
2242,171,19.700000000000017
2243,359,43.900000000000276
2244,1651,203.69999999999428
2245,381,46.10000000000031
2246,436,53.40000000000038
2247,171,19.700000000000017
2248,280,33.30000000000017
2249,345,41.60000000000026
2250,1121,138.0999999999972
2251,455,55.30000000000041
2252,577,70.2000000000002
2253,250,30.300000000000125
2254,354,42.50000000000027
2255,87,9.499999999999986
2256,174,20.90000000000002
2257,319,38.10000000000022
2258,466,56.400000000000425
2259,64,7.199999999999994
2260,617,75.99999999999999
2261,102,11.89999999999998
2262,100,11.699999999999982
2263,60,5.899999999999995
2264,429,51.800000000000374
2265,427,51.60000000000037
2266,132,14.89999999999997
2267,724,88.49999999999939
2268,92,9.999999999999984
2269,678,82.99999999999964
2270,139,16.49999999999997
2271,322,39.300000000000225
2272,1648,203.3999999999943
2273,429,51.800000000000374
2274,464,56.20000000000042
2275,283,33.60000000000017
2276,214,25.800000000000075
2277,875,107.19999999999855
2278,213,25.700000000000074
2279,807,99.49999999999893
2280,60,5.899999999999995
2281,394,48.300000000000324
2282,205,24.000000000000064
2283,174,20.90000000000002
2284,59,5.799999999999995
2285,57,5.599999999999996
2286,611,74.50000000000001
2287,204,23.900000000000063
2288,435,53.30000000000038
2289,357,42.800000000000274
2290,139,16.49999999999997
2291,210,25.40000000000007
2292,383,46.30000000000031
2293,58,5.699999999999996
2294,64,7.199999999999994
2295,289,35.10000000000018
2296,281,33.40000000000017
2297,136,16.199999999999967
2298,93,10.099999999999984
2299,59,5.799999999999995
2300,57,5.599999999999996
2301,167,19.30000000000001
2302,319,38.10000000000022
2303,57,5.599999999999996
2304,168,19.400000000000013
2305,202,23.70000000000006
2306,439,53.70000000000039
2307,140,16.599999999999973
2308,57,5.599999999999996
2309,137,16.29999999999997
2310,170,19.600000000000016
2311,129,14.599999999999971
2312,579,70.40000000000019
2313,140,16.599999999999973
2314,102,11.89999999999998
2315,69,7.699999999999992
2316,132,14.89999999999997
2317,253,30.60000000000013
2318,91,9.899999999999984
2319,166,19.20000000000001
2320,284,34.60000000000017
2321,476,58.30000000000044
2322,141,16.699999999999974
2323,93,10.099999999999984
2324,67,7.499999999999993
2325,102,11.89999999999998
2326,210,25.40000000000007
2327,104,12.09999999999998
2328,135,15.199999999999969
2329,142,16.799999999999976
2330,544,66.90000000000039
2331,55,5.399999999999997
2332,463,56.10000000000042
2333,134,15.09999999999997
2334,67,7.499999999999993
2335,659,81.09999999999975
2336,212,25.600000000000072
2337,754,92.39999999999922
2338,56,5.4999999999999964
2339,139,16.49999999999997
2340,214,25.800000000000075
2341,171,19.700000000000017
2342,60,5.899999999999995
2343,86,9.399999999999986
2344,170,19.600000000000016
2345,100,11.699999999999982
2346,216,26.000000000000078
2347,173,20.80000000000002
2348,364,44.40000000000028
2349,90,9.799999999999985
2350,56,5.4999999999999964
2351,355,42.60000000000027
2352,138,16.39999999999997
2353,427,51.60000000000037
2354,69,7.699999999999992
2355,133,14.99999999999997
2356,67,7.499999999999993
2357,243,28.700000000000117
2358,129,14.599999999999971
2359,174,20.90000000000002
2360,134,15.09999999999997
2361,99,11.599999999999982
2362,67,7.499999999999993
2363,955,117.89999999999812
2364,138,16.39999999999997
2365,67,7.499999999999993
2366,244,28.800000000000118
2367,139,16.49999999999997
2368,428,51.70000000000037
2369,57,5.599999999999996
2370,57,5.599999999999996
2371,213,25.700000000000074
2372,125,14.199999999999973
2373,234,27.800000000000104
2374,658,80.99999999999976
2375,87,9.499999999999986
2376,88,9.599999999999985
2377,67,7.499999999999993
2378,135,15.199999999999969
2379,174,20.90000000000002
2380,768,94.69999999999915
2381,169,19.500000000000014
2382,1048,128.9999999999976
2383,95,10.299999999999983
2384,136,16.199999999999967
2385,1024,126.59999999999773
2386,170,19.600000000000016
2387,315,37.700000000000216
2388,455,55.30000000000041
2389,70,7.799999999999992
2390,213,25.700000000000074
2391,654,80.59999999999978
2392,103,11.99999999999998
2393,319,38.10000000000022
2394,289,35.10000000000018
2395,283,33.60000000000017
2396,132,14.89999999999997
2397,455,55.30000000000041
2398,318,38.00000000000022
2399,254,30.70000000000013
2400,275,32.80000000000016
2401,171,19.700000000000017
2402,309,37.10000000000021
2403,242,28.600000000000115
2404,126,14.299999999999972
2405,59,5.799999999999995
2406,385,46.50000000000031
2407,285,34.70000000000017
2408,56,5.4999999999999964
2409,580,71.40000000000019
2410,233,27.700000000000102
2411,123,13.999999999999973
2412,103,11.99999999999998
2413,546,67.10000000000038
2414,134,15.09999999999997
2415,66,7.399999999999993
2416,70,7.799999999999992
2417,212,25.600000000000072
2418,207,24.200000000000067
2419,91,9.899999999999984
2420,138,16.39999999999997
2421,63,7.099999999999994
2422,86,9.399999999999986
2423,93,10.099999999999984
2424,436,53.40000000000038
2425,506,62.20000000000048
2426,66,7.399999999999993
2427,139,16.49999999999997
2428,209,24.40000000000007
2429,100,11.699999999999982
2430,246,29.90000000000012
2431,168,19.400000000000013
2432,208,24.300000000000068
2433,209,24.40000000000007
2434,70,7.799999999999992
2435,247,30.00000000000012
2436,359,43.900000000000276
2437,207,24.200000000000067
2438,211,25.50000000000007
2439,174,20.90000000000002
2440,61,5.999999999999995
2441,99,11.599999999999982
2442,506,62.20000000000048
2443,177,21.200000000000024
2444,102,11.89999999999998
2445,62,6.999999999999995
2446,248,30.100000000000122
2447,251,30.400000000000126
2448,100,11.699999999999982
2449,245,28.90000000000012
2450,393,47.300000000000324
2451,289,35.10000000000018
2452,428,51.70000000000037
2453,507,62.30000000000048
2454,63,7.099999999999994
2455,809,99.69999999999892
2456,141,16.699999999999974
2457,248,30.100000000000122
2458,96,10.399999999999983
2459,468,57.500000000000426
2460,95,10.299999999999983
2461,169,19.500000000000014
2462,503,61.000000000000476
2463,134,15.09999999999997
2464,381,46.10000000000031
2465,247,30.00000000000012
2466,63,7.099999999999994
2467,397,48.60000000000033
2468,435,53.30000000000038
2469,440,53.80000000000039
2470,287,34.900000000000176
2471,96,10.399999999999983
2472,659,81.09999999999975
2473,1243,152.99999999999653
2474,613,74.7
2475,5644,700.2000000000711
2476,834,102.19999999999878
2477,654,80.59999999999978
2478,359,43.900000000000276
2479,361,44.10000000000028
2480,2984,370.3000000000123
2481,617,75.99999999999999
2482,543,66.8000000000004
2483,1068,131.8999999999975
2484,172,20.700000000000017
2485,1861,230.09999999999312
2486,2466,305.90000000000083
2487,1762,217.49999999999366
2488,1989,246.4999999999924
2489,254,30.70000000000013
2490,254,30.70000000000013
2491,3030,375.8000000000133
2492,2279,281.7999999999967
2493,1761,217.39999999999367
2494,1322,163.5999999999961
2495,1137,140.59999999999712
2496,324,39.50000000000023
2497,2988,370.7000000000124
2498,251,30.400000000000126
2499,215,25.900000000000077
2500,1142,141.0999999999971
2501,622,76.49999999999996
2502,67,7.499999999999993
2503,991,122.39999999999792
2504,1212,149.8999999999967
2505,1024,126.59999999999773
2506,990,122.29999999999792
2507,992,122.49999999999791
2508,2101,260.39999999999276
2509,1690,209.39999999999407
2510,542,66.7000000000004
2511,244,28.800000000000118
2512,132,14.89999999999997
2513,177,21.200000000000024
2514,471,57.80000000000043
2515,360,44.00000000000028
2516,50,4.899999999999999
2517,952,117.59999999999813
2518,68,7.5999999999999925
1,1359,168.1999999999959
2,50,4.899999999999999
3,250,30.300000000000125
4,508,62.40000000000048
5,2613,323.3000000000041
6,1062,131.29999999999754
7,772,95.09999999999913
8,1063,131.39999999999753
9,1805,223.59999999999343
10,66,7.399999999999993
11,988,122.09999999999793
12,1991,246.6999999999924
13,173,20.80000000000002
14,604,73.80000000000005
15,507,62.30000000000048
16,804,99.19999999999895
17,2097,259.99999999999267
18,159,18.5
19,662,81.39999999999974
20,736,90.59999999999933
21,1911,235.99999999999284
22,768,94.69999999999915
23,807,99.49999999999893
24,6466,803.1000000000893
25,175,21.00000000000002
26,1244,153.09999999999653
27,974,119.79999999999801
28,3655,453.60000000002714
29,765,94.39999999999917
30,1422,175.39999999999554
31,1026,126.79999999999772
32,141,16.699999999999974
33,3200,396.4000000000171
34,766,94.49999999999916
35,3052,378.0000000000138
36,18746,2329.8999999991993
37,611,74.50000000000001
38,1507,186.59999999999508
39,5462,677.5000000000671
40,247,30.00000000000012
41,2983,369.3000000000123
42,1617,200.29999999999447
43,3276,405.80000000001877
44,5156,639.7000000000603
45,5324,661.000000000064
46,884,108.99999999999851
47,3023,375.10000000001315
48,2503,309.60000000000167
49,28427,3532.8999999983425
50,50,4.899999999999999
51,12077,1500.0999999997891
52,8645,1073.2000000000928
53,973,119.69999999999801
54,50,4.899999999999999
55,4008,497.00000000003496
56,9891,1228.3999999999826
57,254,30.70000000000013
58,6390,793.7000000000876
59,23672,2942.1999999987634
60,7722,959.300000000117
61,1835,226.59999999999326
62,5679,704.6000000000719
63,88,9.599999999999985
64,3933,487.7000000000333
65,50,4.899999999999999
66,278,33.100000000000165
67,506,62.20000000000048
68,542,66.7000000000004
69,7937,985.3000000001218
70,2500,309.3000000000016
71,1397,172.89999999999569
72,918,113.29999999999832
73,394,48.300000000000324
74,17413,2163.299999999317
75,6942,861.5000000000998
76,13385,1663.2999999996734
77,41081,5106.100000000819
78,2493,308.60000000000144
79,2232,276.19999999999567
80,272,32.500000000000156
81,1455,179.59999999999536
82,13783,1712.0999999996382
83,41138,5113.600000000839
84,3915,485.9000000000329
85,1163,143.19999999999698
86,45949,5711.700000002542
87,315,37.700000000000216
88,1103,136.2999999999973
89,12937,1606.799999999713
90,7794,968.3000000001186
91,26949,3349.0999999984733
92,33845,4206.999999998257
93,14200,1764.5999999996013
94,988,122.09999999999793
95,1565,193.29999999999475
96,2455,303.9000000000006
97,1423,175.49999999999554
98,17124,2128.099999999343
99,1919,237.6999999999928
100,3322,412.20000000001977
101,106,12.29999999999998
102,22810,2834.3999999988396
103,727,88.79999999999937
104,38763,4817.5999999999985
105,23099,2870.499999998814
106,2014,248.99999999999227
107,20195,2509.899999999071
108,1319,162.3999999999961
109,16380,2035.6999999994084
110,29728,3694.4999999982274
111,1421,175.29999999999555
112,6385,792.3000000000875
113,14124,1755.199999999608
114,19818,2462.2999999991043
115,5942,737.2000000000777
116,2311,285.8999999999974
117,97,10.499999999999982
118,6562,814.5000000000914
119,87,9.499999999999986
120,2066,255.99999999999199
121,52,5.099999999999998
122,661,81.29999999999974
123,402,49.100000000000335
124,30617,3804.9999999981487
125,24330,3023.299999998705
126,751,92.09999999999924
127,95,10.299999999999983
128,93,10.099999999999984
129,3933,487.7000000000333
130,1134,140.29999999999714
131,9578,1189.9000000000103
132,6026,748.3000000000795
133,6893,855.7000000000987
134,4688,582.1000000000499
135,2245,278.39999999999594
136,3938,488.2000000000334
137,2837,352.00000000000904
138,7015,870.6000000001014
139,19918,2474.9999999990955
140,3608,447.1000000000261
